normalized_label,country_count,variable_count,countries,variables,examples
age at death,38,96,Angola | Benin | Burkina Faso | Burundi | Camarões | Chade | Comores | Congo (Brazzaville) | Congo (República Democrática) | Costa do Marfim | Eswatini (Suazilândia) | Etiópia | Gabão | Gana | Guiné | Gâmbia | Lesoto | Libéria | Madagascar | Malaui | Mali | Moçambique | Namíbia | Nigéria | Níger | Quênia | República Centro-Africana | Ruanda | Senegal | Serra Leoa | Sudão | São Tomé e Príncipe | Tanzânia | Togo | Zimbábue | Zâmbia | África do Sul | África do Sul (Histórico/Outro),b6 | b6_01 | b6_02 | b6_03 | b6_04 | b6_05 | b6_06 | b6_07 | b6_08 | b6_09 | b6_1 | b6_10 | b6_11 | b6_12 | b6_13 | b6_14 | b6_15 | b6_16 | b6_17 | b6_18 | b6_19 | b6_2 | b6_20 | b6_21 | b6_3 | p224 | p224_01 | p224_02 | p224_03 | p224_04 | p224_05 | p224_06 | p224_07 | p224_08 | p224_09 | p224_10 | p224_11 | p224_12 | p224_13 | p224_14 | p6_01 | p6_02 | p6_03 | p6_04 | p6_05 | p6_06 | p6_07 | p6_08 | p6_09 | p6_10 | p6_11 | p6_12 | p6_13 | p6_14 | p6_15 | p6_16 | p6_17 | p6_18 | p6_19 | p6_20 | p6_21 | q104 | s224 | s224_01 | s224_02 | s224_03 | s224_04 | s224_05 | s224_06 | s224_07 | s224_08 | s224_09 | s224_10 | s224_11 | s224_12 | s224_13 | s224_14 | s224_15 | s224_16 | s224_17 | s224_18 | s224_19 | s224_20 | sh156_1 | sh156_2 | sh156_3 | sh156_4 | sh206_1 | sh206_2 | sh206_3 | sh206_4 | sm605 | sm905 | va104 | va304 | vah32g,Age at death | NA - Age at death | age at death | age at death               -na | na - age at death
age at death months imputed,38,82,Angola | Benin | Burkina Faso | Burundi | Camarões | Chade | Comores | Congo (Brazzaville) | Congo (República Democrática) | Costa do Marfim | Eswatini (Suazilândia) | Etiópia | Gabão | Gana | Guiné | Gâmbia | Lesoto | Libéria | Madagascar | Malaui | Mali | Moçambique | Namíbia | Nigéria | Níger | Quênia | República Centro-Africana | Ruanda | Senegal | Serra Leoa | Sudão | São Tomé e Príncipe | Tanzânia | Togo | Zimbábue | Zâmbia | África do Sul | África do Sul (Histórico/Outro),b7 | b7_01 | b7_02 | b7_03 | b7_04 | b7_05 | b7_06 | b7_07 | b7_08 | b7_09 | b7_1 | b7_10 | b7_11 | b7_12 | b7_13 | b7_14 | b7_15 | b7_16 | b7_17 | b7_18 | b7_19 | b7_2 | b7_20 | b7_21 | b7_3 | p224c | p224c_01 | p224c_02 | p224c_03 | p224c_04 | p224c_05 | p224c_06 | p224c_07 | p224c_08 | p224c_09 | p224c_10 | p224c_11 | p224c_12 | p224c_13 | p224c_14 | p7_01 | p7_02 | p7_03 | p7_04 | p7_05 | p7_06 | p7_07 | p7_08 | p7_09 | p7_10 | p7_11 | p7_12 | p7_13 | p7_14 | p7_15 | p7_16 | p7_17 | p7_18 | p7_19 | p7_20 | p7_21 | s224c | s224c_01 | s224c_02 | s224c_03 | s224c_04 | s224c_05 | s224c_06 | s224c_07 | s224c_08 | s224c_09 | s224c_10 | s224c_11 | s224c_12 | s224c_13 | s224c_14 | s224c_15 | s224c_16 | s224c_17 | s224c_18 | s224c_19 | s224c_20,"Age at death (months, imputed) | Age at death (months-imputed) | NA - Age at death (months, imputed) | age at death (months, imputed) | age at death (months-imputed) | age at death months (imputed) | age at death months(imputed) | na - age at death (months, imputed)"
age at sterilization,38,2,Angola | Benin | Burkina Faso | Burundi | Camarões | Chade | Comores | Congo (Brazzaville) | Congo (República Democrática) | Costa do Marfim | Eswatini (Suazilândia) | Etiópia | Gabão | Gana | Guiné | Gâmbia | Lesoto | Libéria | Madagascar | Malaui | Mali | Moçambique | Namíbia | Nigéria | Níger | Quênia | República Centro-Africana | Ruanda | Senegal | Serra Leoa | Sudão | São Tomé e Príncipe | Tanzânia | Togo | Zimbábue | Zâmbia | África do Sul | África do Sul (Histórico/Outro),s321a | v320,Age at sterilization | age at sterilization | age at sterilization       -na | na - age at sterilization
age of respondent at 1st birth,38,2,Angola | Benin | Burkina Faso | Burundi | Camarões | Chade | Comores | Congo (Brazzaville) | Congo (República Democrática) | Costa do Marfim | Eswatini (Suazilândia) | Etiópia | Gabão | Gana | Guiné | Gâmbia | Lesoto | Libéria | Madagascar | Malaui | Mali | Moçambique | Namíbia | Nigéria | Níger | Quênia | República Centro-Africana | Ruanda | Senegal | Serra Leoa | Sudão | São Tomé e Príncipe | Tanzânia | Togo | Zimbábue | Zâmbia | África do Sul | África do Sul (Histórico/Outro),mv212 | v212,Age of respondent at 1st birth | NA - Age of respondent at 1st birth | age of respondent at 1st birth | age of respondent at 1st birth -na | age of respondent at 1st birth {na} | na -  age of respondent at 1st birth | na - age of respondent at 1st birth
assistant measurer s code,38,3,Angola | Benin | Burkina Faso | Burundi | Camarões | Chade | Comores | Congo (Brazzaville) | Congo (República Democrática) | Costa do Marfim | Eswatini (Suazilândia) | Etiópia | Gabão | Gana | Guiné | Gâmbia | Lesoto | Libéria | Madagascar | Malaui | Mali | Moçambique | Namíbia | Nigéria | Níger | Quênia | República Centro-Africana | Ruanda | Senegal | Serra Leoa | Sudão | São Tomé e Príncipe | Tanzânia | Togo | Zimbábue | Zâmbia | África do Sul | África do Sul (Histórico/Outro),mnv421 | s1111b | v421,"Assistant measurer's code | NA - Assistant measurer's code | NA-Assistant measurer's code | [na] assistant measurer's code | assistant measurer s code | assistant measurer"" s code | assistant measurer's code | assistant measurer's code  -na"
bcg day,38,28,Angola | Benin | Burkina Faso | Burundi | Camarões | Chade | Comores | Congo (Brazzaville) | Congo (República Democrática) | Costa do Marfim | Eswatini (Suazilândia) | Etiópia | Gabão | Gana | Guiné | Gâmbia | Lesoto | Libéria | Madagascar | Malaui | Mali | Moçambique | Namíbia | Nigéria | Níger | Quênia | República Centro-Africana | Ruanda | Senegal | Serra Leoa | Sudão | São Tomé e Príncipe | Tanzânia | Togo | Zimbábue | Zâmbia | África do Sul | África do Sul (Histórico/Outro),h2d | h2d_1 | h2d_2 | h2d_3 | h2d_4 | h2d_5 | h2d_6 | s4bd | s4bd_1 | s4bd_2 | s4bd_3 | s4bd_4 | s4bd_5 | s4bd_6 | sd104b | sd104b_1 | sd104b_2 | sd104b_3 | sd104b_4 | sd104b_5 | sd104b_6 | sd1508b | sd1508b_1 | sd1508b_2 | sd1508b_3 | sd1508b_4 | sd1508b_5 | sd1508b_6,BCG day | NA - BCG day | bcg day | bcg day - na | na - bcg day
bcg month,38,35,Angola | Benin | Burkina Faso | Burundi | Camarões | Chade | Comores | Congo (Brazzaville) | Congo (República Democrática) | Costa do Marfim | Eswatini (Suazilândia) | Etiópia | Gabão | Gana | Guiné | Gâmbia | Lesoto | Libéria | Madagascar | Malaui | Mali | Moçambique | Namíbia | Nigéria | Níger | Quênia | República Centro-Africana | Ruanda | Senegal | Serra Leoa | Sudão | São Tomé e Príncipe | Tanzânia | Togo | Zimbábue | Zâmbia | África do Sul | África do Sul (Histórico/Outro),h2m | h2m_1 | h2m_2 | h2m_3 | h2m_4 | h2m_5 | h2m_6 | mvita | mvita_1 | mvita_2 | mvita_3 | mvita_4 | mvita_5 | mvita_6 | s4bm | s4bm_1 | s4bm_2 | s4bm_3 | s4bm_4 | s4bm_5 | s4bm_6 | sm104b | sm104b_1 | sm104b_2 | sm104b_3 | sm104b_4 | sm104b_5 | sm104b_6 | sm1508b | sm1508b_1 | sm1508b_2 | sm1508b_3 | sm1508b_4 | sm1508b_5 | sm1508b_6,BCG month | NA - BCG month | bcg month | bcg month - na | na - bcg month
bcg year,38,28,Angola | Benin | Burkina Faso | Burundi | Camarões | Chade | Comores | Congo (Brazzaville) | Congo (República Democrática) | Costa do Marfim | Eswatini (Suazilândia) | Etiópia | Gabão | Gana | Guiné | Gâmbia | Lesoto | Libéria | Madagascar | Malaui | Mali | Moçambique | Namíbia | Nigéria | Níger | Quênia | República Centro-Africana | Ruanda | Senegal | Serra Leoa | Sudão | São Tomé e Príncipe | Tanzânia | Togo | Zimbábue | Zâmbia | África do Sul | África do Sul (Histórico/Outro),h2y | h2y_1 | h2y_2 | h2y_3 | h2y_4 | h2y_5 | h2y_6 | s4by | s4by_1 | s4by_2 | s4by_3 | s4by_4 | s4by_5 | s4by_6 | sy104b | sy104b_1 | sy104b_2 | sy104b_3 | sy104b_4 | sy104b_5 | sy104b_6 | sy1508b | sy1508b_1 | sy1508b_2 | sy1508b_3 | sy1508b_4 | sy1508b_5 | sy1508b_6,BCG year | NA - BCG year | bcg year | bcg year - na | na - bcg year
birth column number,38,25,Angola | Benin | Burkina Faso | Burundi | Camarões | Chade | Comores | Congo (Brazzaville) | Congo (República Democrática) | Costa do Marfim | Eswatini (Suazilândia) | Etiópia | Gabão | Gana | Guiné | Gâmbia | Lesoto | Libéria | Madagascar | Malaui | Mali | Moçambique | Namíbia | Nigéria | Níger | Quênia | República Centro-Africana | Ruanda | Senegal | Serra Leoa | Sudão | São Tomé e Príncipe | Tanzânia | Togo | Zimbábue | Zâmbia | África do Sul | África do Sul (Histórico/Outro),bidx | bidx_01 | bidx_02 | bidx_03 | bidx_04 | bidx_05 | bidx_06 | bidx_07 | bidx_08 | bidx_09 | bidx_1 | bidx_10 | bidx_11 | bidx_12 | bidx_13 | bidx_14 | bidx_15 | bidx_16 | bidx_17 | bidx_18 | bidx_19 | bidx_2 | bidx_20 | bidx_21 | bidx_3,Birth column number | birth column number
birth order number,38,95,Angola | Benin | Burkina Faso | Burundi | Camarões | Chade | Comores | Congo (Brazzaville) | Congo (República Democrática) | Costa do Marfim | Eswatini (Suazilândia) | Etiópia | Gabão | Gana | Guiné | Gâmbia | Lesoto | Libéria | Madagascar | Malaui | Mali | Moçambique | Namíbia | Nigéria | Níger | Quênia | República Centro-Africana | Ruanda | Senegal | Serra Leoa | Sudão | São Tomé e Príncipe | Tanzânia | Togo | Zimbábue | Zâmbia | África do Sul | África do Sul (Histórico/Outro),bord | bord98 | bord98_1 | bord98_2 | bord98_3 | bord98_4 | bord98_5 | bord98_6 | bord98_7 | bord_01 | bord_02 | bord_03 | bord_04 | bord_05 | bord_06 | bord_07 | bord_08 | bord_09 | bord_1 | bord_10 | bord_11 | bord_12 | bord_13 | bord_14 | bord_15 | bord_16 | bord_17 | bord_18 | bord_19 | bord_2 | bord_20 | bord_21 | bord_3 | hc64 | hc64_01 | hc64_02 | hc64_03 | hc64_04 | hc64_05 | hc64_06 | hc64_07 | hc64_08 | hc64_09 | hc64_1 | hc64_10 | hc64_11 | hc64_12 | hc64_13 | hc64_14 | hc64_15 | hc64_16 | hc64_17 | hc64_18 | hc64_19 | hc64_2 | hc64_20 | hc64_21 | hc64_22 | hc64_23 | hc64_24 | hc64_25 | hc64_26 | hc64_3 | hc64_4 | hc64_5 | hc64_6 | hc64_7 | hc64_8 | hc64_9 | hk64 | hk64_01 | hk64_02 | hk64_03 | hk64_04 | hk64_05 | hk64_06 | hk64_07 | hk64_08 | hk64_09 | hk64_10 | mhc64 | mhc64_01 | mhc64_02 | mhc64_03 | mhc64_04 | mhc64_05 | mhc64_06 | mhc64_07 | mhc64_08 | mhc64_09 | mhc64_1 | mhc64_10 | mhc64_2 | mhc64_3 | mhc64_4,Birth order number | birth order number | birth order number         -na | birth order number - na
births in last five years,38,1,Angola | Benin | Burkina Faso | Burundi | Camarões | Chade | Comores | Congo (Brazzaville) | Congo (República Democrática) | Costa do Marfim | Eswatini (Suazilândia) | Etiópia | Gabão | Gana | Guiné | Gâmbia | Lesoto | Libéria | Madagascar | Malaui | Mali | Moçambique | Namíbia | Nigéria | Níger | Quênia | República Centro-Africana | Ruanda | Senegal | Serra Leoa | Sudão | São Tomé e Príncipe | Tanzânia | Togo | Zimbábue | Zâmbia | África do Sul | África do Sul (Histórico/Outro),v208,Births in last five years | births in last five years | na - births in last five years
births in month of interview,38,1,Angola | Benin | Burkina Faso | Burundi | Camarões | Chade | Comores | Congo (Brazzaville) | Congo (República Democrática) | Costa do Marfim | Eswatini (Suazilândia) | Etiópia | Gabão | Gana | Guiné | Gâmbia | Lesoto | Libéria | Madagascar | Malaui | Mali | Moçambique | Namíbia | Nigéria | Níger | Quênia | República Centro-Africana | Ruanda | Senegal | Serra Leoa | Sudão | São Tomé e Príncipe | Tanzânia | Togo | Zimbábue | Zâmbia | África do Sul | África do Sul (Histórico/Outro),v210,Births in month of interview | births in month of interview | na - births in month of interview
births in past year,38,1,Angola | Benin | Burkina Faso | Burundi | Camarões | Chade | Comores | Congo (Brazzaville) | Congo (República Democrática) | Costa do Marfim | Eswatini (Suazilândia) | Etiópia | Gabão | Gana | Guiné | Gâmbia | Lesoto | Libéria | Madagascar | Malaui | Mali | Moçambique | Namíbia | Nigéria | Níger | Quênia | República Centro-Africana | Ruanda | Senegal | Serra Leoa | Sudão | São Tomé e Príncipe | Tanzânia | Togo | Zimbábue | Zâmbia | África do Sul | África do Sul (Histórico/Outro),v209,Births in past year | births in past year | na - births in past year
brand of pill used,38,1,Angola | Benin | Burkina Faso | Burundi | Camarões | Chade | Comores | Congo (Brazzaville) | Congo (República Democrática) | Costa do Marfim | Eswatini (Suazilândia) | Etiópia | Gabão | Gana | Guiné | Gâmbia | Lesoto | Libéria | Madagascar | Malaui | Mali | Moçambique | Namíbia | Nigéria | Níger | Quênia | República Centro-Africana | Ruanda | Senegal | Serra Leoa | Sudão | São Tomé e Príncipe | Tanzânia | Togo | Zimbábue | Zâmbia | África do Sul | África do Sul (Histórico/Outro),v323,Brand of pill used | [na] brand of pill used | brand of pill used | brand of pill used         -na | brand of pill used        - na | brand of pill used -        na | brand of pill used - na | brand of pill used -na
case identification,38,5,Angola | Benin | Burkina Faso | Burundi | Camarões | Chade | Comores | Congo (Brazzaville) | Congo (República Democrática) | Costa do Marfim | Eswatini (Suazilândia) | Etiópia | Gabão | Gana | Guiné | Gâmbia | Lesoto | Libéria | Madagascar | Malaui | Mali | Moçambique | Namíbia | Nigéria | Níger | Quênia | República Centro-Africana | Ruanda | Senegal | Serra Leoa | Sudão | São Tomé e Príncipe | Tanzânia | Togo | Zimbábue | Zâmbia | África do Sul | África do Sul (Histórico/Outro),caseid | hhid | hwcaseid | hwhhid | mcaseid,Case Identification | case identification
child is alive,38,46,Angola | Benin | Burkina Faso | Burundi | Camarões | Chade | Comores | Congo (Brazzaville) | Congo (República Democrática) | Costa do Marfim | Eswatini (Suazilândia) | Etiópia | Gabão | Gana | Guiné | Gâmbia | Lesoto | Libéria | Madagascar | Malaui | Mali | Moçambique | Namíbia | Nigéria | Níger | Quênia | República Centro-Africana | Ruanda | Senegal | Serra Leoa | Sudão | São Tomé e Príncipe | Tanzânia | Togo | Zimbábue | Zâmbia | África do Sul | África do Sul (Histórico/Outro),b5 | b5_01 | b5_02 | b5_03 | b5_04 | b5_05 | b5_06 | b5_07 | b5_08 | b5_09 | b5_1 | b5_10 | b5_11 | b5_12 | b5_13 | b5_14 | b5_15 | b5_16 | b5_17 | b5_18 | b5_19 | b5_2 | b5_20 | b5_21 | b5_3 | p5_01 | p5_02 | p5_03 | p5_04 | p5_05 | p5_06 | p5_07 | p5_08 | p5_09 | p5_10 | p5_11 | p5_12 | p5_13 | p5_14 | p5_15 | p5_16 | p5_17 | p5_18 | p5_19 | p5_20 | p5_21,Child is alive | child is alive
child is twin,38,25,Angola | Benin | Burkina Faso | Burundi | Camarões | Chade | Comores | Congo (Brazzaville) | Congo (República Democrática) | Costa do Marfim | Eswatini (Suazilândia) | Etiópia | Gabão | Gana | Guiné | Gâmbia | Lesoto | Libéria | Madagascar | Malaui | Mali | Moçambique | Namíbia | Nigéria | Níger | Quênia | República Centro-Africana | Ruanda | Senegal | Serra Leoa | Sudão | São Tomé e Príncipe | Tanzânia | Togo | Zimbábue | Zâmbia | África do Sul | África do Sul (Histórico/Outro),b0 | b0_01 | b0_02 | b0_03 | b0_04 | b0_05 | b0_06 | b0_07 | b0_08 | b0_09 | b0_1 | b0_10 | b0_11 | b0_12 | b0_13 | b0_14 | b0_15 | b0_16 | b0_17 | b0_18 | b0_19 | b0_2 | b0_20 | b0_21 | b0_3,Child is twin | child is twin
childhood place of residence,38,8,Angola | Benin | Burkina Faso | Burundi | Camarões | Chade | Comores | Congo (Brazzaville) | Congo (República Democrática) | Costa do Marfim | Eswatini (Suazilândia) | Etiópia | Gabão | Gana | Guiné | Gâmbia | Lesoto | Libéria | Madagascar | Malaui | Mali | Moçambique | Namíbia | Nigéria | Níger | Quênia | República Centro-Africana | Ruanda | Senegal | Serra Leoa | Sudão | São Tomé e Príncipe | Tanzânia | Togo | Zimbábue | Zâmbia | África do Sul | África do Sul (Histórico/Outro),mv103 | s102 | s104 | sm102 | sm104 | v103 | w102 | w104,Childhood place of residence | Childhood place of residence*** | NA - Childhood place of residence | NA - Childhood place of residence*** | NA-Childhood place of residence | NA-Childhood place of residence*** | [na] childhood place of residence | childhood place of residence
cluster number,38,26,Angola | Benin | Burkina Faso | Burundi | Camarões | Chade | Comores | Congo (Brazzaville) | Congo (República Democrática) | Costa do Marfim | Eswatini (Suazilândia) | Etiópia | Gabão | Gana | Guiné | Gâmbia | Lesoto | Libéria | Madagascar | Malaui | Mali | Moçambique | Namíbia | Nigéria | Níger | Quênia | República Centro-Africana | Ruanda | Senegal | Serra Leoa | Sudão | São Tomé e Príncipe | Tanzânia | Togo | Zimbábue | Zâmbia | África do Sul | África do Sul (Histórico/Outro),aclust7 | aclust8 | acluster | aclustno | c7clus_1 | c7clus_2 | ccluster | chclust | cluster | dcclust | hclust | hcluster | hhclust | hv001 | mv001 | qcluster | qhclust | qvhclust | sclu | sh311 | sheacode | smgrappe | v001 | va001 | vaclust | vah001,Cluster number | cluster number | cluster number             -na
completeness of information,38,180,Angola | Benin | Burkina Faso | Burundi | Camarões | Chade | Comores | Congo (Brazzaville) | Congo (República Democrática) | Costa do Marfim | Eswatini (Suazilândia) | Etiópia | Gabão | Gana | Guiné | Gâmbia | Lesoto | Libéria | Madagascar | Malaui | Mali | Moçambique | Namíbia | Nigéria | Níger | Quênia | República Centro-Africana | Ruanda | Senegal | Serra Leoa | Sudão | São Tomé e Príncipe | Tanzânia | Togo | Zimbábue | Zâmbia | África do Sul | África do Sul (Histórico/Outro),b10 | b10_01 | b10_02 | b10_03 | b10_04 | b10_05 | b10_06 | b10_07 | b10_08 | b10_09 | b10_1 | b10_10 | b10_11 | b10_12 | b10_13 | b10_14 | b10_15 | b10_16 | b10_17 | b10_18 | b10_19 | b10_2 | b10_20 | b10_21 | b10_3 | ha33 | ha33_01 | ha33_02 | ha33_03 | ha33_04 | ha33_05 | ha33_06 | ha33_07 | ha33_08 | ha33_09 | ha33_1 | ha33_10 | ha33_11 | ha33_12 | ha33_13 | ha33_14 | ha33_15 | ha33_16 | ha33_17 | ha33_18 | ha33_19 | ha33_2 | ha33_20 | ha33_21 | ha33_3 | ha33_4 | ha33_5 | ha33_6 | ha33_7 | ha33_8 | ha33_9 | hb33 | hb33_01 | hb33_02 | hb33_03 | hb33_04 | hb33_05 | hb33_06 | hb33_07 | hb33_08 | hb33_09 | hb33_1 | hb33_10 | hb33_11 | hb33_12 | hb33_13 | hb33_14 | hb33_15 | hb33_16 | hb33_17 | hb33_18 | hb33_19 | hb33_2 | hb33_20 | hb33_3 | hb33_4 | hb33_5 | hb33_6 | hb33_7 | hb33_8 | hc33 | hc33_01 | hc33_02 | hc33_03 | hc33_04 | hc33_05 | hc33_06 | hc33_07 | hc33_08 | hc33_09 | hc33_1 | hc33_10 | hc33_11 | hc33_12 | hc33_13 | hc33_14 | hc33_15 | hc33_16 | hc33_17 | hc33_2 | hc33_3 | hc33_4 | hc33_5 | hc33_6 | hc33_7 | hc33_8 | hc33_9 | he33 | he33_1 | he33_2 | he33_3 | he33_4 | hk33 | hk33_01 | hk33_02 | hk33_03 | hk33_04 | hk33_05 | hk33_06 | hk33_07 | hk33_08 | hk33_09 | hk33_10 | hy33 | hy33_1 | hy33_2 | hy33_3 | hy33_4 | hy33_5 | hy33_6 | hy33_7 | mv014 | p10_01 | p10_02 | p10_03 | p10_04 | p10_05 | p10_06 | p10_07 | p10_08 | p10_09 | p10_10 | p10_11 | p10_12 | p10_13 | p10_14 | p10_15 | p10_16 | p10_17 | p10_18 | p10_19 | p10_20 | p10_21 | shm33 | shm33_01 | shm33_02 | shm33_03 | shm33_04 | shm33_05 | shm33_06 | shm33_07 | shm33_08 | shm33_09 | shm33_10 | shm33_11 | shm33_12 | shm33_13 | sm102f | sm112f | sm221f | v014 | v223 | v318 | v345 | v354,Completeness of information | completeness of information | completeness of information - na | completeness of information-na | na - completeness of information
current age of child,38,98,Angola | Benin | Burkina Faso | Burundi | Camarões | Chade | Comores | Congo (Brazzaville) | Congo (República Democrática) | Costa do Marfim | Eswatini (Suazilândia) | Etiópia | Gabão | Gana | Guiné | Gâmbia | Lesoto | Libéria | Madagascar | Malaui | Mali | Moçambique | Namíbia | Nigéria | Níger | Quênia | República Centro-Africana | Ruanda | Senegal | Serra Leoa | Sudão | São Tomé e Príncipe | Tanzânia | Togo | Zimbábue | Zâmbia | África do Sul | África do Sul (Histórico/Outro),b8 | b8_01 | b8_02 | b8_03 | b8_04 | b8_05 | b8_06 | b8_07 | b8_08 | b8_09 | b8_1 | b8_10 | b8_11 | b8_12 | b8_13 | b8_14 | b8_15 | b8_16 | b8_17 | b8_18 | b8_19 | b8_2 | b8_20 | b8_21 | b8_3 | p222 | p222_01 | p222_02 | p222_03 | p222_04 | p222_05 | p222_06 | p222_07 | p222_08 | p222_09 | p222_10 | p222_11 | p222_12 | p222_13 | p222_14 | p8_01 | p8_02 | p8_03 | p8_04 | p8_05 | p8_06 | p8_07 | p8_08 | p8_09 | p8_10 | p8_11 | p8_12 | p8_13 | p8_14 | p8_15 | p8_16 | p8_17 | p8_18 | p8_19 | p8_20 | p8_21 | q226_01 | q226_02 | q226_03 | q226_04 | q226_05 | q226_06 | q226_07 | q226_08 | q226_09 | q226_10 | q226_11 | q226_12 | q226_13 | q226_14 | q226_15 | q226_16 | s222 | s222_01 | s222_02 | s222_03 | s222_04 | s222_05 | s222_06 | s222_07 | s222_08 | s222_09 | s222_10 | s222_11 | s222_12 | s222_13 | s222_14 | s222_15 | s222_16 | s222_17 | s222_18 | s222_19 | s222_20,Current age of child | current age of child
current contraceptive method,38,17,Angola | Benin | Burkina Faso | Burundi | Camarões | Chade | Comores | Congo (Brazzaville) | Congo (República Democrática) | Costa do Marfim | Eswatini (Suazilândia) | Etiópia | Gabão | Gana | Guiné | Gâmbia | Lesoto | Libéria | Madagascar | Malaui | Mali | Moçambique | Namíbia | Nigéria | Níger | Quênia | República Centro-Africana | Ruanda | Senegal | Serra Leoa | Sudão | São Tomé e Príncipe | Tanzânia | Togo | Zimbábue | Zâmbia | África do Sul | África do Sul (Histórico/Outro),mv312 | q304 | q308 | q610 | s226b | s311 | s312 | sm308m_1 | sm308m_2 | sm308m_3 | sm308m_4 | sm308m_5 | smq208 | smv312 | v312 | w311a | w311b,Current contraceptive method | current contraceptive method | current contraceptive method {na} | na - current contraceptive method | na-current contraceptive method
current marital status,38,142,Angola | Benin | Burkina Faso | Burundi | Camarões | Chade | Comores | Congo (Brazzaville) | Congo (República Democrática) | Costa do Marfim | Eswatini (Suazilândia) | Etiópia | Gabão | Gana | Guiné | Gâmbia | Lesoto | Libéria | Madagascar | Malaui | Mali | Moçambique | Namíbia | Nigéria | Níger | Quênia | República Centro-Africana | Ruanda | Senegal | Serra Leoa | Sudão | São Tomé e Príncipe | Tanzânia | Togo | Zimbábue | Zâmbia | África do Sul | África do Sul (Histórico/Outro),ha73 | ha73_01 | ha73_02 | ha73_03 | ha73_04 | ha73_05 | ha73_06 | ha73_07 | ha73_08 | ha73_09 | ha73_10 | ha73_11 | ha73_12 | ha73_13 | ha73_14 | ha73_15 | ha73_16 | ha73_17 | ha73_18 | ha73_19 | ha73_20 | ha73_21 | ha73_22 | ha73_23 | ha73_24 | ha73_25 | ha73_26 | ha73_27 | ha73_28 | ha73_29 | ha73_30 | ha73_31 | hv115 | hv115_01 | hv115_02 | hv115_03 | hv115_04 | hv115_05 | hv115_06 | hv115_07 | hv115_08 | hv115_09 | hv115_10 | hv115_11 | hv115_12 | hv115_13 | hv115_14 | hv115_15 | hv115_16 | hv115_17 | hv115_18 | hv115_19 | hv115_20 | hv115_21 | hv115_22 | hv115_23 | hv115_24 | hv115_25 | hv115_26 | hv115_27 | hv115_28 | hv115_29 | hv115_30 | hv115_31 | hv115_32 | hv115_33 | hv115_34 | hv115_35 | hv115_36 | hv115_37 | hv115_38 | hv115_39 | hv115_40 | hv115_41 | hv115_42 | hv115_43 | hv115_44 | hv115_45 | hv115_46 | hv115_47 | hv115_48 | hv115_49 | hv115_50 | hv115_51 | hv115_52 | hv115_53 | hv115_54 | hv115_55 | hv115_56 | hv115_57 | hv115_58 | hv115_59 | hv115_60 | hv115_61 | hv115_62 | hv115_63 | hv115_64 | hv115_65 | hv115_66 | hv115_67 | hv115_68 | hv115_69 | hv115_70 | hv115_71 | hv115_72 | hv115_73 | hv115_74 | hv115_75 | hv115_76 | hv115_77 | hv115_78 | hv115_79 | hv115_80 | hv115_81 | hv115_82 | hv115_83 | hv115_84 | hv115_85 | hv115_86 | hv115_87 | hv115_88 | hv115_89 | hv115_90 | hv115_91 | hv115_92 | hv115_93 | hv115_94 | hv115_95 | hv115_96 | hv115_97 | hv115_98 | hv115_99 | mv501 | q122 | q406 | q703 | qm406 | s502 | sm401 | sm408 | v501 | w404,Current marital status | NA - Current marital status | current marital status | current marital status      na | current marital status      na! | current marital status     -na | current marital status    - na | current marital status    - na!
current use by method type,38,3,Angola | Benin | Burkina Faso | Burundi | Camarões | Chade | Comores | Congo (Brazzaville) | Congo (República Democrática) | Costa do Marfim | Eswatini (Suazilândia) | Etiópia | Gabão | Gana | Guiné | Gâmbia | Lesoto | Libéria | Madagascar | Malaui | Mali | Moçambique | Namíbia | Nigéria | Níger | Quênia | República Centro-Africana | Ruanda | Senegal | Serra Leoa | Sudão | São Tomé e Príncipe | Tanzânia | Togo | Zimbábue | Zâmbia | África do Sul | África do Sul (Histórico/Outro),mv313 | shv313 | v313,Current use by method type | current use by method type | current use by method type -na | current use by method type {na} | current use by method type- na | current use by method type-na | na - current use by method type | na-current use by method type
currently abstaining,38,1,Angola | Benin | Burkina Faso | Burundi | Camarões | Chade | Comores | Congo (Brazzaville) | Congo (República Democrática) | Costa do Marfim | Eswatini (Suazilândia) | Etiópia | Gabão | Gana | Guiné | Gâmbia | Lesoto | Libéria | Madagascar | Malaui | Mali | Moçambique | Namíbia | Nigéria | Níger | Quênia | República Centro-Africana | Ruanda | Senegal | Serra Leoa | Sudão | São Tomé e Príncipe | Tanzânia | Togo | Zimbábue | Zâmbia | África do Sul | África do Sul (Histórico/Outro),v406,Currently abstaining | NA - Currently abstaining | currently abstaining | currently abstaining      - na | na - currently abstaining
currently amenorrheic,38,1,Angola | Benin | Burkina Faso | Burundi | Camarões | Chade | Comores | Congo (Brazzaville) | Congo (República Democrática) | Costa do Marfim | Eswatini (Suazilândia) | Etiópia | Gabão | Gana | Guiné | Gâmbia | Lesoto | Libéria | Madagascar | Malaui | Mali | Moçambique | Namíbia | Nigéria | Níger | Quênia | República Centro-Africana | Ruanda | Senegal | Serra Leoa | Sudão | São Tomé e Príncipe | Tanzânia | Togo | Zimbábue | Zâmbia | África do Sul | África do Sul (Histórico/Outro),v405,Currently amenorrheic | NA - Currently amenorrheic | currently amenorrheic | na - currently amenorrheic
currently breastfeeding,38,1,Angola | Benin | Burkina Faso | Burundi | Camarões | Chade | Comores | Congo (Brazzaville) | Congo (República Democrática) | Costa do Marfim | Eswatini (Suazilândia) | Etiópia | Gabão | Gana | Guiné | Gâmbia | Lesoto | Libéria | Madagascar | Malaui | Mali | Moçambique | Namíbia | Nigéria | Níger | Quênia | República Centro-Africana | Ruanda | Senegal | Serra Leoa | Sudão | São Tomé e Príncipe | Tanzânia | Togo | Zimbábue | Zâmbia | África do Sul | África do Sul (Histórico/Outro),v404,Currently breastfeeding | NA - Currently breastfeeding | currently breastfeeding | na - currently breastfeeding
currently pregnant,38,195,Angola | Benin | Burkina Faso | Burundi | Camarões | Chade | Comores | Congo (Brazzaville) | Congo (República Democrática) | Costa do Marfim | Eswatini (Suazilândia) | Etiópia | Gabão | Gana | Guiné | Gâmbia | Lesoto | Libéria | Madagascar | Malaui | Mali | Moçambique | Namíbia | Nigéria | Níger | Quênia | República Centro-Africana | Ruanda | Senegal | Serra Leoa | Sudão | São Tomé e Príncipe | Tanzânia | Togo | Zimbábue | Zâmbia | África do Sul | África do Sul (Histórico/Outro),ha54 | ha54_01 | ha54_02 | ha54_03 | ha54_04 | ha54_05 | ha54_06 | ha54_07 | ha54_08 | ha54_09 | ha54_1 | ha54_10 | ha54_11 | ha54_12 | ha54_13 | ha54_14 | ha54_15 | ha54_16 | ha54_17 | ha54_18 | ha54_19 | ha54_2 | ha54_20 | ha54_21 | ha54_3 | ha54_4 | ha54_5 | ha54_6 | ha54_7 | ha54_8 | ha54_9 | mha54 | mha54_1 | mha54_2 | mha54_3 | mha54_4 | mha54_5 | mha54_6 | mha54_7 | mv213 | q226 | q227 | q238 | s223 | s226 | sb217 | sb217_01 | sb217_02 | sb217_03 | sb217_04 | sb217_05 | sb217_06 | sb217_07 | sb217_08 | sb217_09 | sb217_10 | sb217_11 | sb217_12 | sb217_13 | sh08a | sh08a_01 | sh08a_02 | sh08a_03 | sh08a_04 | sh08a_05 | sh08a_06 | sh08a_07 | sh08a_08 | sh08a_09 | sh08a_10 | sh08a_11 | sh08a_12 | sh08a_13 | sh08a_14 | sh08a_15 | sh08a_16 | sh09 | sh09_01 | sh09_02 | sh09_03 | sh09_04 | sh09_05 | sh09_06 | sh09_07 | sh09_08 | sh09_09 | sh09_10 | sh09_11 | sh09_12 | sh09_13 | sh09_14 | sh09_15 | sh09_16 | sh09_17 | sh09_18 | sh09_19 | sh09_20 | sh09_21 | sh09_22 | sh09_23 | sh09_24 | sh09_25 | sh09_26 | sh09_27 | sh09_28 | sh09_29 | sh09_30 | sh09_31 | sh10 | sh10_01 | sh10_02 | sh10_03 | sh10_04 | sh10_05 | sh10_06 | sh10_07 | sh10_08 | sh10_09 | sh10_10 | sh10_11 | sh10_12 | sh10_13 | sh10_14 | sh10_15 | sh10_16 | sh10_17 | sh10_18 | sh10_19 | sh10_20 | sh10_21 | sh10_22 | sh10_23 | sh10_24 | sh10_25 | sh10_26 | sh10_27 | sh10_28 | sh10_29 | sh10_30 | sh10_31 | sh10_32 | sh10_33 | sh10_34 | sh10_35 | sh10_36 | sh10_37 | sh10_38 | sh10_39 | sh10_40 | sh10_41 | sh10_42 | sh10_43 | sh10_44 | sh10_45 | sh10_46 | sh10_47 | sh10_48 | sh10_49 | sh10_50 | sh57 | sh57_01 | sh57_02 | sh57_03 | sh57_04 | sh57_05 | sh57_06 | sh57_07 | sh57_08 | sh57_09 | sh57_10 | sh57_11 | sh57_12 | sh60 | sh60_01 | sh60_02 | sh60_03 | sh60_04 | sh60_05 | sh60_06 | sh60_07 | sh60_08 | sh60_09 | sh60_10 | sh60_11 | sh60_12 | sh60_13 | sh60_14 | sh60_15 | sh60_16 | sh60_17 | sh60_18 | sh60_19 | sh60_20 | v213 | w217,Currently pregnant | [na] currently pregnant | currently pregnant | currently pregnant         -na | currently pregnant        - na | currently pregnant        -na | currently pregnant - na | na - currently pregnant
date of birth cmc,38,211,Angola | Benin | Burkina Faso | Burundi | Camarões | Chade | Comores | Congo (Brazzaville) | Congo (República Democrática) | Costa do Marfim | Eswatini (Suazilândia) | Etiópia | Gabão | Gana | Guiné | Gâmbia | Lesoto | Libéria | Madagascar | Malaui | Mali | Moçambique | Namíbia | Nigéria | Níger | Quênia | República Centro-Africana | Ruanda | Senegal | Serra Leoa | Sudão | São Tomé e Príncipe | Tanzânia | Togo | Zimbábue | Zâmbia | África do Sul | África do Sul (Histórico/Outro),b3 | b3_01 | b3_02 | b3_03 | b3_04 | b3_05 | b3_06 | b3_07 | b3_08 | b3_09 | b3_1 | b3_10 | b3_11 | b3_12 | b3_13 | b3_14 | b3_15 | b3_16 | b3_17 | b3_18 | b3_19 | b3_2 | b3_20 | b3_21 | b3_3 | ha32 | ha32_01 | ha32_02 | ha32_03 | ha32_04 | ha32_05 | ha32_06 | ha32_07 | ha32_08 | ha32_09 | ha32_1 | ha32_10 | ha32_11 | ha32_12 | ha32_13 | ha32_14 | ha32_15 | ha32_16 | ha32_17 | ha32_18 | ha32_19 | ha32_2 | ha32_20 | ha32_21 | ha32_3 | ha32_4 | ha32_5 | ha32_6 | ha32_7 | ha32_8 | ha32_9 | hb32 | hb32_01 | hb32_02 | hb32_03 | hb32_04 | hb32_05 | hb32_06 | hb32_07 | hb32_08 | hb32_09 | hb32_1 | hb32_10 | hb32_11 | hb32_12 | hb32_13 | hb32_14 | hb32_15 | hb32_16 | hb32_17 | hb32_18 | hb32_19 | hb32_2 | hb32_20 | hb32_3 | hb32_4 | hb32_5 | hb32_6 | hb32_7 | hb32_8 | hb32_9 | hc32 | hc32_01 | hc32_02 | hc32_03 | hc32_04 | hc32_05 | hc32_06 | hc32_07 | hc32_08 | hc32_09 | hc32_1 | hc32_10 | hc32_11 | hc32_12 | hc32_13 | hc32_14 | hc32_15 | hc32_16 | hc32_17 | hc32_18 | hc32_19 | hc32_2 | hc32_20 | hc32_21 | hc32_22 | hc32_23 | hc32_24 | hc32_25 | hc32_26 | hc32_3 | hc32_4 | hc32_5 | hc32_6 | hc32_7 | hc32_8 | hc32_9 | he32 | he32_1 | he32_2 | he32_3 | he32_4 | hk32 | hk32_01 | hk32_02 | hk32_03 | hk32_04 | hk32_05 | hk32_06 | hk32_07 | hk32_08 | hk32_09 | hk32_10 | hvc32 | hvc32_1 | hvc32_2 | hvc32_3 | hvc32_4 | hvc32_5 | hvc32_6 | hvc32_7 | hvc32_8 | hy32 | hy32_1 | hy32_2 | hy32_3 | hy32_4 | hy32_5 | hy32_6 | hy32_7 | mha32 | mha32_1 | mha32_2 | mha32_3 | mha32_4 | mha32_5 | mha32_6 | mha32_7 | mhc32 | mhc32_01 | mhc32_02 | mhc32_03 | mhc32_04 | mhc32_05 | mhc32_06 | mhc32_07 | mhc32_08 | mhc32_09 | mhc32_1 | mhc32_10 | mhc32_2 | mhc32_3 | mhc32_4 | mv011 | q101c | q102c | q105c | shh4c | shh4c_1 | shh4c_2 | shh4c_3 | shh4c_4 | shh4c_5 | shh4c_6 | shh4c_7 | shh4c_8 | shm32 | shm32_01 | shm32_02 | shm32_03 | shm32_04 | shm32_05 | shm32_06 | shm32_07 | shm32_08 | shm32_09 | shm32_10 | shm32_11 | shm32_12 | shm32_13 | sm102c | smq102c | v011 | va102c | va1603c | w105c,Date of birth (CMC) | Date of birth (cmc) | date of birth (cmc) | date of birth (cmc)        -na | date of birth (cmc)       - na | date of birth (cmc) - na | na - date of birth (cmc) | na- date of birth (cmc)
date of first birth cmc,38,1,Angola | Benin | Burkina Faso | Burundi | Camarões | Chade | Comores | Congo (Brazzaville) | Congo (República Democrática) | Costa do Marfim | Eswatini (Suazilândia) | Etiópia | Gabão | Gana | Guiné | Gâmbia | Lesoto | Libéria | Madagascar | Malaui | Mali | Moçambique | Namíbia | Nigéria | Níger | Quênia | República Centro-Africana | Ruanda | Senegal | Serra Leoa | Sudão | São Tomé e Príncipe | Tanzânia | Togo | Zimbábue | Zâmbia | África do Sul | África do Sul (Histórico/Outro),v211,Date of first birth (CMC) | NA - Date of first birth (CMC) | date of first birth (cmc) | date of first birth (cmc)  -na | na - date of first birth (cmc)
date of interview cmc,38,9,Angola | Benin | Burkina Faso | Burundi | Camarões | Chade | Comores | Congo (Brazzaville) | Congo (República Democrática) | Costa do Marfim | Eswatini (Suazilândia) | Etiópia | Gabão | Gana | Guiné | Gâmbia | Lesoto | Libéria | Madagascar | Malaui | Mali | Moçambique | Namíbia | Nigéria | Níger | Quênia | República Centro-Africana | Ruanda | Senegal | Serra Leoa | Sudão | São Tomé e Príncipe | Tanzânia | Togo | Zimbábue | Zâmbia | África do Sul | África do Sul (Histórico/Outro),cintc | hv008 | mv008 | qintc | smintc | v008 | va008 | vah008 | wintc,Date of interview (CMC) | date of interview (cmc)
daughters at home,38,4,Angola | Benin | Burkina Faso | Burundi | Camarões | Chade | Comores | Congo (Brazzaville) | Congo (República Democrática) | Costa do Marfim | Eswatini (Suazilândia) | Etiópia | Gabão | Gana | Guiné | Gâmbia | Lesoto | Libéria | Madagascar | Malaui | Mali | Moçambique | Namíbia | Nigéria | Níger | Quênia | República Centro-Africana | Ruanda | Senegal | Serra Leoa | Sudão | São Tomé e Príncipe | Tanzânia | Togo | Zimbábue | Zâmbia | África do Sul | África do Sul (Histórico/Outro),mv203 | q203b | v203 | w203b,Daughters at home | daughters at home | daughters at home           na | daughters at home          -na | daughters at home         - na | daughters at home - na
daughters elsewhere,38,2,Angola | Benin | Burkina Faso | Burundi | Camarões | Chade | Comores | Congo (Brazzaville) | Congo (República Democrática) | Costa do Marfim | Eswatini (Suazilândia) | Etiópia | Gabão | Gana | Guiné | Gâmbia | Lesoto | Libéria | Madagascar | Malaui | Mali | Moçambique | Namíbia | Nigéria | Níger | Quênia | República Centro-Africana | Ruanda | Senegal | Serra Leoa | Sudão | São Tomé e Príncipe | Tanzânia | Togo | Zimbábue | Zâmbia | África do Sul | África do Sul (Histórico/Outro),mv205 | v205,Daughters elsewhere | daughters elsewhere | daughters elsewhere         na | daughters elsewhere        -na | daughters elsewhere       - na | daughters elsewhere - na
daughters who have died,38,2,Angola | Benin | Burkina Faso | Burundi | Camarões | Chade | Comores | Congo (Brazzaville) | Congo (República Democrática) | Costa do Marfim | Eswatini (Suazilândia) | Etiópia | Gabão | Gana | Guiné | Gâmbia | Lesoto | Libéria | Madagascar | Malaui | Mali | Moçambique | Namíbia | Nigéria | Níger | Quênia | República Centro-Africana | Ruanda | Senegal | Serra Leoa | Sudão | São Tomé e Príncipe | Tanzânia | Togo | Zimbábue | Zâmbia | África do Sul | África do Sul (Histórico/Outro),mv207 | v207,Daughters who have died | daughters who have died | daughters who have died     na | daughters who have died    -na | daughters who have died   - na | daughters who have died - na
de facto place of residence,38,5,Angola | Benin | Burkina Faso | Burundi | Camarões | Chade | Comores | Congo (Brazzaville) | Congo (República Democrática) | Costa do Marfim | Eswatini (Suazilândia) | Etiópia | Gabão | Gana | Guiné | Gâmbia | Lesoto | Libéria | Madagascar | Malaui | Mali | Moçambique | Namíbia | Nigéria | Níger | Quênia | República Centro-Africana | Ruanda | Senegal | Serra Leoa | Sudão | São Tomé e Príncipe | Tanzânia | Togo | Zimbábue | Zâmbia | África do Sul | África do Sul (Histórico/Outro),hv026 | mv026 | mv134 | v026 | v134,De facto place of residence | NA - De facto place of residence | NA-De facto place of residence | [na] de facto place of residence | de facto place of residence | de facto place of residence - na | de facto place of residence-na | na - de facto place of residence
desire for more children,38,2,Angola | Benin | Burkina Faso | Burundi | Camarões | Chade | Comores | Congo (Brazzaville) | Congo (República Democrática) | Costa do Marfim | Eswatini (Suazilândia) | Etiópia | Gabão | Gana | Guiné | Gâmbia | Lesoto | Libéria | Madagascar | Malaui | Mali | Moçambique | Namíbia | Nigéria | Níger | Quênia | República Centro-Africana | Ruanda | Senegal | Serra Leoa | Sudão | São Tomé e Príncipe | Tanzânia | Togo | Zimbábue | Zâmbia | África do Sul | África do Sul (Histórico/Outro),mv605 | v605,Desire for more children | desire for more children | desire for more children   -na | desire for more children  - na | desire for more children - na | desire for more children {na} | na - desire for more children
dpt 1 day,38,35,Angola | Benin | Burkina Faso | Burundi | Camarões | Chade | Comores | Congo (Brazzaville) | Congo (República Democrática) | Costa do Marfim | Eswatini (Suazilândia) | Etiópia | Gabão | Gana | Guiné | Gâmbia | Lesoto | Libéria | Madagascar | Malaui | Mali | Moçambique | Namíbia | Nigéria | Níger | Quênia | República Centro-Africana | Ruanda | Senegal | Serra Leoa | Sudão | São Tomé e Príncipe | Tanzânia | Togo | Zimbábue | Zâmbia | África do Sul | África do Sul (Histórico/Outro),h3d | h3d_1 | h3d_2 | h3d_3 | h3d_4 | h3d_5 | h3d_6 | s4d1d | s4d1d_1 | s4d1d_2 | s4d1d_3 | s4d1d_4 | s4d1d_5 | s4d1d_6 | sd104d1 | sd104d1_1 | sd104d1_2 | sd104d1_3 | sd104d1_4 | sd104d1_5 | sd104d1_6 | sd1508d1 | sd1508d1_1 | sd1508d1_2 | sd1508d1_3 | sd1508d1_4 | sd1508d1_5 | sd1508d1_6 | sdpt1d | sdpt1d_1 | sdpt1d_2 | sdpt1d_3 | sdpt1d_4 | sdpt1d_5 | sdpt1d_6,DPT 1 day | NA - DPT 1 day | dpt 1 day | dpt 1 day - na | na - dpt 1 day
dpt 1 month,38,35,Angola | Benin | Burkina Faso | Burundi | Camarões | Chade | Comores | Congo (Brazzaville) | Congo (República Democrática) | Costa do Marfim | Eswatini (Suazilândia) | Etiópia | Gabão | Gana | Guiné | Gâmbia | Lesoto | Libéria | Madagascar | Malaui | Mali | Moçambique | Namíbia | Nigéria | Níger | Quênia | República Centro-Africana | Ruanda | Senegal | Serra Leoa | Sudão | São Tomé e Príncipe | Tanzânia | Togo | Zimbábue | Zâmbia | África do Sul | África do Sul (Histórico/Outro),h3m | h3m_1 | h3m_2 | h3m_3 | h3m_4 | h3m_5 | h3m_6 | s4d1m | s4d1m_1 | s4d1m_2 | s4d1m_3 | s4d1m_4 | s4d1m_5 | s4d1m_6 | sdpt1m | sdpt1m_1 | sdpt1m_2 | sdpt1m_3 | sdpt1m_4 | sdpt1m_5 | sdpt1m_6 | sm104d1 | sm104d1_1 | sm104d1_2 | sm104d1_3 | sm104d1_4 | sm104d1_5 | sm104d1_6 | sm1508d1 | sm1508d1_1 | sm1508d1_2 | sm1508d1_3 | sm1508d1_4 | sm1508d1_5 | sm1508d1_6,DPT 1 month | NA - DPT 1 month | dpt 1 month | dpt 1 month - na | na - dpt 1 month
dpt 1 year,38,35,Angola | Benin | Burkina Faso | Burundi | Camarões | Chade | Comores | Congo (Brazzaville) | Congo (República Democrática) | Costa do Marfim | Eswatini (Suazilândia) | Etiópia | Gabão | Gana | Guiné | Gâmbia | Lesoto | Libéria | Madagascar | Malaui | Mali | Moçambique | Namíbia | Nigéria | Níger | Quênia | República Centro-Africana | Ruanda | Senegal | Serra Leoa | Sudão | São Tomé e Príncipe | Tanzânia | Togo | Zimbábue | Zâmbia | África do Sul | África do Sul (Histórico/Outro),h3y | h3y_1 | h3y_2 | h3y_3 | h3y_4 | h3y_5 | h3y_6 | s4d1y | s4d1y_1 | s4d1y_2 | s4d1y_3 | s4d1y_4 | s4d1y_5 | s4d1y_6 | sdpt1y | sdpt1y_1 | sdpt1y_2 | sdpt1y_3 | sdpt1y_4 | sdpt1y_5 | sdpt1y_6 | sy104d1 | sy104d1_1 | sy104d1_2 | sy104d1_3 | sy104d1_4 | sy104d1_5 | sy104d1_6 | sy1508d1 | sy1508d1_1 | sy1508d1_2 | sy1508d1_3 | sy1508d1_4 | sy1508d1_5 | sy1508d1_6,DPT 1 year | NA - DPT 1 year | dpt 1 year | dpt 1 year - na | na - dpt 1 year
dpt 2 day,38,35,Angola | Benin | Burkina Faso | Burundi | Camarões | Chade | Comores | Congo (Brazzaville) | Congo (República Democrática) | Costa do Marfim | Eswatini (Suazilândia) | Etiópia | Gabão | Gana | Guiné | Gâmbia | Lesoto | Libéria | Madagascar | Malaui | Mali | Moçambique | Namíbia | Nigéria | Níger | Quênia | República Centro-Africana | Ruanda | Senegal | Serra Leoa | Sudão | São Tomé e Príncipe | Tanzânia | Togo | Zimbábue | Zâmbia | África do Sul | África do Sul (Histórico/Outro),h5d | h5d_1 | h5d_2 | h5d_3 | h5d_4 | h5d_5 | h5d_6 | s4d2d | s4d2d_1 | s4d2d_2 | s4d2d_3 | s4d2d_4 | s4d2d_5 | s4d2d_6 | sd104d2 | sd104d2_1 | sd104d2_2 | sd104d2_3 | sd104d2_4 | sd104d2_5 | sd104d2_6 | sd1508d2 | sd1508d2_1 | sd1508d2_2 | sd1508d2_3 | sd1508d2_4 | sd1508d2_5 | sd1508d2_6 | sdpt2d | sdpt2d_1 | sdpt2d_2 | sdpt2d_3 | sdpt2d_4 | sdpt2d_5 | sdpt2d_6,DPT 2 day | NA - DPT 2 day | dpt 2 day | dpt 2 day - na | na - dpt 2 day
dpt 2 month,38,35,Angola | Benin | Burkina Faso | Burundi | Camarões | Chade | Comores | Congo (Brazzaville) | Congo (República Democrática) | Costa do Marfim | Eswatini (Suazilândia) | Etiópia | Gabão | Gana | Guiné | Gâmbia | Lesoto | Libéria | Madagascar | Malaui | Mali | Moçambique | Namíbia | Nigéria | Níger | Quênia | República Centro-Africana | Ruanda | Senegal | Serra Leoa | Sudão | São Tomé e Príncipe | Tanzânia | Togo | Zimbábue | Zâmbia | África do Sul | África do Sul (Histórico/Outro),h5m | h5m_1 | h5m_2 | h5m_3 | h5m_4 | h5m_5 | h5m_6 | s4d2m | s4d2m_1 | s4d2m_2 | s4d2m_3 | s4d2m_4 | s4d2m_5 | s4d2m_6 | sdpt2m | sdpt2m_1 | sdpt2m_2 | sdpt2m_3 | sdpt2m_4 | sdpt2m_5 | sdpt2m_6 | sm104d2 | sm104d2_1 | sm104d2_2 | sm104d2_3 | sm104d2_4 | sm104d2_5 | sm104d2_6 | sm1508d2 | sm1508d2_1 | sm1508d2_2 | sm1508d2_3 | sm1508d2_4 | sm1508d2_5 | sm1508d2_6,DPT 2 month | NA - DPT 2 month | dpt 2 month | dpt 2 month - na | na - dpt 2 month
dpt 2 year,38,35,Angola | Benin | Burkina Faso | Burundi | Camarões | Chade | Comores | Congo (Brazzaville) | Congo (República Democrática) | Costa do Marfim | Eswatini (Suazilândia) | Etiópia | Gabão | Gana | Guiné | Gâmbia | Lesoto | Libéria | Madagascar | Malaui | Mali | Moçambique | Namíbia | Nigéria | Níger | Quênia | República Centro-Africana | Ruanda | Senegal | Serra Leoa | Sudão | São Tomé e Príncipe | Tanzânia | Togo | Zimbábue | Zâmbia | África do Sul | África do Sul (Histórico/Outro),h5y | h5y_1 | h5y_2 | h5y_3 | h5y_4 | h5y_5 | h5y_6 | s4d2y | s4d2y_1 | s4d2y_2 | s4d2y_3 | s4d2y_4 | s4d2y_5 | s4d2y_6 | sdpt2y | sdpt2y_1 | sdpt2y_2 | sdpt2y_3 | sdpt2y_4 | sdpt2y_5 | sdpt2y_6 | sy104d2 | sy104d2_1 | sy104d2_2 | sy104d2_3 | sy104d2_4 | sy104d2_5 | sy104d2_6 | sy1508d2 | sy1508d2_1 | sy1508d2_2 | sy1508d2_3 | sy1508d2_4 | sy1508d2_5 | sy1508d2_6,DPT 2 year | NA - DPT 2 year | dpt 2 year | dpt 2 year - na | na - dpt 2 year
dpt 3 day,38,35,Angola | Benin | Burkina Faso | Burundi | Camarões | Chade | Comores | Congo (Brazzaville) | Congo (República Democrática) | Costa do Marfim | Eswatini (Suazilândia) | Etiópia | Gabão | Gana | Guiné | Gâmbia | Lesoto | Libéria | Madagascar | Malaui | Mali | Moçambique | Namíbia | Nigéria | Níger | Quênia | República Centro-Africana | Ruanda | Senegal | Serra Leoa | Sudão | São Tomé e Príncipe | Tanzânia | Togo | Zimbábue | Zâmbia | África do Sul | África do Sul (Histórico/Outro),h7d | h7d_1 | h7d_2 | h7d_3 | h7d_4 | h7d_5 | h7d_6 | s4d3d | s4d3d_1 | s4d3d_2 | s4d3d_3 | s4d3d_4 | s4d3d_5 | s4d3d_6 | sd104d3 | sd104d3_1 | sd104d3_2 | sd104d3_3 | sd104d3_4 | sd104d3_5 | sd104d3_6 | sd1508d3 | sd1508d3_1 | sd1508d3_2 | sd1508d3_3 | sd1508d3_4 | sd1508d3_5 | sd1508d3_6 | sdpt3d | sdpt3d_1 | sdpt3d_2 | sdpt3d_3 | sdpt3d_4 | sdpt3d_5 | sdpt3d_6,DPT 3 day | NA - DPT 3 day | dpt 3 day | dpt 3 day - na | na - dpt 3 day
dpt 3 month,38,35,Angola | Benin | Burkina Faso | Burundi | Camarões | Chade | Comores | Congo (Brazzaville) | Congo (República Democrática) | Costa do Marfim | Eswatini (Suazilândia) | Etiópia | Gabão | Gana | Guiné | Gâmbia | Lesoto | Libéria | Madagascar | Malaui | Mali | Moçambique | Namíbia | Nigéria | Níger | Quênia | República Centro-Africana | Ruanda | Senegal | Serra Leoa | Sudão | São Tomé e Príncipe | Tanzânia | Togo | Zimbábue | Zâmbia | África do Sul | África do Sul (Histórico/Outro),h7m | h7m_1 | h7m_2 | h7m_3 | h7m_4 | h7m_5 | h7m_6 | s4d3m | s4d3m_1 | s4d3m_2 | s4d3m_3 | s4d3m_4 | s4d3m_5 | s4d3m_6 | sdpt3m | sdpt3m_1 | sdpt3m_2 | sdpt3m_3 | sdpt3m_4 | sdpt3m_5 | sdpt3m_6 | sm104d3 | sm104d3_1 | sm104d3_2 | sm104d3_3 | sm104d3_4 | sm104d3_5 | sm104d3_6 | sm1508d3 | sm1508d3_1 | sm1508d3_2 | sm1508d3_3 | sm1508d3_4 | sm1508d3_5 | sm1508d3_6,DPT 3 month | NA - DPT 3 month | dpt 3 month | dpt 3 month - na | na - dpt 3 month
dpt 3 year,38,35,Angola | Benin | Burkina Faso | Burundi | Camarões | Chade | Comores | Congo (Brazzaville) | Congo (República Democrática) | Costa do Marfim | Eswatini (Suazilândia) | Etiópia | Gabão | Gana | Guiné | Gâmbia | Lesoto | Libéria | Madagascar | Malaui | Mali | Moçambique | Namíbia | Nigéria | Níger | Quênia | República Centro-Africana | Ruanda | Senegal | Serra Leoa | Sudão | São Tomé e Príncipe | Tanzânia | Togo | Zimbábue | Zâmbia | África do Sul | África do Sul (Histórico/Outro),h7y | h7y_1 | h7y_2 | h7y_3 | h7y_4 | h7y_5 | h7y_6 | s4d3y | s4d3y_1 | s4d3y_2 | s4d3y_3 | s4d3y_4 | s4d3y_5 | s4d3y_6 | sdpt3y | sdpt3y_1 | sdpt3y_2 | sdpt3y_3 | sdpt3y_4 | sdpt3y_5 | sdpt3y_6 | sy104d3 | sy104d3_1 | sy104d3_2 | sy104d3_3 | sy104d3_4 | sy104d3_5 | sy104d3_6 | sy1508d3 | sy1508d3_1 | sy1508d3_2 | sy1508d3_3 | sy1508d3_4 | sy1508d3_5 | sy1508d3_6,DPT 3 year | NA - DPT 3 year | dpt 3 year | dpt 3 year - na | na - dpt 3 year
duration of abstinence,38,14,Angola | Benin | Burkina Faso | Burundi | Camarões | Chade | Comores | Congo (Brazzaville) | Congo (República Democrática) | Costa do Marfim | Eswatini (Suazilândia) | Etiópia | Gabão | Gana | Guiné | Gâmbia | Lesoto | Libéria | Madagascar | Malaui | Mali | Moçambique | Namíbia | Nigéria | Níger | Quênia | República Centro-Africana | Ruanda | Senegal | Serra Leoa | Sudão | São Tomé e Príncipe | Tanzânia | Togo | Zimbábue | Zâmbia | África do Sul | África do Sul (Histórico/Outro),m8 | m8_1 | m8_2 | m8_3 | m8_4 | m8_5 | m8_6 | s439 | s439_1 | s439_2 | s439_3 | s439_4 | s439_5 | s439_6,Duration of abstinence | NA - Duration of abstinence | duration of abstinence | duration of abstinence    - na | na - duration of abstinence
duration of amenorrhea,38,7,Angola | Benin | Burkina Faso | Burundi | Camarões | Chade | Comores | Congo (Brazzaville) | Congo (República Democrática) | Costa do Marfim | Eswatini (Suazilândia) | Etiópia | Gabão | Gana | Guiné | Gâmbia | Lesoto | Libéria | Madagascar | Malaui | Mali | Moçambique | Namíbia | Nigéria | Níger | Quênia | República Centro-Africana | Ruanda | Senegal | Serra Leoa | Sudão | São Tomé e Príncipe | Tanzânia | Togo | Zimbábue | Zâmbia | África do Sul | África do Sul (Histórico/Outro),m6 | m6_1 | m6_2 | m6_3 | m6_4 | m6_5 | m6_6,Duration of amenorrhea | NA - Duration of amenorrhea | duration of amenorrhea | na - duration of amenorrhea
duration of breastfeeding,38,7,Angola | Benin | Burkina Faso | Burundi | Camarões | Chade | Comores | Congo (Brazzaville) | Congo (República Democrática) | Costa do Marfim | Eswatini (Suazilândia) | Etiópia | Gabão | Gana | Guiné | Gâmbia | Lesoto | Libéria | Madagascar | Malaui | Mali | Moçambique | Namíbia | Nigéria | Níger | Quênia | República Centro-Africana | Ruanda | Senegal | Serra Leoa | Sudão | São Tomé e Príncipe | Tanzânia | Togo | Zimbábue | Zâmbia | África do Sul | África do Sul (Histórico/Outro),m4 | m4_1 | m4_2 | m4_3 | m4_4 | m4_5 | m4_6,Duration of breastfeeding | NA - Duration of breastfeeding | duration of breastfeeding | na - duration of breastfeeding
duration of current pregnancy,38,4,Angola | Benin | Burkina Faso | Burundi | Camarões | Chade | Comores | Congo (Brazzaville) | Congo (República Democrática) | Costa do Marfim | Eswatini (Suazilândia) | Etiópia | Gabão | Gana | Guiné | Gâmbia | Lesoto | Libéria | Madagascar | Malaui | Mali | Moçambique | Namíbia | Nigéria | Níger | Quênia | República Centro-Africana | Ruanda | Senegal | Serra Leoa | Sudão | São Tomé e Príncipe | Tanzânia | Togo | Zimbábue | Zâmbia | África do Sul | África do Sul (Histórico/Outro),q227 | q228 | q239 | v214,Duration of current pregnancy | duration of current pregnancy | na - duration of current pregnancy
education in single years,38,119,Angola | Benin | Burkina Faso | Burundi | Camarões | Chade | Comores | Congo (Brazzaville) | Congo (República Democrática) | Costa do Marfim | Eswatini (Suazilândia) | Etiópia | Gabão | Gana | Guiné | Gâmbia | Lesoto | Libéria | Madagascar | Malaui | Mali | Moçambique | Namíbia | Nigéria | Níger | Quênia | República Centro-Africana | Ruanda | Senegal | Serra Leoa | Sudão | São Tomé e Príncipe | Tanzânia | Togo | Zimbábue | Zâmbia | África do Sul | África do Sul (Histórico/Outro),hv108 | hv108_01 | hv108_02 | hv108_03 | hv108_04 | hv108_05 | hv108_06 | hv108_07 | hv108_08 | hv108_09 | hv108_10 | hv108_11 | hv108_12 | hv108_13 | hv108_14 | hv108_15 | hv108_16 | hv108_17 | hv108_18 | hv108_19 | hv108_20 | hv108_21 | hv108_22 | hv108_23 | hv108_24 | hv108_25 | hv108_26 | hv108_27 | hv108_28 | hv108_29 | hv108_30 | hv108_31 | hv108_32 | hv108_33 | hv108_34 | hv108_35 | hv108_36 | hv108_37 | hv108_38 | hv108_39 | hv108_40 | hv108_41 | hv108_42 | hv108_43 | hv108_44 | hv108_45 | hv108_46 | hv108_47 | hv108_48 | hv108_49 | hv108_50 | hv108_51 | hv108_52 | hv108_53 | hv108_54 | hv108_55 | hv108_56 | hv108_57 | hv108_58 | hv108_59 | hv108_60 | hv108_61 | hv108_62 | hv108_63 | hv108_64 | hv108_65 | hv108_66 | hv108_67 | hv108_68 | hv108_69 | hv108_70 | hv108_71 | hv108_72 | hv108_73 | hv108_74 | hv108_75 | hv108_76 | hv108_77 | hv108_78 | hv108_79 | hv108_80 | hv108_81 | hv108_82 | hv108_83 | hv108_84 | hv108_85 | hv108_86 | hv108_87 | hv108_88 | hv108_89 | hv108_90 | hv108_91 | hv108_92 | hv108_93 | hv108_94 | hv108_95 | hv128 | hv128_01 | hv128_02 | hv128_03 | hv128_04 | hv128_05 | hv128_06 | hv128_07 | hv128_08 | hv128_09 | hv128_10 | hv128_11 | hv128_12 | hv128_13 | hv128_14 | hv128_15 | hv128_16 | hv128_17 | hv128_18 | hv128_19 | hv128_20 | mv133 | v133,Education in single years | education in single years | education in single years  -na | education in single years - na | education in single years --na | na - education in single years
entries in birth history,38,1,Angola | Benin | Burkina Faso | Burundi | Camarões | Chade | Comores | Congo (Brazzaville) | Congo (República Democrática) | Costa do Marfim | Eswatini (Suazilândia) | Etiópia | Gabão | Gana | Guiné | Gâmbia | Lesoto | Libéria | Madagascar | Malaui | Mali | Moçambique | Namíbia | Nigéria | Níger | Quênia | República Centro-Africana | Ruanda | Senegal | Serra Leoa | Sudão | São Tomé e Príncipe | Tanzânia | Togo | Zimbábue | Zâmbia | África do Sul | África do Sul (Histórico/Outro),v224,Entries in birth history | entries in birth history | na - entries in birth history
entries in health table,38,1,Angola | Benin | Burkina Faso | Burundi | Camarões | Chade | Comores | Congo (Brazzaville) | Congo (República Democrática) | Costa do Marfim | Eswatini (Suazilândia) | Etiópia | Gabão | Gana | Guiné | Gâmbia | Lesoto | Libéria | Madagascar | Malaui | Mali | Moçambique | Namíbia | Nigéria | Níger | Quênia | República Centro-Africana | Ruanda | Senegal | Serra Leoa | Sudão | São Tomé e Príncipe | Tanzânia | Togo | Zimbábue | Zâmbia | África do Sul | África do Sul (Histórico/Outro),v418,Entries in health table | entries in health table | entries in health table    -na | na - entries in health table
entries in height weight table,38,1,Angola | Benin | Burkina Faso | Burundi | Camarões | Chade | Comores | Congo (Brazzaville) | Congo (República Democrática) | Costa do Marfim | Eswatini (Suazilândia) | Etiópia | Gabão | Gana | Guiné | Gâmbia | Lesoto | Libéria | Madagascar | Malaui | Mali | Moçambique | Namíbia | Nigéria | Níger | Quênia | República Centro-Africana | Ruanda | Senegal | Serra Leoa | Sudão | São Tomé e Príncipe | Tanzânia | Togo | Zimbábue | Zâmbia | África do Sul | África do Sul (Histórico/Outro),v419,Entries in height/weight table | entries in height/weight table | na - entries in height/weight table
entries in maternity table,38,1,Angola | Benin | Burkina Faso | Burundi | Camarões | Chade | Comores | Congo (Brazzaville) | Congo (República Democrática) | Costa do Marfim | Eswatini (Suazilândia) | Etiópia | Gabão | Gana | Guiné | Gâmbia | Lesoto | Libéria | Madagascar | Malaui | Mali | Moçambique | Namíbia | Nigéria | Níger | Quênia | República Centro-Africana | Ruanda | Senegal | Serra Leoa | Sudão | São Tomé e Príncipe | Tanzânia | Togo | Zimbábue | Zâmbia | África do Sul | África do Sul (Histórico/Outro),v417,Entries in maternity table | entries in maternity table | entries in maternity table -na | na - entries in maternity table
ethnicity,38,100,Angola | Benin | Burkina Faso | Burundi | Camarões | Chade | Comores | Congo (Brazzaville) | Congo (República Democrática) | Costa do Marfim | Eswatini (Suazilândia) | Etiópia | Gabão | Gana | Guiné | Gâmbia | Lesoto | Libéria | Madagascar | Malaui | Mali | Moçambique | Namíbia | Nigéria | Níger | Quênia | República Centro-Africana | Ruanda | Senegal | Serra Leoa | Sudão | São Tomé e Príncipe | Tanzânia | Togo | Zimbábue | Zâmbia | África do Sul | África do Sul (Histórico/Outro),mv131 | q111 | q112 | q123 | rc110 | s114 | s118 | s119 | s121 | sh07a | sh07a_01 | sh07a_02 | sh07a_03 | sh07a_04 | sh07a_05 | sh07a_06 | sh07a_07 | sh07a_08 | sh07a_09 | sh07a_10 | sh07a_11 | sh07a_12 | sh07a_13 | sh07a_14 | sh07a_15 | sh07a_16 | sh07a_17 | sh07a_18 | sh07a_19 | sh07a_20 | sh07a_21 | sh07a_22 | sh07a_23 | sh07a_24 | sh07a_25 | sh07a_26 | sh07a_27 | sh07a_28 | sh07a_29 | sh07a_30 | sh07a_31 | sh07a_32 | sh07a_33 | sh07a_34 | sh07a_35 | sh07a_36 | sh07a_37 | sh07a_38 | sh07a_39 | sh07a_40 | sh07a_41 | sh07a_42 | sh07a_43 | sh07a_44 | sh07a_45 | sh07a_46 | sh07a_47 | sh07a_48 | sh09b | sh09b_01 | sh09b_02 | sh09b_03 | sh09b_04 | sh09b_05 | sh09b_06 | sh09b_07 | sh09b_08 | sh09b_09 | sh09b_10 | sh09b_11 | sh09b_12 | sh09b_13 | sh09b_14 | sh09b_15 | sh09b_16 | sh09b_17 | sh09b_18 | sh09b_19 | sh09b_20 | sh09b_21 | sh09b_22 | sh09b_23 | sh09b_24 | sh09b_25 | sh09b_26 | sh09b_27 | sh09b_28 | sh09b_29 | sh09b_30 | sh09b_31 | sh09b_32 | sh09b_33 | sh09b_34 | sh09b_35 | sh09b_36 | sm109 | sm114 | sm119 | sm130 | v131,Ethnicity | NA - Ethnicity | [na] ethnicity | ethnicity | ethnicity                   na | ethnicity                  -na | ethnicity                 - na | ethnicity                 - na!
ever had vaccination,38,7,Angola | Benin | Burkina Faso | Burundi | Camarões | Chade | Comores | Congo (Brazzaville) | Congo (República Democrática) | Costa do Marfim | Eswatini (Suazilândia) | Etiópia | Gabão | Gana | Guiné | Gâmbia | Lesoto | Libéria | Madagascar | Malaui | Mali | Moçambique | Namíbia | Nigéria | Níger | Quênia | República Centro-Africana | Ruanda | Senegal | Serra Leoa | Sudão | São Tomé e Príncipe | Tanzânia | Togo | Zimbábue | Zâmbia | África do Sul | África do Sul (Histórico/Outro),h10 | h10_1 | h10_2 | h10_3 | h10_4 | h10_5 | h10_6,Ever had vaccination | NA - Ever had vaccination | ever had vaccination | ever had vaccination - na | na - ever had vaccination
ever use of any method,38,3,Angola | Benin | Burkina Faso | Burundi | Camarões | Chade | Comores | Congo (Brazzaville) | Congo (República Democrática) | Costa do Marfim | Eswatini (Suazilândia) | Etiópia | Gabão | Gana | Guiné | Gâmbia | Lesoto | Libéria | Madagascar | Malaui | Mali | Moçambique | Namíbia | Nigéria | Níger | Quênia | República Centro-Africana | Ruanda | Senegal | Serra Leoa | Sudão | São Tomé e Príncipe | Tanzânia | Togo | Zimbábue | Zâmbia | África do Sul | África do Sul (Histórico/Outro),mv302 | shv302 | v302,Ever use of any method | NA - Ever use of any method | NA-Ever use of any method | ever use of any method | ever use of any method     -na | ever use of any method - na | ever use of any method {na} | na - ever use of any method
ever used method,38,132,Angola | Benin | Burkina Faso | Burundi | Camarões | Chade | Comores | Congo (Brazzaville) | Congo (República Democrática) | Costa do Marfim | Eswatini (Suazilândia) | Etiópia | Gabão | Gana | Guiné | Gâmbia | Lesoto | Libéria | Madagascar | Malaui | Mali | Moçambique | Namíbia | Nigéria | Níger | Quênia | República Centro-Africana | Ruanda | Senegal | Serra Leoa | Sudão | São Tomé e Príncipe | Tanzânia | Togo | Zimbábue | Zâmbia | África do Sul | África do Sul (Histórico/Outro),mv305_01 | mv305_02 | mv305_03 | mv305_04 | mv305_05 | mv305_06 | mv305_07 | mv305_08 | mv305_09 | mv305_10 | mv305_11 | mv305_12 | mv305_13 | mv305_14 | mv305_15 | mv305_16 | mv305_17 | mv305_18 | mv305_19 | mv305_20 | q303_01 | q303_02 | q303_03 | q303_04 | q303_05 | q303_06 | q303_07 | q303_08 | q303_09 | q303_10 | q303_11 | q303_12 | q602_01 | q602_02 | q602_03 | q602_04 | q602_05 | q602_06 | q602_07 | q602_08 | q602_09 | q602_10 | q602_11 | q602_12 | q602_13 | q602_14 | s302_01 | s302_02 | s302_03 | s302_04 | s302_05 | s302_06 | s302_07 | s302_08 | s302_09 | s302_10 | s302_11 | s302_12 | s302_13 | sm203_01 | sm203_02 | sm203_03 | sm203_04 | sm203_05 | sm203_06 | sm203_07 | sm203_08 | sm203_09 | sm203_10 | sm203_11 | sm203_12 | sm203_13 | sm203_14 | sm203_15 | sm302_01 | sm302_02 | sm302_03 | sm302_04 | sm302_05 | sm302_06 | sm302_07 | sm302_08 | sm302_09 | sm302_10 | sm302_11 | sm302_12 | sm302_13 | smq20c01 | smq20c02 | smq20c03 | smq20c04 | smq20c05 | smq20c06 | smq20c07 | smq20c08 | smq20c09 | smq20c10 | smq20c11 | smq20c12 | smq20c13 | v305_01 | v305_02 | v305_03 | v305_04 | v305_05 | v305_06 | v305_07 | v305_08 | v305_09 | v305_10 | v305_11 | v305_12 | v305_13 | v305_14 | v305_15 | v305_16 | v305_17 | v305_18 | v305_19 | v305_20 | w303_01 | w303_02 | w303_03 | w303_04 | w303_05 | w303_06 | w303_07 | w303_08 | w303_09 | w303_10 | w303_11 | w303_12,Ever used method | NA - Ever used method | NA-Ever used method | ever used method | ever used method           -na | ever used method -na | ever used method {na} | na - ever used method
fertility preference,38,3,Angola | Benin | Burkina Faso | Burundi | Camarões | Chade | Comores | Congo (Brazzaville) | Congo (República Democrática) | Costa do Marfim | Eswatini (Suazilândia) | Etiópia | Gabão | Gana | Guiné | Gâmbia | Lesoto | Libéria | Madagascar | Malaui | Mali | Moçambique | Namíbia | Nigéria | Níger | Quênia | República Centro-Africana | Ruanda | Senegal | Serra Leoa | Sudão | São Tomé e Príncipe | Tanzânia | Togo | Zimbábue | Zâmbia | África do Sul | África do Sul (Histórico/Outro),mv602 | shv605 | v602,Fertility preference | fertility preference | fertility preference       -na | fertility preference      - na | fertility preference {na} | na - fertility preference
gave child juice,38,8,Angola | Benin | Burkina Faso | Burundi | Camarões | Chade | Comores | Congo (Brazzaville) | Congo (República Democrática) | Costa do Marfim | Eswatini (Suazilândia) | Etiópia | Gabão | Gana | Guiné | Gâmbia | Lesoto | Libéria | Madagascar | Malaui | Mali | Moçambique | Namíbia | Nigéria | Níger | Quênia | República Centro-Africana | Ruanda | Senegal | Serra Leoa | Sudão | São Tomé e Príncipe | Tanzânia | Togo | Zimbábue | Zâmbia | África do Sul | África do Sul (Histórico/Outro),m37c | m37c_1 | m37c_2 | m37c_3 | m37c_4 | m37c_5 | m37c_6 | v410,Gave child juice | NA - Gave child juice | [na] gave child juice | gave child juice | gave child juice           -na | gave child juice          - na | gave child juice {na} | na - gave child juice
gave child other liquid,38,15,Angola | Benin | Burkina Faso | Burundi | Camarões | Chade | Comores | Congo (Brazzaville) | Congo (República Democrática) | Costa do Marfim | Eswatini (Suazilândia) | Etiópia | Gabão | Gana | Guiné | Gâmbia | Lesoto | Libéria | Madagascar | Malaui | Mali | Moçambique | Namíbia | Nigéria | Níger | Quênia | República Centro-Africana | Ruanda | Senegal | Serra Leoa | Sudão | São Tomé e Príncipe | Tanzânia | Togo | Zimbábue | Zâmbia | África do Sul | África do Sul (Histórico/Outro),m37l | m37l_1 | m37l_2 | m37l_3 | m37l_4 | m37l_5 | m37l_6 | s769 | s769_1 | s769_2 | s769_3 | s769_4 | s769_5 | s769_6 | v413,Gave child other liquid | NA - Gave child other liquid | gave child other liquid | gave child other liquid     na | gave child other liquid   - na | gave child other liquid {na} | na - gave child other liquid
gave child plain water,38,16,Angola | Benin | Burkina Faso | Burundi | Camarões | Chade | Comores | Congo (Brazzaville) | Congo (República Democrática) | Costa do Marfim | Eswatini (Suazilândia) | Etiópia | Gabão | Gana | Guiné | Gâmbia | Lesoto | Libéria | Madagascar | Malaui | Mali | Moçambique | Namíbia | Nigéria | Níger | Quênia | República Centro-Africana | Ruanda | Senegal | Serra Leoa | Sudão | São Tomé e Príncipe | Tanzânia | Togo | Zimbábue | Zâmbia | África do Sul | África do Sul (Histórico/Outro),m37a | m37a_1 | m37a_2 | m37a_3 | m37a_4 | m37a_5 | m37a_6 | s492aa | s767 | s767_1 | s767_2 | s767_3 | s767_4 | s767_5 | s767_6 | v409,Gave child plain water | NA - Gave child plain water | gave child plain water | gave child plain water {na} | na - gave child plain water | na - na - gave child plain water
given oral rehydration,38,7,Angola | Benin | Burkina Faso | Burundi | Camarões | Chade | Comores | Congo (Brazzaville) | Congo (República Democrática) | Costa do Marfim | Eswatini (Suazilândia) | Etiópia | Gabão | Gana | Guiné | Gâmbia | Lesoto | Libéria | Madagascar | Malaui | Mali | Moçambique | Namíbia | Nigéria | Níger | Quênia | República Centro-Africana | Ruanda | Senegal | Serra Leoa | Sudão | São Tomé e Príncipe | Tanzânia | Togo | Zimbábue | Zâmbia | África do Sul | África do Sul (Histórico/Outro),h13 | h13_1 | h13_2 | h13_3 | h13_4 | h13_5 | h13_6,Given oral rehydration | NA - Given oral rehydration | given oral rehydration | given oral rehydration     -na | na - given oral rehydration
given other treatment,38,7,Angola | Benin | Burkina Faso | Burundi | Camarões | Chade | Comores | Congo (Brazzaville) | Congo (República Democrática) | Costa do Marfim | Eswatini (Suazilândia) | Etiópia | Gabão | Gana | Guiné | Gâmbia | Lesoto | Libéria | Madagascar | Malaui | Mali | Moçambique | Namíbia | Nigéria | Níger | Quênia | República Centro-Africana | Ruanda | Senegal | Serra Leoa | Sudão | São Tomé e Príncipe | Tanzânia | Togo | Zimbábue | Zâmbia | África do Sul | África do Sul (Histórico/Outro),h20 | h20_1 | h20_2 | h20_3 | h20_4 | h20_5 | h20_6,Given other treatment | NA - Given other treatment | given other treatment | given other treatment     - na | na - given other treatment
had diarrhea recently,38,7,Angola | Benin | Burkina Faso | Burundi | Camarões | Chade | Comores | Congo (Brazzaville) | Congo (República Democrática) | Costa do Marfim | Eswatini (Suazilândia) | Etiópia | Gabão | Gana | Guiné | Gâmbia | Lesoto | Libéria | Madagascar | Malaui | Mali | Moçambique | Namíbia | Nigéria | Níger | Quênia | República Centro-Africana | Ruanda | Senegal | Serra Leoa | Sudão | São Tomé e Príncipe | Tanzânia | Togo | Zimbábue | Zâmbia | África do Sul | África do Sul (Histórico/Outro),h11 | h11_1 | h11_2 | h11_3 | h11_4 | h11_5 | h11_6,Had diarrhea recently | NA - Had diarrhea recently | had diarrhea recently | na - had diarrhea recently
has bicycle,38,2,Angola | Benin | Burkina Faso | Burundi | Camarões | Chade | Comores | Congo (Brazzaville) | Congo (República Democrática) | Costa do Marfim | Eswatini (Suazilândia) | Etiópia | Gabão | Gana | Guiné | Gâmbia | Lesoto | Libéria | Madagascar | Malaui | Mali | Moçambique | Namíbia | Nigéria | Níger | Quênia | República Centro-Africana | Ruanda | Senegal | Serra Leoa | Sudão | São Tomé e Príncipe | Tanzânia | Togo | Zimbábue | Zâmbia | África do Sul | África do Sul (Histórico/Outro),hv210 | v123,Has bicycle | has bicycle | has bicycle                 na
has electricity,38,2,Angola | Benin | Burkina Faso | Burundi | Camarões | Chade | Comores | Congo (Brazzaville) | Congo (República Democrática) | Costa do Marfim | Eswatini (Suazilândia) | Etiópia | Gabão | Gana | Guiné | Gâmbia | Lesoto | Libéria | Madagascar | Malaui | Mali | Moçambique | Namíbia | Nigéria | Níger | Quênia | República Centro-Africana | Ruanda | Senegal | Serra Leoa | Sudão | São Tomé e Príncipe | Tanzânia | Togo | Zimbábue | Zâmbia | África do Sul | África do Sul (Histórico/Outro),hv206 | v119,Has electricity | has electricity | has electricity             na | na- has electricity
has health card,38,23,Angola | Benin | Burkina Faso | Burundi | Camarões | Chade | Comores | Congo (Brazzaville) | Congo (República Democrática) | Costa do Marfim | Eswatini (Suazilândia) | Etiópia | Gabão | Gana | Guiné | Gâmbia | Lesoto | Libéria | Madagascar | Malaui | Mali | Moçambique | Namíbia | Nigéria | Níger | Quênia | República Centro-Africana | Ruanda | Senegal | Serra Leoa | Sudão | São Tomé e Príncipe | Tanzânia | Togo | Zimbábue | Zâmbia | África do Sul | África do Sul (Histórico/Outro),h1 | h1_1 | h1_2 | h1_3 | h1_4 | h1_5 | h1_6 | s1508 | s1508_1 | s1508_2 | s1508_3 | s1508_4 | s1508_5 | s1508_6 | s304a | s323a | s323a_1 | s323a_2 | s323a_3 | s323a_4 | s323a_5 | s323a_6 | s498c,Has health card | NA - Has health card | has health card | has health card - na | na - has health card
has radio,38,2,Angola | Benin | Burkina Faso | Burundi | Camarões | Chade | Comores | Congo (Brazzaville) | Congo (República Democrática) | Costa do Marfim | Eswatini (Suazilândia) | Etiópia | Gabão | Gana | Guiné | Gâmbia | Lesoto | Libéria | Madagascar | Malaui | Mali | Moçambique | Namíbia | Nigéria | Níger | Quênia | República Centro-Africana | Ruanda | Senegal | Serra Leoa | Sudão | São Tomé e Príncipe | Tanzânia | Togo | Zimbábue | Zâmbia | África do Sul | África do Sul (Histórico/Outro),hv207 | v120,Has radio | has radio | has radio                   na
has refrigerator,38,2,Angola | Benin | Burkina Faso | Burundi | Camarões | Chade | Comores | Congo (Brazzaville) | Congo (República Democrática) | Costa do Marfim | Eswatini (Suazilândia) | Etiópia | Gabão | Gana | Guiné | Gâmbia | Lesoto | Libéria | Madagascar | Malaui | Mali | Moçambique | Namíbia | Nigéria | Níger | Quênia | República Centro-Africana | Ruanda | Senegal | Serra Leoa | Sudão | São Tomé e Príncipe | Tanzânia | Togo | Zimbábue | Zâmbia | África do Sul | África do Sul (Histórico/Outro),hv209 | v122,Has refrigerator | has refrigerator | has refrigerator            na | has refrigerator           -na | has refrigerator          - na
has television,38,2,Angola | Benin | Burkina Faso | Burundi | Camarões | Chade | Comores | Congo (Brazzaville) | Congo (República Democrática) | Costa do Marfim | Eswatini (Suazilândia) | Etiópia | Gabão | Gana | Guiné | Gâmbia | Lesoto | Libéria | Madagascar | Malaui | Mali | Moçambique | Namíbia | Nigéria | Níger | Quênia | República Centro-Africana | Ruanda | Senegal | Serra Leoa | Sudão | São Tomé e Príncipe | Tanzânia | Togo | Zimbábue | Zâmbia | África do Sul | África do Sul (Histórico/Outro),hv208 | v121,Has television | has television | has television              na | has television            - na
heard of oral rehydration,38,1,Angola | Benin | Burkina Faso | Burundi | Camarões | Chade | Comores | Congo (Brazzaville) | Congo (República Democrática) | Costa do Marfim | Eswatini (Suazilândia) | Etiópia | Gabão | Gana | Guiné | Gâmbia | Lesoto | Libéria | Madagascar | Malaui | Mali | Moçambique | Namíbia | Nigéria | Níger | Quênia | República Centro-Africana | Ruanda | Senegal | Serra Leoa | Sudão | São Tomé e Príncipe | Tanzânia | Togo | Zimbábue | Zâmbia | África do Sul | África do Sul (Histórico/Outro),v416,Heard of oral rehydration | NA - Heard of oral rehydration | heard of oral rehydration | heard of oral rehydration  -na | heard of oral rehydration - na | na - heard of oral rehydration
highest educational level,38,368,Angola | Benin | Burkina Faso | Burundi | Camarões | Chade | Comores | Congo (Brazzaville) | Congo (República Democrática) | Costa do Marfim | Eswatini (Suazilândia) | Etiópia | Gabão | Gana | Guiné | Gâmbia | Lesoto | Libéria | Madagascar | Malaui | Mali | Moçambique | Namíbia | Nigéria | Níger | Quênia | República Centro-Africana | Ruanda | Senegal | Serra Leoa | Sudão | São Tomé e Príncipe | Tanzânia | Togo | Zimbábue | Zâmbia | África do Sul | África do Sul (Histórico/Outro),ha68 | ha68_1 | ha68_2 | hc61 | hc61_1 | hc61_2 | hc61_3 | hc61_4 | hc61_5 | hc61_6 | hc61_7 | hc61_8 | hc68 | hc68_1 | hc68_2 | hv106 | hv106_01 | hv106_02 | hv106_03 | hv106_04 | hv106_05 | hv106_06 | hv106_07 | hv106_08 | hv106_09 | hv106_10 | hv106_11 | hv106_12 | hv106_13 | hv106_14 | hv106_15 | hv106_16 | hv106_17 | hv106_18 | hv106_19 | hv106_20 | hv106_21 | hv106_22 | hv106_23 | hv106_24 | hv106_25 | hv106_26 | hv106_27 | hv106_28 | hv106_29 | hv106_30 | hv106_31 | hv106_32 | hv106_33 | hv106_34 | hv106_35 | hv106_36 | hv106_37 | hv106_38 | hv106_39 | hv106_40 | hv106_41 | hv106_42 | hv106_43 | hv106_44 | hv106_45 | hv106_46 | hv106_47 | hv106_48 | hv106_49 | hv106_50 | hv106_51 | hv106_52 | hv106_53 | hv106_54 | hv106_55 | hv106_56 | hv106_57 | hv106_58 | hv106_59 | hv106_60 | hv106_61 | hv106_62 | hv106_63 | hv106_64 | hv106_65 | hv106_66 | hv106_67 | hv106_68 | hv106_69 | hv106_70 | hv106_71 | hv106_72 | hv106_73 | hv106_74 | hv106_75 | hv106_76 | hv106_77 | hv106_78 | hv106_79 | hv106_80 | hv106_81 | hv106_82 | hv106_83 | hv106_84 | hv106_85 | hv106_86 | hv106_87 | hv106_88 | hv106_89 | hv106_90 | hv106_91 | hv106_92 | hv106_93 | hv106_94 | hv106_95 | mv106 | q105 | q106 | q106a | q108 | q108a | s105 | s105a | s108 | s108a | s109 | s114 | s804 | s904 | seduc | sh09a | sh09a_01 | sh09a_02 | sh09a_03 | sh09a_04 | sh09a_05 | sh09a_06 | sh09a_07 | sh09a_08 | sh09a_09 | sh09a_10 | sh09a_11 | sh09a_12 | sh09a_13 | sh09a_14 | sh09a_15 | sh09a_16 | sh09a_17 | sh09a_18 | sh09a_19 | sh09a_20 | sh09a_21 | sh09a_22 | sh09a_23 | sh09a_24 | sh09a_25 | sh09a_26 | sh09a_27 | sh09a_28 | sh09a_29 | sh09a_30 | sh09a_31 | sh09a_32 | sh09a_33 | sh09a_34 | sh09a_35 | sh09a_36 | sh09a_37 | sh09a_38 | sh09a_39 | sh09a_40 | sh09a_41 | sh09a_42 | sh09a_43 | sh09a_44 | sh09a_45 | sh09a_46 | sh09a_47 | sh09a_48 | sh09a_49 | sh09a_50 | sh09a_51 | sh09a_52 | sh09a_53 | sh09a_54 | sh09a_55 | sh09a_56 | sh09a_57 | sh09a_58 | sh15a | sh15a_01 | sh15a_02 | sh15a_03 | sh15a_04 | sh15a_05 | sh15a_06 | sh15a_07 | sh15a_08 | sh15a_09 | sh15a_10 | sh15a_11 | sh15a_12 | sh15a_13 | sh15a_14 | sh15a_15 | sh15a_16 | sh15a_17 | sh15a_18 | sh15a_19 | sh15a_20 | sh15a_21 | sh15a_22 | sh15a_23 | sh15a_24 | sh15a_25 | sh15a_26 | sh15a_27 | sh15a_28 | sh15a_29 | sh15a_30 | sh15a_31 | sh15a_32 | sh15a_33 | sh15a_34 | sh15a_35 | sh15a_36 | sh15a_37 | sh15a_38 | sh15a_39 | sh15a_40 | sh15a_41 | sh15a_42 | sh15a_43 | sh15a_44 | sh15a_45 | sh15a_46 | sh15a_47 | sh15a_48 | sh15a_49 | sh15a_50 | sh15a_51 | sh15a_52 | sh15a_53 | sh17a | sh17a_01 | sh17a_02 | sh17a_03 | sh17a_04 | sh17a_05 | sh17a_06 | sh17a_07 | sh17a_08 | sh17a_09 | sh17a_10 | sh17a_11 | sh17a_12 | sh17a_13 | sh17a_14 | sh17a_15 | sh17a_16 | sh17a_17 | sh17a_18 | sh17a_19 | sh17a_20 | sh17a_21 | sh17a_22 | sh17a_23 | sh17a_24 | sh17a_25 | sh17a_26 | sh17a_27 | sh17a_28 | sh17a_29 | sh17a_30 | sh17a_31 | sh17a_32 | sh17a_33 | sh17a_34 | sh17a_35 | sh17a_36 | sh17a_37 | sh17a_38 | sh17a_39 | sh17a_40 | sh17a_41 | sh17a_42 | sh17a_43 | sh17a_44 | sh17a_45 | sh17a_46 | sh17a_47 | sh17a_48 | sh17a_49 | shedu_01 | shedu_02 | shedu_03 | shedu_04 | shedu_05 | shedu_06 | shedu_07 | shedu_08 | shedu_09 | shedu_10 | shedu_11 | shedu_12 | shedu_13 | shedu_14 | shedu_15 | shedu_16 | shedu_17 | shedu_18 | shedu_19 | shedu_20 | shedu_21 | shedu_22 | shedu_23 | shedu_24 | shedu_25 | shedu_26 | shedu_27 | sheduc | shniv_01 | shniv_02 | shniv_03 | shniv_04 | shniv_05 | shniv_06 | shniv_07 | shniv_08 | shniv_09 | shniv_10 | shniv_11 | shniv_12 | shniv_13 | shniv_14 | shniv_15 | shniv_16 | shniv_17 | shniv_18 | shniv_19 | shniv_20 | shniv_21 | shniv_22 | shniv_23 | shniv_24 | shniv_25 | shniv_26 | shniv_27 | shniv_28 | shniv_29 | shniv_30 | shniv_31 | shniv_32 | shniv_33 | shniv_34 | shniv_35 | shniv_36 | shniv_37 | shniveau | shv106 | sm105 | sm105a | sm108 | sm109 | sm109a | sm110 | sm110a | sm114 | smeduc | smq105 | v106 | va1408a,Highest educational level | highest educational level | highest educational level  -na | highest educational level (-na | highest educational level - na | na - highest educational level
highest year of education,38,399,Angola | Benin | Burkina Faso | Burundi | Camarões | Chade | Comores | Congo (Brazzaville) | Congo (República Democrática) | Costa do Marfim | Eswatini (Suazilândia) | Etiópia | Gabão | Gana | Guiné | Gâmbia | Lesoto | Libéria | Madagascar | Malaui | Mali | Moçambique | Namíbia | Nigéria | Níger | Quênia | República Centro-Africana | Ruanda | Senegal | Serra Leoa | Sudão | São Tomé e Príncipe | Tanzânia | Togo | Zimbábue | Zâmbia | África do Sul | África do Sul (Histórico/Outro),hc62 | hc62_01 | hc62_02 | hc62_03 | hc62_04 | hc62_05 | hc62_06 | hc62_07 | hc62_08 | hc62_09 | hc62_1 | hc62_10 | hc62_11 | hc62_12 | hc62_13 | hc62_14 | hc62_15 | hc62_2 | hc62_3 | hc62_4 | hc62_5 | hc62_6 | hc62_7 | hc62_8 | hv107 | hv107_01 | hv107_02 | hv107_03 | hv107_04 | hv107_05 | hv107_06 | hv107_07 | hv107_08 | hv107_09 | hv107_10 | hv107_11 | hv107_12 | hv107_13 | hv107_14 | hv107_15 | hv107_16 | hv107_17 | hv107_18 | hv107_19 | hv107_20 | hv107_21 | hv107_22 | hv107_23 | hv107_24 | hv107_25 | hv107_26 | hv107_27 | hv107_28 | hv107_29 | hv107_30 | hv107_31 | hv107_32 | hv107_33 | hv107_34 | hv107_35 | hv107_36 | hv107_37 | hv107_38 | hv107_39 | hv107_40 | hv107_41 | hv107_42 | hv107_43 | hv107_44 | hv107_45 | hv107_46 | hv107_47 | hv107_48 | hv107_49 | hv107_50 | hv107_51 | hv107_52 | hv107_53 | hv107_54 | hv107_55 | hv107_56 | hv107_57 | hv107_58 | hv107_59 | hv107_60 | hv107_61 | hv107_62 | hv107_63 | hv107_64 | hv107_65 | hv107_66 | hv107_67 | hv107_68 | hv107_69 | hv107_70 | hv107_71 | hv107_72 | hv107_73 | hv107_74 | hv107_75 | hv107_76 | hv107_77 | hv107_78 | hv107_79 | hv107_80 | hv107_81 | hv107_82 | hv107_83 | hv107_84 | hv107_85 | hv107_86 | hv107_87 | hv107_88 | hv107_89 | hv107_90 | hv107_91 | hv107_92 | hv107_93 | hv107_94 | hv107_95 | mv107 | s109 | s705 | sh09b | sh09b_01 | sh09b_02 | sh09b_03 | sh09b_04 | sh09b_05 | sh09b_06 | sh09b_07 | sh09b_08 | sh09b_09 | sh09b_10 | sh09b_11 | sh09b_12 | sh09b_13 | sh09b_14 | sh09b_15 | sh09b_16 | sh09b_17 | sh09b_18 | sh09b_19 | sh09b_20 | sh09b_21 | sh09b_22 | sh09b_23 | sh09b_24 | sh09b_25 | sh09b_26 | sh09b_27 | sh09b_28 | sh09b_29 | sh09b_30 | sh09b_31 | sh09b_32 | sh09b_33 | sh09b_34 | sh09b_35 | sh09b_36 | sh09b_37 | sh09b_38 | sh09b_39 | sh09b_40 | sh09b_41 | sh09b_42 | sh09b_43 | sh09b_44 | sh09b_45 | sh09b_46 | sh09b_47 | sh09b_48 | sh09b_49 | sh09b_50 | sh09b_51 | sh09b_52 | sh09b_53 | sh09b_54 | sh09b_55 | sh09b_56 | sh09b_57 | sh09b_58 | sh15b | sh15b_01 | sh15b_02 | sh15b_03 | sh15b_04 | sh15b_05 | sh15b_06 | sh15b_07 | sh15b_08 | sh15b_09 | sh15b_10 | sh15b_11 | sh15b_12 | sh15b_13 | sh15b_14 | sh15b_15 | sh15b_16 | sh15b_17 | sh15b_18 | sh15b_19 | sh15b_20 | sh15b_21 | sh15b_22 | sh15b_23 | sh15b_24 | sh15b_25 | sh15b_26 | sh15b_27 | sh15b_28 | sh15b_29 | sh15b_30 | sh15b_31 | sh15b_32 | sh15b_33 | sh15b_34 | sh15b_35 | sh15b_36 | sh15b_37 | sh15b_38 | sh15b_39 | sh15b_40 | sh15b_41 | sh15b_42 | sh15b_43 | sh15b_44 | sh15b_45 | sh15b_46 | sh15b_47 | sh15b_48 | sh15b_49 | sh15b_50 | sh15b_51 | sh15b_52 | sh15b_53 | sh17b | sh17b_01 | sh17b_02 | sh17b_03 | sh17b_04 | sh17b_05 | sh17b_06 | sh17b_07 | sh17b_08 | sh17b_09 | sh17b_10 | sh17b_11 | sh17b_12 | sh17b_13 | sh17b_14 | sh17b_15 | sh17b_16 | sh17b_17 | sh17b_18 | sh17b_19 | sh17b_20 | sh17b_21 | sh17b_22 | sh17b_23 | sh17b_24 | sh17b_25 | sh17b_26 | sh17b_27 | sh17b_28 | sh17b_29 | sh17b_30 | sh17b_31 | sh17b_32 | sh17b_33 | sh17b_34 | sh17b_35 | sh17b_36 | sh17b_37 | sh17b_38 | sh17b_39 | sh17b_40 | sh17b_41 | sh17b_42 | sh17b_43 | sh17b_44 | sh17b_45 | sh17b_46 | sh17b_47 | sh17b_48 | sh17b_49 | sh17b_50 | sh18b | sh18b_01 | sh18b_02 | sh18b_03 | sh18b_04 | sh18b_05 | sh18b_06 | sh18b_07 | sh18b_08 | sh18b_09 | sh18b_10 | sh18b_11 | sh18b_12 | sh18b_13 | sh18b_14 | sh18b_15 | sh18b_16 | sh18b_17 | sh18b_18 | sh18b_19 | sh18b_20 | sh18b_21 | sh18b_22 | sh18b_23 | sh18b_24 | sh18b_25 | sh18b_26 | sh18b_27 | sh18b_28 | sh18b_29 | sh18b_30 | sh18b_31 | sh18b_32 | sh18b_33 | sh18b_34 | sh18b_35 | sh18b_36 | sh18b_37 | sh18b_38 | sh18b_39 | sh18b_40 | sh18b_41 | sh18b_42 | sh18b_43 | sh18b_44 | sh18b_45 | sh18b_46 | sh18b_47 | sh18b_48 | sh18b_49 | sh18b_50 | sh18b_51 | sh18b_52 | sh18b_53 | sh20b | sh20b_01 | sh20b_02 | sh20b_03 | sh20b_04 | sh20b_05 | sh20b_06 | sh20b_07 | sh20b_08 | sh20b_09 | sh20b_10 | sh20b_11 | sh20b_12 | sh20b_13 | sh20b_14 | sh20b_15 | sh20b_16 | sh20b_17 | sh20b_18 | sh20b_19 | sh20b_20 | sh20b_21 | sh20b_22 | sh20b_23 | sh20b_24 | sh20b_25 | sh20b_26 | sh20b_27 | sh20b_28 | sh20b_29 | sh20b_30 | sh20b_31 | sh20b_32 | sh20b_33 | sh20b_34 | sh20b_35 | sh20b_36 | sh20b_37 | sh20b_38 | sh20b_39 | sh20b_40 | sh20b_41 | sh20b_42 | sh20b_43 | sh20b_44 | sh20b_45 | sh20b_46 | sh20b_47 | sh20b_48 | sh20b_49 | sh20b_50 | sh20b_51 | sh20b_52 | sh20b_53 | sm109 | sm111 | v107 | v702,Highest year of education | highest year of education | highest year of education  -na | highest year of education - na | highest year of education - na! | na - highest year of education
household number,38,33,Angola | Benin | Burkina Faso | Burundi | Camarões | Chade | Comores | Congo (Brazzaville) | Congo (República Democrática) | Costa do Marfim | Eswatini (Suazilândia) | Etiópia | Gabão | Gana | Guiné | Gâmbia | Lesoto | Libéria | Madagascar | Malaui | Mali | Moçambique | Namíbia | Nigéria | Níger | Quênia | República Centro-Africana | Ruanda | Senegal | Serra Leoa | Sudão | São Tomé e Príncipe | Tanzânia | Togo | Zimbábue | Zâmbia | África do Sul | África do Sul (Histórico/Outro),chnumber | dchhno | hhhno | hhno | hhnum | hhnumber | hv002 | mv002 | qhnumber | qnumber | qnumhh | qvhnumber | sh312 | shhnum | shmenage | shnum | shnumber | shnumero | smenage | smhnum | smmenag | smmenage | smnumber | smnumero | snumber | snumero | sqnumber | v002 | va002 | va1200 | vah002 | vahhno | whhnum,HOUSEHOLD number | Household number | household number | household number            na | household number          - na
ideal number of children,38,10,Angola | Benin | Burkina Faso | Burundi | Camarões | Chade | Comores | Congo (Brazzaville) | Congo (República Democrática) | Costa do Marfim | Eswatini (Suazilândia) | Etiópia | Gabão | Gana | Guiné | Gâmbia | Lesoto | Libéria | Madagascar | Malaui | Mali | Moçambique | Namíbia | Nigéria | Níger | Quênia | República Centro-Africana | Ruanda | Senegal | Serra Leoa | Sudão | São Tomé e Príncipe | Tanzânia | Togo | Zimbábue | Zâmbia | África do Sul | África do Sul (Histórico/Outro),mv613 | s613 | s617 | sb612 | sh224 | sh227 | sm312 | smq312 | v613 | w513,Ideal number of children | ideal number of children | ideal number of children   -na | na - ideal number of children
index to birth history,38,185,Angola | Benin | Burkina Faso | Burundi | Camarões | Chade | Comores | Congo (Brazzaville) | Congo (República Democrática) | Costa do Marfim | Eswatini (Suazilândia) | Etiópia | Gabão | Gana | Guiné | Gâmbia | Lesoto | Libéria | Madagascar | Malaui | Mali | Moçambique | Namíbia | Nigéria | Níger | Quênia | República Centro-Africana | Ruanda | Senegal | Serra Leoa | Sudão | São Tomé e Príncipe | Tanzânia | Togo | Zimbábue | Zâmbia | África do Sul | África do Sul (Histórico/Outro),bidx97 | bidx98 | bidx98_1 | bidx98_2 | bidx98_3 | bidx98_4 | bidx98_5 | bidx98_6 | bidx98_7 | bidx9_01 | bidx9_02 | bidx9_03 | bidx9_04 | bidx9_05 | bidx9_06 | bidx9_07 | bidx9_08 | bidx9_09 | bidx9_10 | bidx9_11 | bidx9_12 | bidx9_13 | bidx9_14 | cpidx_07 | cpidx_1 | cpidx_2 | cpidx_3 | cpidx_4 | cpidx_5 | cpidx_6 | cpidx_7 | hidx | hidx_1 | hidx_2 | hidx_3 | hidx_4 | hidx_5 | hidx_6 | hidxa | hidxa_1 | hidxa_2 | hidxa_3 | hidxa_4 | hidxa_5 | hidxa_6 | hwidx | hwidx_1 | hwidx_2 | hwidx_3 | hwidx_4 | hwidx_5 | hwidx_6 | idx92 | idx92_01 | idx92_02 | idx92_03 | idx92_04 | idx92_05 | idx92_06 | idx92_07 | idx92_08 | idx92_09 | idx92_10 | idx92_11 | idx92_12 | idx92_13 | idx92_14 | idx92_15 | idx92_16 | idx92_17 | idx92_18 | idx92_19 | idx92_20 | idx94 | idx94_1 | idx94_2 | idx94_3 | idx94_4 | idx94_5 | idx94_6 | idx95 | idx95_1 | idx95_2 | idx95_3 | idx95_4 | idx95_5 | idx95_6 | idx96 | idx96_1 | idx96_2 | idx96_3 | idx96_4 | idx96_5 | idx96_6 | idx97 | idx97_1 | idx97_2 | idx97_3 | idx97_4 | idx97_5 | idx97_6 | idx97_7 | idx97_8 | idx97_9 | idx98 | idx98_1 | idx98_2 | idx98_3 | idx98_4 | idx98_5 | idx98_6 | idx98_7 | idx98_8 | idx98_9 | idxcf | idxcf_1 | idxcf_2 | idxcf_3 | idxcf_4 | idxecd | idxecd_1 | idxecd_2 | idxecd_3 | idxecd_4 | idxml | idxml_1 | idxml_2 | idxml_3 | idxml_4 | idxml_5 | idxml_6 | idxscf | midx | midx_1 | midx_2 | midx_3 | midx_4 | midx_5 | midx_6 | mnhwidx | mnhwidx_1 | mnhwidx_2 | mnhwidx_3 | mnhwidx_4 | mnhwidx_5 | mnhwidx_6 | pidxb_01 | pidxb_02 | pidxb_03 | pidxb_04 | pidxb_05 | pidxb_06 | pidxb_07 | pidxb_08 | pidxb_09 | pidxb_10 | pidxb_11 | pidxb_12 | pidxb_13 | pidxb_14 | pidxb_15 | pidxb_16 | pidxb_17 | pidxb_18 | pidxb_19 | pidxb_20 | pidxb_21 | s707 | s707_1 | s707_2 | s707_3 | s707_4 | s707_5 | s707_6 | s707_7 | s707_8 | s707_9 | s730 | s730_1 | s730_2 | s730_3 | s730_4 | s730_5 | s730_6 | ws1idx,Index to Birth History | Index to birth history | index to birth history | index to birth history     -na | index to birth history - na
intention to use,38,4,Angola | Benin | Burkina Faso | Burundi | Camarões | Chade | Comores | Congo (Brazzaville) | Congo (República Democrática) | Costa do Marfim | Eswatini (Suazilândia) | Etiópia | Gabão | Gana | Guiné | Gâmbia | Lesoto | Libéria | Madagascar | Malaui | Mali | Moçambique | Namíbia | Nigéria | Níger | Quênia | República Centro-Africana | Ruanda | Senegal | Serra Leoa | Sudão | São Tomé e Príncipe | Tanzânia | Togo | Zimbábue | Zâmbia | África do Sul | África do Sul (Histórico/Outro),mv362 | shv362 | smq209 | v362,Intention to use | intention to use | intention to use            na | intention to use           -na | intention to use          - na | na - intention to use | na-intention to use
interviewer identification,38,7,Angola | Benin | Burkina Faso | Burundi | Camarões | Chade | Comores | Congo (Brazzaville) | Congo (República Democrática) | Costa do Marfim | Eswatini (Suazilândia) | Etiópia | Gabão | Gana | Guiné | Gâmbia | Lesoto | Libéria | Madagascar | Malaui | Mali | Moçambique | Namíbia | Nigéria | Níger | Quênia | República Centro-Africana | Ruanda | Senegal | Serra Leoa | Sudão | São Tomé e Príncipe | Tanzânia | Togo | Zimbábue | Zâmbia | África do Sul | África do Sul (Histórico/Outro),hv018 | mv028 | shv805 | v028 | v805 | va028 | vah018,Interviewer identification | interviewer identification | interviewer identification -na | na - interviewer identification
keyer identification,38,8,Angola | Benin | Burkina Faso | Burundi | Camarões | Chade | Comores | Congo (Brazzaville) | Congo (República Democrática) | Costa do Marfim | Eswatini (Suazilândia) | Etiópia | Gabão | Gana | Guiné | Gâmbia | Lesoto | Libéria | Madagascar | Malaui | Mali | Moçambique | Namíbia | Nigéria | Níger | Quênia | República Centro-Africana | Ruanda | Senegal | Serra Leoa | Sudão | São Tomé e Príncipe | Tanzânia | Togo | Zimbábue | Zâmbia | África do Sul | África do Sul (Histórico/Outro),hv019 | mv029 | shv806 | smkeyer | v029 | v806 | va029 | vah019,Keyer identification | NA - Keyer identification | keyer identification | na - keyer identification | na- keyer identification | na-keyer identification
knowledge of any method,38,3,Angola | Benin | Burkina Faso | Burundi | Camarões | Chade | Comores | Congo (Brazzaville) | Congo (República Democrática) | Costa do Marfim | Eswatini (Suazilândia) | Etiópia | Gabão | Gana | Guiné | Gâmbia | Lesoto | Libéria | Madagascar | Malaui | Mali | Moçambique | Namíbia | Nigéria | Níger | Quênia | República Centro-Africana | Ruanda | Senegal | Serra Leoa | Sudão | São Tomé e Príncipe | Tanzânia | Togo | Zimbábue | Zâmbia | África do Sul | África do Sul (Histórico/Outro),mv301 | shv301 | v301,Knowledge of any method | knowledge of any method | knowledge of any method    -na | knowledge of any method {na} | na - knowledge of any method
knowledge of ovulatory cycle,38,3,Angola | Benin | Burkina Faso | Burundi | Camarões | Chade | Comores | Congo (Brazzaville) | Congo (República Democrática) | Costa do Marfim | Eswatini (Suazilândia) | Etiópia | Gabão | Gana | Guiné | Gâmbia | Lesoto | Libéria | Madagascar | Malaui | Mali | Moçambique | Namíbia | Nigéria | Níger | Quênia | República Centro-Africana | Ruanda | Senegal | Serra Leoa | Sudão | São Tomé e Príncipe | Tanzânia | Togo | Zimbábue | Zâmbia | África do Sul | África do Sul (Histórico/Outro),mv217 | sm210 | v217,Knowledge of ovulatory cycle | NA - Knowledge of ovulatory cycle | knowledge of ovulatory cycle | knowledge of ovulatory cycle -na | knowledge of ovulatory cycle {na} | na - knowledge of ovulatory cycle
knows method,38,40,Angola | Benin | Burkina Faso | Burundi | Camarões | Chade | Comores | Congo (Brazzaville) | Congo (República Democrática) | Costa do Marfim | Eswatini (Suazilândia) | Etiópia | Gabão | Gana | Guiné | Gâmbia | Lesoto | Libéria | Madagascar | Malaui | Mali | Moçambique | Namíbia | Nigéria | Níger | Quênia | República Centro-Africana | Ruanda | Senegal | Serra Leoa | Sudão | São Tomé e Príncipe | Tanzânia | Togo | Zimbábue | Zâmbia | África do Sul | África do Sul (Histórico/Outro),mv304_01 | mv304_02 | mv304_03 | mv304_04 | mv304_05 | mv304_06 | mv304_07 | mv304_08 | mv304_09 | mv304_10 | mv304_11 | mv304_12 | mv304_13 | mv304_14 | mv304_15 | mv304_16 | mv304_17 | mv304_18 | mv304_19 | mv304_20 | v304_01 | v304_02 | v304_03 | v304_04 | v304_05 | v304_06 | v304_07 | v304_08 | v304_09 | v304_10 | v304_11 | v304_12 | v304_13 | v304_14 | v304_15 | v304_16 | v304_17 | v304_18 | v304_19 | v304_20,Knows method | knows method | knows method               -na | knows method {na} | na - knows method
last source for current users,38,1,Angola | Benin | Burkina Faso | Burundi | Camarões | Chade | Comores | Congo (Brazzaville) | Congo (República Democrática) | Costa do Marfim | Eswatini (Suazilândia) | Etiópia | Gabão | Gana | Guiné | Gâmbia | Lesoto | Libéria | Madagascar | Malaui | Mali | Moçambique | Namíbia | Nigéria | Níger | Quênia | República Centro-Africana | Ruanda | Senegal | Serra Leoa | Sudão | São Tomé e Príncipe | Tanzânia | Togo | Zimbábue | Zâmbia | África do Sul | África do Sul (Histórico/Outro),v326,Last source for current users | last source for current users | na - last source for current users
last source for users by type,38,1,Angola | Benin | Burkina Faso | Burundi | Camarões | Chade | Comores | Congo (Brazzaville) | Congo (República Democrática) | Costa do Marfim | Eswatini (Suazilândia) | Etiópia | Gabão | Gana | Guiné | Gâmbia | Lesoto | Libéria | Madagascar | Malaui | Mali | Moçambique | Namíbia | Nigéria | Níger | Quênia | República Centro-Africana | Ruanda | Senegal | Serra Leoa | Sudão | São Tomé e Príncipe | Tanzânia | Togo | Zimbábue | Zâmbia | África do Sul | África do Sul (Histórico/Outro),v327,Last source for users by type | last source for users by type | na - last source for users by type
length of interview in minutes,38,3,Angola | Benin | Burkina Faso | Burundi | Camarões | Chade | Comores | Congo (Brazzaville) | Congo (República Democrática) | Costa do Marfim | Eswatini (Suazilândia) | Etiópia | Gabão | Gana | Guiné | Gâmbia | Lesoto | Libéria | Madagascar | Malaui | Mali | Moçambique | Namíbia | Nigéria | Níger | Quênia | República Centro-Africana | Ruanda | Senegal | Serra Leoa | Sudão | São Tomé e Príncipe | Tanzânia | Togo | Zimbábue | Zâmbia | África do Sul | África do Sul (Histórico/Outro),hv803 | mv803 | v803,Length of interview in minutes | length of interview in minutes | na - length of interview in minutes
line number,38,200,Angola | Benin | Burkina Faso | Burundi | Camarões | Chade | Comores | Congo (Brazzaville) | Congo (República Democrática) | Costa do Marfim | Eswatini (Suazilândia) | Etiópia | Gabão | Gana | Guiné | Gâmbia | Lesoto | Libéria | Madagascar | Malaui | Mali | Moçambique | Namíbia | Nigéria | Níger | Quênia | República Centro-Africana | Ruanda | Senegal | Serra Leoa | Sudão | São Tomé e Príncipe | Tanzânia | Togo | Zimbábue | Zâmbia | África do Sul | África do Sul (Histórico/Outro),col1_45 | dcline | hvidx | hvidx_01 | hvidx_02 | hvidx_03 | hvidx_04 | hvidx_05 | hvidx_06 | hvidx_07 | hvidx_08 | hvidx_09 | hvidx_10 | hvidx_11 | hvidx_12 | hvidx_13 | hvidx_14 | hvidx_15 | hvidx_16 | hvidx_17 | hvidx_18 | hvidx_19 | hvidx_20 | hvidx_21 | hvidx_22 | hvidx_23 | hvidx_24 | hvidx_25 | hvidx_26 | hvidx_27 | hvidx_28 | hvidx_29 | hvidx_30 | hvidx_31 | hvidx_32 | hvidx_33 | hvidx_34 | hvidx_35 | hvidx_36 | hvidx_37 | hvidx_38 | hvidx_39 | hvidx_40 | hvidx_41 | hvidx_42 | hvidx_43 | hvidx_44 | hvidx_45 | hvidx_46 | hvidx_47 | hvidx_48 | hvidx_49 | hvidx_50 | hvidx_51 | hvidx_52 | hvidx_53 | hvidx_54 | hvidx_55 | hvidx_56 | hvidx_57 | hvidx_58 | hvidx_59 | hvidx_60 | hvidx_61 | hvidx_62 | hvidx_63 | hvidx_64 | hvidx_65 | hvidx_66 | hvidx_67 | hvidx_68 | hvidx_69 | hvidx_70 | hvidx_71 | hvidx_72 | hvidx_73 | hvidx_74 | hvidx_75 | hvidx_76 | hvidx_77 | hvidx_78 | hvidx_79 | hvidx_80 | hvidx_81 | hvidx_82 | hvidx_83 | hvidx_84 | hvidx_85 | hvidx_86 | hvidx_87 | hvidx_88 | hvidx_89 | hvidx_90 | hvidx_91 | hvidx_92 | hvidx_93 | hvidx_94 | hvidx_95 | hvidx_96 | hvidx_97 | hvidx_98 | hvidx_99 | idxha | idxha_1 | idxha_2 | idxhb | idxhb_1 | idxhb_2 | idxhb_3 | idxhb_4 | p403 | p403_1 | p403_2 | p403_3 | p403_4 | p403_5 | p403_6 | p403_7 | q403 | q503 | s225c | s225c_01 | s225c_02 | s225c_03 | s225c_04 | s225c_05 | s225c_06 | s225c_07 | s225c_08 | s225c_09 | s225c_10 | s225c_11 | s225c_12 | s225c_13 | s225c_14 | s225c_15 | s225c_16 | s225c_17 | s225c_18 | s225c_19 | s225c_20 | s228a | s228a_1 | s228a_2 | s228a_3 | s228a_4 | s228a_5 | s228a_6 | s232 | s232_1 | s232_2 | s232_3 | s232_4 | s232_5 | s232_6 | s233n_1 | s233n_2 | s233n_3 | s233n_4 | s233n_5 | s233n_6 | sh309 | sh309_01 | sh309_02 | sh309_03 | sh309_04 | sh309_05 | sh309_06 | sh309_07 | sh309_08 | sh309_09 | sh309_10 | sh71_1 | sh71_2 | sh71_3 | sh71_4 | sh71_5 | sh71_6 | shln | shln_01 | shln_02 | shln_03 | shln_04 | shln_05 | shln_06 | shln_07 | shln_08 | shln_09 | shln_10 | shln_11 | shln_12 | shln_13 | shln_14 | shln_15 | shln_16 | shln_17 | shln_18 | shln_19 | shln_20 | v003,Line number | line number
literacy,38,92,Angola | Benin | Burkina Faso | Burundi | Camarões | Chade | Comores | Congo (Brazzaville) | Congo (República Democrática) | Costa do Marfim | Eswatini (Suazilândia) | Etiópia | Gabão | Gana | Guiné | Gâmbia | Lesoto | Libéria | Madagascar | Malaui | Mali | Moçambique | Namíbia | Nigéria | Níger | Quênia | República Centro-Africana | Ruanda | Senegal | Serra Leoa | Sudão | São Tomé e Príncipe | Tanzânia | Togo | Zimbábue | Zâmbia | África do Sul | África do Sul (Histórico/Outro),mv108 | mv155 | s105 | s110 | s111 | s114 | sh20a | sh20a_01 | sh20a_02 | sh20a_03 | sh20a_04 | sh20a_05 | sh20a_06 | sh20a_07 | sh20a_08 | sh20a_09 | sh20a_10 | sh20a_11 | sh20a_12 | sh20a_13 | sh20a_14 | sh20a_15 | sh20a_16 | sh20a_17 | sh20a_18 | sh20a_19 | sh20a_20 | sh20a_21 | sh20a_22 | sh20a_23 | sh20a_24 | sh20a_25 | sh20a_26 | sh20a_27 | sh20a_28 | sh20a_29 | sh20a_30 | sh20a_31 | sh20a_32 | sh20a_33 | sh20a_34 | sh20a_35 | sh20a_36 | sh20a_37 | sh20a_38 | sh20a_39 | sh20a_40 | sh20a_41 | sh20a_42 | sh20a_43 | sh20b | sh20b_01 | sh20b_02 | sh20b_03 | sh20b_04 | sh20b_05 | sh20b_06 | sh20b_07 | sh20b_08 | sh20b_09 | sh20b_10 | sh20b_11 | sh20b_12 | sh20b_13 | sh20b_14 | sh20b_15 | sh20b_16 | sh20b_17 | sh20b_18 | sh20b_19 | sh20b_20 | sh20b_21 | sh20b_22 | sh20b_23 | sh20b_24 | sh20b_25 | sh20b_26 | sh20b_27 | sh20b_28 | sh20b_29 | sh20b_30 | sh20b_31 | sh20b_32 | sh20b_33 | sh20b_34 | sh20b_35 | shv108 | sm110 | sm113 | sm114 | v108 | v155,Literacy | NA - Literacy | literacy | literacy                    na | literacy                   -na | literacy                  - na | literacy - na | literacy -na
living children at first use,38,5,Angola | Benin | Burkina Faso | Burundi | Camarões | Chade | Comores | Congo (Brazzaville) | Congo (República Democrática) | Costa do Marfim | Eswatini (Suazilândia) | Etiópia | Gabão | Gana | Guiné | Gâmbia | Lesoto | Libéria | Madagascar | Malaui | Mali | Moçambique | Namíbia | Nigéria | Níger | Quênia | República Centro-Africana | Ruanda | Senegal | Serra Leoa | Sudão | São Tomé e Príncipe | Tanzânia | Togo | Zimbábue | Zâmbia | África do Sul | África do Sul (Histórico/Outro),q306a | q606 | sm308 | v310 | w307,Living children at first use | NA - Living children at first use | NA-Living children at first use | living children at first use | na - living children at first use | na-living children at first use
main floor material,38,5,Angola | Benin | Burkina Faso | Burundi | Camarões | Chade | Comores | Congo (Brazzaville) | Congo (República Democrática) | Costa do Marfim | Eswatini (Suazilândia) | Etiópia | Gabão | Gana | Guiné | Gâmbia | Lesoto | Libéria | Madagascar | Malaui | Mali | Moçambique | Namíbia | Nigéria | Níger | Quênia | República Centro-Africana | Ruanda | Senegal | Serra Leoa | Sudão | São Tomé e Príncipe | Tanzânia | Togo | Zimbábue | Zâmbia | África do Sul | África do Sul (Histórico/Outro),hv213 | qh117 | smh117 | v127 | va1419,Main floor material | main floor material | main floor material         na
main roof material,38,8,Angola | Benin | Burkina Faso | Burundi | Camarões | Chade | Comores | Congo (Brazzaville) | Congo (República Democrática) | Costa do Marfim | Eswatini (Suazilândia) | Etiópia | Gabão | Gana | Guiné | Gâmbia | Lesoto | Libéria | Madagascar | Malaui | Mali | Moçambique | Namíbia | Nigéria | Níger | Quênia | República Centro-Africana | Ruanda | Senegal | Serra Leoa | Sudão | São Tomé e Príncipe | Tanzânia | Togo | Zimbábue | Zâmbia | África do Sul | África do Sul (Histórico/Outro),hv215 | qh115 | qh118 | sh37 | sm128b | smh118 | v129 | va1420,Main roof material | main roof material | main roof material          na | main roof material          na! | main roof material         -na | main roof material        - na | main roof material        - na! | main roof material        -na
main wall material,38,7,Angola | Benin | Burkina Faso | Burundi | Camarões | Chade | Comores | Congo (Brazzaville) | Congo (República Democrática) | Costa do Marfim | Eswatini (Suazilândia) | Etiópia | Gabão | Gana | Guiné | Gâmbia | Lesoto | Libéria | Madagascar | Malaui | Mali | Moçambique | Namíbia | Nigéria | Níger | Quênia | República Centro-Africana | Ruanda | Senegal | Serra Leoa | Sudão | São Tomé e Príncipe | Tanzânia | Togo | Zimbábue | Zâmbia | África do Sul | África do Sul (Histórico/Outro),hv214 | qh116 | qh119 | sh38 | smh119 | v128 | va1421,Main wall material | main wall material | main wall material          na | main wall material          na! | main wall material         -na | main wall material        - na | main wall material        - na! | main wall material        -na
measles day,38,14,Angola | Benin | Burkina Faso | Burundi | Camarões | Chade | Comores | Congo (Brazzaville) | Congo (República Democrática) | Costa do Marfim | Eswatini (Suazilândia) | Etiópia | Gabão | Gana | Guiné | Gâmbia | Lesoto | Libéria | Madagascar | Malaui | Mali | Moçambique | Namíbia | Nigéria | Níger | Quênia | República Centro-Africana | Ruanda | Senegal | Serra Leoa | Sudão | São Tomé e Príncipe | Tanzânia | Togo | Zimbábue | Zâmbia | África do Sul | África do Sul (Histórico/Outro),h9d | h9d_1 | h9d_2 | h9d_3 | h9d_4 | h9d_5 | h9d_6 | s4md | s4md_1 | s4md_2 | s4md_3 | s4md_4 | s4md_5 | s4md_6,MEASLES day | NA - MEASLES day | measles day | measles day - na | na - measles day
measles month,38,14,Angola | Benin | Burkina Faso | Burundi | Camarões | Chade | Comores | Congo (Brazzaville) | Congo (República Democrática) | Costa do Marfim | Eswatini (Suazilândia) | Etiópia | Gabão | Gana | Guiné | Gâmbia | Lesoto | Libéria | Madagascar | Malaui | Mali | Moçambique | Namíbia | Nigéria | Níger | Quênia | República Centro-Africana | Ruanda | Senegal | Serra Leoa | Sudão | São Tomé e Príncipe | Tanzânia | Togo | Zimbábue | Zâmbia | África do Sul | África do Sul (Histórico/Outro),h9m | h9m_1 | h9m_2 | h9m_3 | h9m_4 | h9m_5 | h9m_6 | s4mm | s4mm_1 | s4mm_2 | s4mm_3 | s4mm_4 | s4mm_5 | s4mm_6,MEASLES month | NA - MEASLES month | measles month | measles month - na | na - measles month
measles year,38,14,Angola | Benin | Burkina Faso | Burundi | Camarões | Chade | Comores | Congo (Brazzaville) | Congo (República Democrática) | Costa do Marfim | Eswatini (Suazilândia) | Etiópia | Gabão | Gana | Guiné | Gâmbia | Lesoto | Libéria | Madagascar | Malaui | Mali | Moçambique | Namíbia | Nigéria | Níger | Quênia | República Centro-Africana | Ruanda | Senegal | Serra Leoa | Sudão | São Tomé e Príncipe | Tanzânia | Togo | Zimbábue | Zâmbia | África do Sul | África do Sul (Histórico/Outro),h9y | h9y_1 | h9y_2 | h9y_3 | h9y_4 | h9y_5 | h9y_6 | s4my | s4my_1 | s4my_2 | s4my_3 | s4my_4 | s4my_5 | s4my_6,MEASLES year | NA - MEASLES year | measles year | measles year - na | na - measles year
measurer s code,38,3,Angola | Benin | Burkina Faso | Burundi | Camarões | Chade | Comores | Congo (Brazzaville) | Congo (República Democrática) | Costa do Marfim | Eswatini (Suazilândia) | Etiópia | Gabão | Gana | Guiné | Gâmbia | Lesoto | Libéria | Madagascar | Malaui | Mali | Moçambique | Namíbia | Nigéria | Níger | Quênia | República Centro-Africana | Ruanda | Senegal | Serra Leoa | Sudão | São Tomé e Príncipe | Tanzânia | Togo | Zimbábue | Zâmbia | África do Sul | África do Sul (Histórico/Outro),mnv420 | s1111a | v420,"Measurer's code | NA - Measurer's code | NA-Measurer's code | [na] measurer's code | measurer""s code | measurer's code | measurer's code             na | measurer's code            -na"
menstruated in last six weeks,38,1,Angola | Benin | Burkina Faso | Burundi | Camarões | Chade | Comores | Congo (Brazzaville) | Congo (República Democrática) | Costa do Marfim | Eswatini (Suazilândia) | Etiópia | Gabão | Gana | Guiné | Gâmbia | Lesoto | Libéria | Madagascar | Malaui | Mali | Moçambique | Namíbia | Nigéria | Níger | Quênia | República Centro-Africana | Ruanda | Senegal | Serra Leoa | Sudão | São Tomé e Príncipe | Tanzânia | Togo | Zimbábue | Zâmbia | África do Sul | África do Sul (Histórico/Outro),v216,Menstruated in last six weeks | NA - Menstruated in last six weeks | menstruated in last six weeks | na - menstruated in last six weeks
month of birth,38,234,Angola | Benin | Burkina Faso | Burundi | Camarões | Chade | Comores | Congo (Brazzaville) | Congo (República Democrática) | Costa do Marfim | Eswatini (Suazilândia) | Etiópia | Gabão | Gana | Guiné | Gâmbia | Lesoto | Libéria | Madagascar | Malaui | Mali | Moçambique | Namíbia | Nigéria | Níger | Quênia | República Centro-Africana | Ruanda | Senegal | Serra Leoa | Sudão | São Tomé e Príncipe | Tanzânia | Togo | Zimbábue | Zâmbia | África do Sul | África do Sul (Histórico/Outro),b1 | b1_01 | b1_02 | b1_03 | b1_04 | b1_05 | b1_06 | b1_07 | b1_08 | b1_09 | b1_1 | b1_10 | b1_11 | b1_12 | b1_13 | b1_14 | b1_15 | b1_16 | b1_17 | b1_18 | b1_19 | b1_2 | b1_20 | b1_21 | b1_3 | hc30 | hc30_01 | hc30_02 | hc30_03 | hc30_04 | hc30_05 | hc30_06 | hc30_07 | hc30_08 | hc30_09 | hc30_1 | hc30_10 | hc30_11 | hc30_12 | hc30_13 | hc30_14 | hc30_15 | hc30_16 | hc30_17 | hc30_18 | hc30_19 | hc30_2 | hc30_20 | hc30_21 | hc30_22 | hc30_23 | hc30_24 | hc30_25 | hc30_26 | hc30_3 | hc30_4 | hc30_5 | hc30_6 | hc30_7 | hc30_8 | hc30_9 | hvc30 | hvc30_1 | hvc30_2 | hvc30_3 | hvc30_4 | hvc30_5 | hvc30_6 | hvc30_7 | hvc30_8 | mhc30 | mhc30_01 | mhc30_02 | mhc30_03 | mhc30_04 | mhc30_05 | mhc30_06 | mhc30_07 | mhc30_08 | mhc30_09 | mhc30_1 | mhc30_10 | mhc30_2 | mhc30_3 | mhc30_4 | mv009 | p220m | p220m_01 | p220m_02 | p220m_03 | p220m_04 | p220m_05 | p220m_06 | p220m_07 | p220m_08 | p220m_09 | p220m_10 | p220m_11 | p220m_12 | p220m_13 | p220m_14 | q101m | q102m | q103m | q105m | q224m_01 | q224m_02 | q224m_03 | q224m_04 | q224m_05 | q224m_06 | q224m_07 | q224m_08 | q224m_09 | q224m_10 | q224m_11 | q224m_12 | q224m_13 | q224m_14 | q224m_15 | q224m_16 | s212m | s220m | s220m_01 | s220m_02 | s220m_03 | s220m_04 | s220m_05 | s220m_06 | s220m_07 | s220m_08 | s220m_09 | s220m_10 | s220m_11 | s220m_12 | s220m_13 | s220m_14 | s220m_15 | s220m_16 | s220m_17 | s220m_18 | s220m_19 | s220m_20 | s225dm | s225dm_01 | s225dm_02 | s225dm_03 | s225dm_04 | s225dm_05 | s225dm_06 | s225dm_07 | s225dm_08 | s225dm_09 | s225dm_10 | s225dm_11 | s225dm_12 | s225dm_13 | s225dm_14 | s225dm_15 | s225dm_16 | s225dm_17 | s225dm_18 | s225dm_19 | s225dm_20 | sh06am | sh06am_01 | sh06am_02 | sh06am_03 | sh06am_04 | sh06am_05 | sh06am_06 | sh06am_07 | sh06am_08 | sh06am_09 | sh06am_10 | sh06am_11 | sh06am_12 | sh06am_13 | sh06am_14 | sh06am_15 | sh06am_16 | sh06am_17 | sh06am_18 | sh06am_19 | sh06am_20 | sh06am_21 | sh06am_22 | sh06am_23 | sh06am_24 | sh07m | sh07m_01 | sh07m_02 | sh07m_03 | sh07m_04 | sh07m_05 | sh07m_06 | sh07m_07 | sh07m_08 | sh07m_09 | sh07m_10 | sh07m_11 | sh07m_12 | sh07m_13 | sh07m_14 | sh07m_15 | sh07m_16 | sh07m_17 | sh07m_18 | sh07m_19 | sh07m_20 | sh07m_21 | sh07m_22 | sh07m_23 | sh07m_24 | sh103m | sh19 | sh19_1 | sh19_2 | sh19_3 | shh4m | shh4m_1 | shh4m_2 | shh4m_3 | shh4m_4 | shh4m_5 | shh4m_6 | shh4m_7 | shh4m_8 | sm102m | sm104m | smq102m | va102m | va303m | w105m,Month of birth | month of birth
month of interview,38,31,Angola | Benin | Burkina Faso | Burundi | Camarões | Chade | Comores | Congo (Brazzaville) | Congo (República Democrática) | Costa do Marfim | Eswatini (Suazilândia) | Etiópia | Gabão | Gana | Guiné | Gâmbia | Lesoto | Libéria | Madagascar | Malaui | Mali | Moçambique | Namíbia | Nigéria | Níger | Quênia | República Centro-Africana | Ruanda | Senegal | Serra Leoa | Sudão | São Tomé e Príncipe | Tanzânia | Togo | Zimbábue | Zâmbia | África do Sul | África do Sul (Histórico/Outro),cintm | hhintm | hmonth | hv006 | mv006 | qintm | sbintm | sbintm_01 | sbintm_02 | sbintm_03 | sbintm_04 | sbintm_05 | sbintm_06 | sbintm_07 | sbintm_08 | sbintm_09 | sbintm_10 | sbintm_11 | sbintm_12 | sbintm_13 | sbintm_14 | sbintm_15 | sbintm_16 | shmonth | shv006 | sintm | smintm | v006 | va006 | vah006 | wintm,Month of interview | month of interview
months of abstinence,38,8,Angola | Benin | Burkina Faso | Burundi | Camarões | Chade | Comores | Congo (Brazzaville) | Congo (República Democrática) | Costa do Marfim | Eswatini (Suazilândia) | Etiópia | Gabão | Gana | Guiné | Gâmbia | Lesoto | Libéria | Madagascar | Malaui | Mali | Moçambique | Namíbia | Nigéria | Níger | Quênia | República Centro-Africana | Ruanda | Senegal | Serra Leoa | Sudão | São Tomé e Príncipe | Tanzânia | Togo | Zimbábue | Zâmbia | África do Sul | África do Sul (Histórico/Outro),m9 | m9_1 | m9_2 | m9_3 | m9_4 | m9_5 | m9_6 | v537,Months of abstinence | NA - Months of abstinence | months of abstinence | months of abstinence      - na | na - months of abstinence
months of amenorrhea,38,7,Angola | Benin | Burkina Faso | Burundi | Camarões | Chade | Comores | Congo (Brazzaville) | Congo (República Democrática) | Costa do Marfim | Eswatini (Suazilândia) | Etiópia | Gabão | Gana | Guiné | Gâmbia | Lesoto | Libéria | Madagascar | Malaui | Mali | Moçambique | Namíbia | Nigéria | Níger | Quênia | República Centro-Africana | Ruanda | Senegal | Serra Leoa | Sudão | São Tomé e Príncipe | Tanzânia | Togo | Zimbábue | Zâmbia | África do Sul | África do Sul (Histórico/Outro),m7 | m7_1 | m7_2 | m7_3 | m7_4 | m7_5 | m7_6,Months of amenorrhea | NA - Months of amenorrhea | months of amenorrhea | na - months of amenorrhea
months of breastfeeding,38,7,Angola | Benin | Burkina Faso | Burundi | Camarões | Chade | Comores | Congo (Brazzaville) | Congo (República Democrática) | Costa do Marfim | Eswatini (Suazilândia) | Etiópia | Gabão | Gana | Guiné | Gâmbia | Lesoto | Libéria | Madagascar | Malaui | Mali | Moçambique | Namíbia | Nigéria | Níger | Quênia | República Centro-Africana | Ruanda | Senegal | Serra Leoa | Sudão | São Tomé e Príncipe | Tanzânia | Togo | Zimbábue | Zâmbia | África do Sul | África do Sul (Histórico/Outro),m5 | m5_1 | m5_2 | m5_3 | m5_4 | m5_5 | m5_6,Months of breastfeeding | NA - Months of breastfeeding | months of breastfeeding | na - months of breastfeeding
number of household members,38,4,Angola | Benin | Burkina Faso | Burundi | Camarões | Chade | Comores | Congo (Brazzaville) | Congo (República Democrática) | Costa do Marfim | Eswatini (Suazilândia) | Etiópia | Gabão | Gana | Guiné | Gâmbia | Lesoto | Libéria | Madagascar | Malaui | Mali | Moçambique | Namíbia | Nigéria | Níger | Quênia | República Centro-Africana | Ruanda | Senegal | Serra Leoa | Sudão | São Tomé e Príncipe | Tanzânia | Togo | Zimbábue | Zâmbia | África do Sul | África do Sul (Histórico/Outro),hv009 | mv136 | v136 | vah009,Number of HOUSEHOLD members | Number of household members | number of household members
number of living children,38,2,Angola | Benin | Burkina Faso | Burundi | Camarões | Chade | Comores | Congo (Brazzaville) | Congo (República Democrática) | Costa do Marfim | Eswatini (Suazilândia) | Etiópia | Gabão | Gana | Guiné | Gâmbia | Lesoto | Libéria | Madagascar | Malaui | Mali | Moçambique | Namíbia | Nigéria | Níger | Quênia | República Centro-Africana | Ruanda | Senegal | Serra Leoa | Sudão | São Tomé e Príncipe | Tanzânia | Togo | Zimbábue | Zâmbia | África do Sul | África do Sul (Histórico/Outro),mv218 | v218,NA - Number of living children | Number of living children | na - number of living children | number of living children
number of other wives,38,5,Angola | Benin | Burkina Faso | Burundi | Camarões | Chade | Comores | Congo (Brazzaville) | Congo (República Democrática) | Costa do Marfim | Eswatini (Suazilândia) | Etiópia | Gabão | Gana | Guiné | Gâmbia | Lesoto | Libéria | Madagascar | Malaui | Mali | Moçambique | Namíbia | Nigéria | Níger | Quênia | República Centro-Africana | Ruanda | Senegal | Serra Leoa | Sudão | São Tomé e Príncipe | Tanzânia | Togo | Zimbábue | Zâmbia | África do Sul | África do Sul (Histórico/Outro),q409 | s505 | s508 | v505 | w407,Number of other wives | na - number of other wives | number of other wives | number of other wives     - na
number of unions,38,2,Angola | Benin | Burkina Faso | Burundi | Camarões | Chade | Comores | Congo (Brazzaville) | Congo (República Democrática) | Costa do Marfim | Eswatini (Suazilândia) | Etiópia | Gabão | Gana | Guiné | Gâmbia | Lesoto | Libéria | Madagascar | Malaui | Mali | Moçambique | Namíbia | Nigéria | Níger | Quênia | República Centro-Africana | Ruanda | Senegal | Serra Leoa | Sudão | São Tomé e Príncipe | Tanzânia | Togo | Zimbábue | Zâmbia | África do Sul | África do Sul (Histórico/Outro),mv503 | v503,Number of unions | na - number of unions | na-number of unions | number of unions | number of unions            na | number of unions          - na | number of unions - na
number of visits,38,27,Angola | Benin | Burkina Faso | Burundi | Camarões | Chade | Comores | Congo (Brazzaville) | Congo (República Democrática) | Costa do Marfim | Eswatini (Suazilândia) | Etiópia | Gabão | Gana | Guiné | Gâmbia | Lesoto | Libéria | Madagascar | Malaui | Mali | Moçambique | Namíbia | Nigéria | Níger | Quênia | República Centro-Africana | Ruanda | Senegal | Serra Leoa | Sudão | São Tomé e Príncipe | Tanzânia | Togo | Zimbábue | Zâmbia | África do Sul | África do Sul (Histórico/Outro),hv017 | mv027 | sbvisits | sbvisits_01 | sbvisits_02 | sbvisits_03 | sbvisits_04 | sbvisits_05 | sbvisits_06 | sbvisits_07 | sbvisits_08 | sbvisits_09 | sbvisits_10 | sbvisits_11 | sbvisits_12 | sbvisits_13 | sbvisits_14 | sbvisits_15 | sbvisits_16 | shv804 | shvisits | smvisits | v027 | v804 | va027 | va1311v | vah017,Number of visits | na - number of visits | number of visits
parity at sterilization,38,1,Angola | Benin | Burkina Faso | Burundi | Camarões | Chade | Comores | Congo (Brazzaville) | Congo (República Democrática) | Costa do Marfim | Eswatini (Suazilândia) | Etiópia | Gabão | Gana | Guiné | Gâmbia | Lesoto | Libéria | Madagascar | Malaui | Mali | Moçambique | Namíbia | Nigéria | Níger | Quênia | República Centro-Africana | Ruanda | Senegal | Serra Leoa | Sudão | São Tomé e Príncipe | Tanzânia | Togo | Zimbábue | Zâmbia | África do Sul | África do Sul (Histórico/Outro),v322,Parity at sterilization | na - parity at sterilization | parity at sterilization | parity at sterilization    -na
pattern of use,38,2,Angola | Benin | Burkina Faso | Burundi | Camarões | Chade | Comores | Congo (Brazzaville) | Congo (República Democrática) | Costa do Marfim | Eswatini (Suazilândia) | Etiópia | Gabão | Gana | Guiné | Gâmbia | Lesoto | Libéria | Madagascar | Malaui | Mali | Moçambique | Namíbia | Nigéria | Níger | Quênia | República Centro-Africana | Ruanda | Senegal | Serra Leoa | Sudão | São Tomé e Príncipe | Tanzânia | Togo | Zimbábue | Zâmbia | África do Sul | África do Sul (Histórico/Outro),mv361 | v361,Pattern of use | na - pattern of use | pattern of use | pattern of use             -na
polio 1 day,38,28,Angola | Benin | Burkina Faso | Burundi | Camarões | Chade | Comores | Congo (Brazzaville) | Congo (República Democrática) | Costa do Marfim | Eswatini (Suazilândia) | Etiópia | Gabão | Gana | Guiné | Gâmbia | Lesoto | Libéria | Madagascar | Malaui | Mali | Moçambique | Namíbia | Nigéria | Níger | Quênia | República Centro-Africana | Ruanda | Senegal | Serra Leoa | Sudão | São Tomé e Príncipe | Tanzânia | Togo | Zimbábue | Zâmbia | África do Sul | África do Sul (Histórico/Outro),h4d | h4d_1 | h4d_2 | h4d_3 | h4d_4 | h4d_5 | h4d_6 | s4p1d | s4p1d_1 | s4p1d_2 | s4p1d_3 | s4p1d_4 | s4p1d_5 | s4p1d_6 | sd104p1 | sd104p1_1 | sd104p1_2 | sd104p1_3 | sd104p1_4 | sd104p1_5 | sd104p1_6 | sd1508p1 | sd1508p1_1 | sd1508p1_2 | sd1508p1_3 | sd1508p1_4 | sd1508p1_5 | sd1508p1_6,NA - POLIO 1 day | POLIO 1 day | na - polio 1 day | polio 1 day | polio 1 day - na
polio 1 month,38,28,Angola | Benin | Burkina Faso | Burundi | Camarões | Chade | Comores | Congo (Brazzaville) | Congo (República Democrática) | Costa do Marfim | Eswatini (Suazilândia) | Etiópia | Gabão | Gana | Guiné | Gâmbia | Lesoto | Libéria | Madagascar | Malaui | Mali | Moçambique | Namíbia | Nigéria | Níger | Quênia | República Centro-Africana | Ruanda | Senegal | Serra Leoa | Sudão | São Tomé e Príncipe | Tanzânia | Togo | Zimbábue | Zâmbia | África do Sul | África do Sul (Histórico/Outro),h4m | h4m_1 | h4m_2 | h4m_3 | h4m_4 | h4m_5 | h4m_6 | s4p1m | s4p1m_1 | s4p1m_2 | s4p1m_3 | s4p1m_4 | s4p1m_5 | s4p1m_6 | sm104p1 | sm104p1_1 | sm104p1_2 | sm104p1_3 | sm104p1_4 | sm104p1_5 | sm104p1_6 | sm1508p1 | sm1508p1_1 | sm1508p1_2 | sm1508p1_3 | sm1508p1_4 | sm1508p1_5 | sm1508p1_6,NA - POLIO 1 month | POLIO 1 month | na - polio 1 month | polio 1 month | polio 1 month - na
polio 1 year,38,28,Angola | Benin | Burkina Faso | Burundi | Camarões | Chade | Comores | Congo (Brazzaville) | Congo (República Democrática) | Costa do Marfim | Eswatini (Suazilândia) | Etiópia | Gabão | Gana | Guiné | Gâmbia | Lesoto | Libéria | Madagascar | Malaui | Mali | Moçambique | Namíbia | Nigéria | Níger | Quênia | República Centro-Africana | Ruanda | Senegal | Serra Leoa | Sudão | São Tomé e Príncipe | Tanzânia | Togo | Zimbábue | Zâmbia | África do Sul | África do Sul (Histórico/Outro),h4y | h4y_1 | h4y_2 | h4y_3 | h4y_4 | h4y_5 | h4y_6 | s4p1y | s4p1y_1 | s4p1y_2 | s4p1y_3 | s4p1y_4 | s4p1y_5 | s4p1y_6 | sy104p1 | sy104p1_1 | sy104p1_2 | sy104p1_3 | sy104p1_4 | sy104p1_5 | sy104p1_6 | sy1508p1 | sy1508p1_1 | sy1508p1_2 | sy1508p1_3 | sy1508p1_4 | sy1508p1_5 | sy1508p1_6,NA - POLIO 1 year | POLIO 1 year | na - polio 1 year | polio 1 year | polio 1 year - na
polio 2 day,38,28,Angola | Benin | Burkina Faso | Burundi | Camarões | Chade | Comores | Congo (Brazzaville) | Congo (República Democrática) | Costa do Marfim | Eswatini (Suazilândia) | Etiópia | Gabão | Gana | Guiné | Gâmbia | Lesoto | Libéria | Madagascar | Malaui | Mali | Moçambique | Namíbia | Nigéria | Níger | Quênia | República Centro-Africana | Ruanda | Senegal | Serra Leoa | Sudão | São Tomé e Príncipe | Tanzânia | Togo | Zimbábue | Zâmbia | África do Sul | África do Sul (Histórico/Outro),h6d | h6d_1 | h6d_2 | h6d_3 | h6d_4 | h6d_5 | h6d_6 | s4p2d | s4p2d_1 | s4p2d_2 | s4p2d_3 | s4p2d_4 | s4p2d_5 | s4p2d_6 | sd104p2 | sd104p2_1 | sd104p2_2 | sd104p2_3 | sd104p2_4 | sd104p2_5 | sd104p2_6 | sd1508p2 | sd1508p2_1 | sd1508p2_2 | sd1508p2_3 | sd1508p2_4 | sd1508p2_5 | sd1508p2_6,NA - POLIO 2 day | POLIO 2 day | na - polio 2 day | polio 2 day | polio 2 day - na
polio 2 month,38,28,Angola | Benin | Burkina Faso | Burundi | Camarões | Chade | Comores | Congo (Brazzaville) | Congo (República Democrática) | Costa do Marfim | Eswatini (Suazilândia) | Etiópia | Gabão | Gana | Guiné | Gâmbia | Lesoto | Libéria | Madagascar | Malaui | Mali | Moçambique | Namíbia | Nigéria | Níger | Quênia | República Centro-Africana | Ruanda | Senegal | Serra Leoa | Sudão | São Tomé e Príncipe | Tanzânia | Togo | Zimbábue | Zâmbia | África do Sul | África do Sul (Histórico/Outro),h6m | h6m_1 | h6m_2 | h6m_3 | h6m_4 | h6m_5 | h6m_6 | s4p2m | s4p2m_1 | s4p2m_2 | s4p2m_3 | s4p2m_4 | s4p2m_5 | s4p2m_6 | sm104p2 | sm104p2_1 | sm104p2_2 | sm104p2_3 | sm104p2_4 | sm104p2_5 | sm104p2_6 | sm1508p2 | sm1508p2_1 | sm1508p2_2 | sm1508p2_3 | sm1508p2_4 | sm1508p2_5 | sm1508p2_6,NA - POLIO 2 month | POLIO 2 month | na - polio 2 month | polio 2 month | polio 2 month - na
polio 2 year,38,28,Angola | Benin | Burkina Faso | Burundi | Camarões | Chade | Comores | Congo (Brazzaville) | Congo (República Democrática) | Costa do Marfim | Eswatini (Suazilândia) | Etiópia | Gabão | Gana | Guiné | Gâmbia | Lesoto | Libéria | Madagascar | Malaui | Mali | Moçambique | Namíbia | Nigéria | Níger | Quênia | República Centro-Africana | Ruanda | Senegal | Serra Leoa | Sudão | São Tomé e Príncipe | Tanzânia | Togo | Zimbábue | Zâmbia | África do Sul | África do Sul (Histórico/Outro),h6y | h6y_1 | h6y_2 | h6y_3 | h6y_4 | h6y_5 | h6y_6 | s4p2y | s4p2y_1 | s4p2y_2 | s4p2y_3 | s4p2y_4 | s4p2y_5 | s4p2y_6 | sy104p2 | sy104p2_1 | sy104p2_2 | sy104p2_3 | sy104p2_4 | sy104p2_5 | sy104p2_6 | sy1508p2 | sy1508p2_1 | sy1508p2_2 | sy1508p2_3 | sy1508p2_4 | sy1508p2_5 | sy1508p2_6,NA - POLIO 2 year | POLIO 2 year | na - polio 2 year | polio 2 year | polio 2 year - na
polio 3 day,38,28,Angola | Benin | Burkina Faso | Burundi | Camarões | Chade | Comores | Congo (Brazzaville) | Congo (República Democrática) | Costa do Marfim | Eswatini (Suazilândia) | Etiópia | Gabão | Gana | Guiné | Gâmbia | Lesoto | Libéria | Madagascar | Malaui | Mali | Moçambique | Namíbia | Nigéria | Níger | Quênia | República Centro-Africana | Ruanda | Senegal | Serra Leoa | Sudão | São Tomé e Príncipe | Tanzânia | Togo | Zimbábue | Zâmbia | África do Sul | África do Sul (Histórico/Outro),h8d | h8d_1 | h8d_2 | h8d_3 | h8d_4 | h8d_5 | h8d_6 | s4p3d | s4p3d_1 | s4p3d_2 | s4p3d_3 | s4p3d_4 | s4p3d_5 | s4p3d_6 | sd104p3 | sd104p3_1 | sd104p3_2 | sd104p3_3 | sd104p3_4 | sd104p3_5 | sd104p3_6 | sd1508p3 | sd1508p3_1 | sd1508p3_2 | sd1508p3_3 | sd1508p3_4 | sd1508p3_5 | sd1508p3_6,NA - POLIO 3 day | POLIO 3 day | na - polio 3 day | polio 3 day | polio 3 day - na
polio 3 month,38,28,Angola | Benin | Burkina Faso | Burundi | Camarões | Chade | Comores | Congo (Brazzaville) | Congo (República Democrática) | Costa do Marfim | Eswatini (Suazilândia) | Etiópia | Gabão | Gana | Guiné | Gâmbia | Lesoto | Libéria | Madagascar | Malaui | Mali | Moçambique | Namíbia | Nigéria | Níger | Quênia | República Centro-Africana | Ruanda | Senegal | Serra Leoa | Sudão | São Tomé e Príncipe | Tanzânia | Togo | Zimbábue | Zâmbia | África do Sul | África do Sul (Histórico/Outro),h8m | h8m_1 | h8m_2 | h8m_3 | h8m_4 | h8m_5 | h8m_6 | s4p3m | s4p3m_1 | s4p3m_2 | s4p3m_3 | s4p3m_4 | s4p3m_5 | s4p3m_6 | sm104p3 | sm104p3_1 | sm104p3_2 | sm104p3_3 | sm104p3_4 | sm104p3_5 | sm104p3_6 | sm1508p3 | sm1508p3_1 | sm1508p3_2 | sm1508p3_3 | sm1508p3_4 | sm1508p3_5 | sm1508p3_6,NA - POLIO 3 month | POLIO 3 month | na - polio 3 month | polio 3 month | polio 3 month - na
polio 3 year,38,28,Angola | Benin | Burkina Faso | Burundi | Camarões | Chade | Comores | Congo (Brazzaville) | Congo (República Democrática) | Costa do Marfim | Eswatini (Suazilândia) | Etiópia | Gabão | Gana | Guiné | Gâmbia | Lesoto | Libéria | Madagascar | Malaui | Mali | Moçambique | Namíbia | Nigéria | Níger | Quênia | República Centro-Africana | Ruanda | Senegal | Serra Leoa | Sudão | São Tomé e Príncipe | Tanzânia | Togo | Zimbábue | Zâmbia | África do Sul | África do Sul (Histórico/Outro),h8y | h8y_1 | h8y_2 | h8y_3 | h8y_4 | h8y_5 | h8y_6 | s4p3y | s4p3y_1 | s4p3y_2 | s4p3y_3 | s4p3y_4 | s4p3y_5 | s4p3y_6 | sy104p3 | sy104p3_1 | sy104p3_2 | sy104p3_3 | sy104p3_4 | sy104p3_5 | sy104p3_6 | sy1508p3 | sy1508p3_1 | sy1508p3_2 | sy1508p3_3 | sy1508p3_4 | sy1508p3_5 | sy1508p3_6,NA - POLIO 3 year | POLIO 3 year | na - polio 3 year | polio 3 year | polio 3 year - na
preferred future method,38,6,Angola | Benin | Burkina Faso | Burundi | Camarões | Chade | Comores | Congo (Brazzaville) | Congo (República Democrática) | Costa do Marfim | Eswatini (Suazilândia) | Etiópia | Gabão | Gana | Guiné | Gâmbia | Lesoto | Libéria | Madagascar | Malaui | Mali | Moçambique | Namíbia | Nigéria | Níger | Quênia | República Centro-Africana | Ruanda | Senegal | Serra Leoa | Sudão | São Tomé e Príncipe | Tanzânia | Togo | Zimbábue | Zâmbia | África do Sul | África do Sul (Histórico/Outro),mv363 | s327 | sm210 | sm212 | smq210 | v363,NA - Preferred future method | NA-Preferred future method | Preferred future method | na - preferred future method | na-preferred future method | preferred future method | preferred future method    -na | preferred future method   - na
received any treatment,38,10,Angola | Benin | Burkina Faso | Burundi | Camarões | Chade | Comores | Congo (Brazzaville) | Congo (República Democrática) | Costa do Marfim | Eswatini (Suazilândia) | Etiópia | Gabão | Gana | Guiné | Gâmbia | Lesoto | Libéria | Madagascar | Malaui | Mali | Moçambique | Namíbia | Nigéria | Níger | Quênia | República Centro-Africana | Ruanda | Senegal | Serra Leoa | Sudão | São Tomé e Príncipe | Tanzânia | Togo | Zimbábue | Zâmbia | África do Sul | África do Sul (Histórico/Outro),a4301 | c3301 | h21 | h21_1 | h21_2 | h21_3 | h21_4 | h21_5 | h21_6 | n2251,NA - Received any treatment | Received any treatment | na - received any treatment | received any treatment | received any treatment    - na
received bcg,38,28,Angola | Benin | Burkina Faso | Burundi | Camarões | Chade | Comores | Congo (Brazzaville) | Congo (República Democrática) | Costa do Marfim | Eswatini (Suazilândia) | Etiópia | Gabão | Gana | Guiné | Gâmbia | Lesoto | Libéria | Madagascar | Malaui | Mali | Moçambique | Namíbia | Nigéria | Níger | Quênia | República Centro-Africana | Ruanda | Senegal | Serra Leoa | Sudão | São Tomé e Príncipe | Tanzânia | Togo | Zimbábue | Zâmbia | África do Sul | África do Sul (Histórico/Outro),h2 | h2_1 | h2_2 | h2_3 | h2_4 | h2_5 | h2_6 | s104b | s104b_1 | s104b_2 | s104b_3 | s104b_4 | s104b_5 | s104b_6 | s1508b | s1508b_1 | s1508b_2 | s1508b_3 | s1508b_4 | s1508b_5 | s1508b_6 | s4b | s4b_1 | s4b_2 | s4b_3 | s4b_4 | s4b_5 | s4b_6,NA - Received BCG | Received BCG | na - received bcg | received bcg | received bcg - na
received dpt 1,38,35,Angola | Benin | Burkina Faso | Burundi | Camarões | Chade | Comores | Congo (Brazzaville) | Congo (República Democrática) | Costa do Marfim | Eswatini (Suazilândia) | Etiópia | Gabão | Gana | Guiné | Gâmbia | Lesoto | Libéria | Madagascar | Malaui | Mali | Moçambique | Namíbia | Nigéria | Níger | Quênia | República Centro-Africana | Ruanda | Senegal | Serra Leoa | Sudão | São Tomé e Príncipe | Tanzânia | Togo | Zimbábue | Zâmbia | África do Sul | África do Sul (Histórico/Outro),h3 | h3_1 | h3_2 | h3_3 | h3_4 | h3_5 | h3_6 | s104d1 | s104d1_1 | s104d1_2 | s104d1_3 | s104d1_4 | s104d1_5 | s104d1_6 | s1508d1 | s1508d1_1 | s1508d1_2 | s1508d1_3 | s1508d1_4 | s1508d1_5 | s1508d1_6 | s4d1 | s4d1_1 | s4d1_2 | s4d1_3 | s4d1_4 | s4d1_5 | s4d1_6 | sdpt1 | sdpt1_1 | sdpt1_2 | sdpt1_3 | sdpt1_4 | sdpt1_5 | sdpt1_6,NA - Received DPT 1 | Received DPT 1 | na - received dpt 1 | received dpt 1 | received dpt 1 - na
received dpt 2,38,35,Angola | Benin | Burkina Faso | Burundi | Camarões | Chade | Comores | Congo (Brazzaville) | Congo (República Democrática) | Costa do Marfim | Eswatini (Suazilândia) | Etiópia | Gabão | Gana | Guiné | Gâmbia | Lesoto | Libéria | Madagascar | Malaui | Mali | Moçambique | Namíbia | Nigéria | Níger | Quênia | República Centro-Africana | Ruanda | Senegal | Serra Leoa | Sudão | São Tomé e Príncipe | Tanzânia | Togo | Zimbábue | Zâmbia | África do Sul | África do Sul (Histórico/Outro),h5 | h5_1 | h5_2 | h5_3 | h5_4 | h5_5 | h5_6 | s104d2 | s104d2_1 | s104d2_2 | s104d2_3 | s104d2_4 | s104d2_5 | s104d2_6 | s1508d2 | s1508d2_1 | s1508d2_2 | s1508d2_3 | s1508d2_4 | s1508d2_5 | s1508d2_6 | s4d2 | s4d2_1 | s4d2_2 | s4d2_3 | s4d2_4 | s4d2_5 | s4d2_6 | sdpt2 | sdpt2_1 | sdpt2_2 | sdpt2_3 | sdpt2_4 | sdpt2_5 | sdpt2_6,NA - Received DPT 2 | Received DPT 2 | na - received dpt 2 | received dpt 2 | received dpt 2 - na
received dpt 3,38,35,Angola | Benin | Burkina Faso | Burundi | Camarões | Chade | Comores | Congo (Brazzaville) | Congo (República Democrática) | Costa do Marfim | Eswatini (Suazilândia) | Etiópia | Gabão | Gana | Guiné | Gâmbia | Lesoto | Libéria | Madagascar | Malaui | Mali | Moçambique | Namíbia | Nigéria | Níger | Quênia | República Centro-Africana | Ruanda | Senegal | Serra Leoa | Sudão | São Tomé e Príncipe | Tanzânia | Togo | Zimbábue | Zâmbia | África do Sul | África do Sul (Histórico/Outro),h7 | h7_1 | h7_2 | h7_3 | h7_4 | h7_5 | h7_6 | s104d3 | s104d3_1 | s104d3_2 | s104d3_3 | s104d3_4 | s104d3_5 | s104d3_6 | s1508d3 | s1508d3_1 | s1508d3_2 | s1508d3_3 | s1508d3_4 | s1508d3_5 | s1508d3_6 | s4d3 | s4d3_1 | s4d3_2 | s4d3_3 | s4d3_4 | s4d3_5 | s4d3_6 | sdpt3 | sdpt3_1 | sdpt3_2 | sdpt3_3 | sdpt3_4 | sdpt3_5 | sdpt3_6,NA - Received DPT 3 | Received DPT 3 | na - received dpt 3 | received dpt 3 | received dpt 3 - na
received measles,38,14,Angola | Benin | Burkina Faso | Burundi | Camarões | Chade | Comores | Congo (Brazzaville) | Congo (República Democrática) | Costa do Marfim | Eswatini (Suazilândia) | Etiópia | Gabão | Gana | Guiné | Gâmbia | Lesoto | Libéria | Madagascar | Malaui | Mali | Moçambique | Namíbia | Nigéria | Níger | Quênia | República Centro-Africana | Ruanda | Senegal | Serra Leoa | Sudão | São Tomé e Príncipe | Tanzânia | Togo | Zimbábue | Zâmbia | África do Sul | África do Sul (Histórico/Outro),h9 | h9_1 | h9_2 | h9_3 | h9_4 | h9_5 | h9_6 | s4m | s4m_1 | s4m_2 | s4m_3 | s4m_4 | s4m_5 | s4m_6,NA - Received MEASLES | Received MEASLES | na - received measles | received measles | received measles - na
received polio 1,38,28,Angola | Benin | Burkina Faso | Burundi | Camarões | Chade | Comores | Congo (Brazzaville) | Congo (República Democrática) | Costa do Marfim | Eswatini (Suazilândia) | Etiópia | Gabão | Gana | Guiné | Gâmbia | Lesoto | Libéria | Madagascar | Malaui | Mali | Moçambique | Namíbia | Nigéria | Níger | Quênia | República Centro-Africana | Ruanda | Senegal | Serra Leoa | Sudão | São Tomé e Príncipe | Tanzânia | Togo | Zimbábue | Zâmbia | África do Sul | África do Sul (Histórico/Outro),h4 | h4_1 | h4_2 | h4_3 | h4_4 | h4_5 | h4_6 | s104p1 | s104p1_1 | s104p1_2 | s104p1_3 | s104p1_4 | s104p1_5 | s104p1_6 | s1508p1 | s1508p1_1 | s1508p1_2 | s1508p1_3 | s1508p1_4 | s1508p1_5 | s1508p1_6 | s4p1 | s4p1_1 | s4p1_2 | s4p1_3 | s4p1_4 | s4p1_5 | s4p1_6,NA - Received POLIO 1 | Received POLIO 1 | na - received polio 1 | received polio 1 | received polio 1 - na
received polio 2,38,28,Angola | Benin | Burkina Faso | Burundi | Camarões | Chade | Comores | Congo (Brazzaville) | Congo (República Democrática) | Costa do Marfim | Eswatini (Suazilândia) | Etiópia | Gabão | Gana | Guiné | Gâmbia | Lesoto | Libéria | Madagascar | Malaui | Mali | Moçambique | Namíbia | Nigéria | Níger | Quênia | República Centro-Africana | Ruanda | Senegal | Serra Leoa | Sudão | São Tomé e Príncipe | Tanzânia | Togo | Zimbábue | Zâmbia | África do Sul | África do Sul (Histórico/Outro),h6 | h6_1 | h6_2 | h6_3 | h6_4 | h6_5 | h6_6 | s104p2 | s104p2_1 | s104p2_2 | s104p2_3 | s104p2_4 | s104p2_5 | s104p2_6 | s1508p2 | s1508p2_1 | s1508p2_2 | s1508p2_3 | s1508p2_4 | s1508p2_5 | s1508p2_6 | s4p2 | s4p2_1 | s4p2_2 | s4p2_3 | s4p2_4 | s4p2_5 | s4p2_6,NA - Received POLIO 2 | Received POLIO 2 | na - received polio 2 | received polio 2 | received polio 2 - na
received polio 3,38,28,Angola | Benin | Burkina Faso | Burundi | Camarões | Chade | Comores | Congo (Brazzaville) | Congo (República Democrática) | Costa do Marfim | Eswatini (Suazilândia) | Etiópia | Gabão | Gana | Guiné | Gâmbia | Lesoto | Libéria | Madagascar | Malaui | Mali | Moçambique | Namíbia | Nigéria | Níger | Quênia | República Centro-Africana | Ruanda | Senegal | Serra Leoa | Sudão | São Tomé e Príncipe | Tanzânia | Togo | Zimbábue | Zâmbia | África do Sul | África do Sul (Histórico/Outro),h8 | h8_1 | h8_2 | h8_3 | h8_4 | h8_5 | h8_6 | s104p3 | s104p3_1 | s104p3_2 | s104p3_3 | s104p3_4 | s104p3_5 | s104p3_6 | s1508p3 | s1508p3_1 | s1508p3_2 | s1508p3_3 | s1508p3_4 | s1508p3_5 | s1508p3_6 | s4p3 | s4p3_1 | s4p3_2 | s4p3_3 | s4p3_4 | s4p3_5 | s4p3_6,NA - Received POLIO 3 | Received POLIO 3 | na - received polio 3 | received polio 3 | received polio 3 - na
region,38,32,Angola | Benin | Burkina Faso | Burundi | Camarões | Chade | Comores | Congo (Brazzaville) | Congo (República Democrática) | Costa do Marfim | Eswatini (Suazilândia) | Etiópia | Gabão | Gana | Guiné | Gâmbia | Lesoto | Libéria | Madagascar | Malaui | Mali | Moçambique | Namíbia | Nigéria | Níger | Quênia | República Centro-Africana | Ruanda | Senegal | Serra Leoa | Sudão | São Tomé e Príncipe | Tanzânia | Togo | Zimbábue | Zâmbia | África do Sul | África do Sul (Histórico/Outro),cmv024 | cregion | cv101 | hhregion | hregion | hv024 | mv024 | mv101 | qhregion | qregion | region | saregion | sgreg | shgreg | shreg | shregion | shregion1 | shregnew | shv024 | smreg | smregion | smregnat | smregnew | smv101 | sreg | sregion | sregnew | sv101 | v024 | v101 | va024 | vah024,Region | region
religion,38,57,Angola | Benin | Burkina Faso | Burundi | Camarões | Chade | Comores | Congo (Brazzaville) | Congo (República Democrática) | Costa do Marfim | Eswatini (Suazilândia) | Etiópia | Gabão | Gana | Guiné | Gâmbia | Lesoto | Libéria | Madagascar | Malaui | Mali | Moçambique | Namíbia | Nigéria | Níger | Quênia | República Centro-Africana | Ruanda | Senegal | Serra Leoa | Sudão | São Tomé e Príncipe | Tanzânia | Togo | Zimbábue | Zâmbia | África do Sul | África do Sul (Histórico/Outro),hq114 | hq211f | mv130 | q111 | q113 | q122 | s115 | s117 | s118 | s321g | s420l | s613b | sh09c | sh09c_01 | sh09c_02 | sh09c_03 | sh09c_04 | sh09c_05 | sh09c_06 | sh09c_07 | sh09c_08 | sh09c_09 | sh09c_10 | sh09c_11 | sh09c_12 | sh09c_13 | sh09c_14 | sh09c_15 | sh09c_16 | sh09c_17 | sh09c_18 | sh09c_19 | sh09c_20 | sh09c_21 | sh09c_22 | sh09c_23 | sh09c_24 | sh09c_25 | sh09c_26 | sh09c_27 | sh09c_28 | sh09c_29 | sh09c_30 | sh09c_31 | sh09c_32 | sh09c_33 | sh09c_34 | sh09c_35 | sh09c_36 | sm108 | sm115 | sm124 | sm125 | sm132 | smq108 | v130 | w116,NA - Religion | Religion | na - religion | religion | religion                   -na | religion                  - na | religion                  -na | religion -na
respondent currently working,38,3,Angola | Benin | Burkina Faso | Burundi | Camarões | Chade | Comores | Congo (Brazzaville) | Congo (República Democrática) | Costa do Marfim | Eswatini (Suazilândia) | Etiópia | Gabão | Gana | Guiné | Gâmbia | Lesoto | Libéria | Madagascar | Malaui | Mali | Moçambique | Namíbia | Nigéria | Níger | Quênia | República Centro-Africana | Ruanda | Senegal | Serra Leoa | Sudão | São Tomé e Príncipe | Tanzânia | Togo | Zimbábue | Zâmbia | África do Sul | África do Sul (Histórico/Outro),mv714 | s707 | v714,Respondent currently working | na - na - respondent currently working | na - respondent currently working | respondent currently working
respondent s month of birth,38,2,Angola | Benin | Burkina Faso | Burundi | Camarões | Chade | Comores | Congo (Brazzaville) | Congo (República Democrática) | Costa do Marfim | Eswatini (Suazilândia) | Etiópia | Gabão | Gana | Guiné | Gâmbia | Lesoto | Libéria | Madagascar | Malaui | Mali | Moçambique | Namíbia | Nigéria | Níger | Quênia | República Centro-Africana | Ruanda | Senegal | Serra Leoa | Sudão | São Tomé e Príncipe | Tanzânia | Togo | Zimbábue | Zâmbia | África do Sul | África do Sul (Histórico/Outro),mv009 | v009,Respondent's month of birth | respondent's month of birth
respondent s year of birth,38,2,Angola | Benin | Burkina Faso | Burundi | Camarões | Chade | Comores | Congo (Brazzaville) | Congo (República Democrática) | Costa do Marfim | Eswatini (Suazilândia) | Etiópia | Gabão | Gana | Guiné | Gâmbia | Lesoto | Libéria | Madagascar | Malaui | Mali | Moçambique | Namíbia | Nigéria | Níger | Quênia | República Centro-Africana | Ruanda | Senegal | Serra Leoa | Sudão | São Tomé e Príncipe | Tanzânia | Togo | Zimbábue | Zâmbia | África do Sul | África do Sul (Histórico/Outro),mv010 | v010,Respondent's year of birth | respondent's year of birth
sex of child,38,108,Angola | Benin | Burkina Faso | Burundi | Camarões | Chade | Comores | Congo (Brazzaville) | Congo (República Democrática) | Costa do Marfim | Eswatini (Suazilândia) | Etiópia | Gabão | Gana | Guiné | Gâmbia | Lesoto | Libéria | Madagascar | Malaui | Mali | Moçambique | Namíbia | Nigéria | Níger | Quênia | República Centro-Africana | Ruanda | Senegal | Serra Leoa | Sudão | São Tomé e Príncipe | Tanzânia | Togo | Zimbábue | Zâmbia | África do Sul | África do Sul (Histórico/Outro),b4 | b4_01 | b4_02 | b4_03 | b4_04 | b4_05 | b4_06 | b4_07 | b4_08 | b4_09 | b4_1 | b4_10 | b4_11 | b4_12 | b4_13 | b4_14 | b4_15 | b4_16 | b4_17 | b4_18 | b4_19 | b4_2 | b4_20 | b4_21 | b4_3 | p219 | p219_01 | p219_02 | p219_03 | p219_04 | p219_05 | p219_06 | p219_07 | p219_08 | p219_09 | p219_10 | p219_11 | p219_12 | p219_13 | p219_14 | p4_01 | p4_02 | p4_03 | p4_04 | p4_05 | p4_06 | p4_07 | p4_08 | p4_09 | p4_10 | p4_11 | p4_12 | p4_13 | p4_14 | p4_15 | p4_16 | p4_17 | p4_18 | p4_19 | p4_20 | p4_21 | q223_01 | q223_02 | q223_03 | q223_04 | q223_05 | q223_06 | q223_07 | q223_08 | q223_09 | q223_10 | q223_11 | q223_12 | q223_13 | q223_14 | q223_15 | q223_16 | s219 | s219_01 | s219_02 | s219_03 | s219_04 | s219_05 | s219_06 | s219_07 | s219_08 | s219_09 | s219_10 | s219_11 | s219_12 | s219_13 | s219_14 | s219_15 | s219_16 | s219_17 | s219_18 | s219_19 | s219_20 | sex | shhsx | shhsx_1 | shhsx_2 | shhsx_3 | shhsx_4 | shhsx_5 | shhsx_6 | shhsx_7 | shhsx_8,Sex of child | sex of child
sons at home,38,4,Angola | Benin | Burkina Faso | Burundi | Camarões | Chade | Comores | Congo (Brazzaville) | Congo (República Democrática) | Costa do Marfim | Eswatini (Suazilândia) | Etiópia | Gabão | Gana | Guiné | Gâmbia | Lesoto | Libéria | Madagascar | Malaui | Mali | Moçambique | Namíbia | Nigéria | Níger | Quênia | República Centro-Africana | Ruanda | Senegal | Serra Leoa | Sudão | São Tomé e Príncipe | Tanzânia | Togo | Zimbábue | Zâmbia | África do Sul | África do Sul (Histórico/Outro),mv202 | q203a | v202 | w203a,Sons at home | sons at home | sons at home                na | sons at home               -na | sons at home              - na | sons at home - na
sons elsewhere,38,2,Angola | Benin | Burkina Faso | Burundi | Camarões | Chade | Comores | Congo (Brazzaville) | Congo (República Democrática) | Costa do Marfim | Eswatini (Suazilândia) | Etiópia | Gabão | Gana | Guiné | Gâmbia | Lesoto | Libéria | Madagascar | Malaui | Mali | Moçambique | Namíbia | Nigéria | Níger | Quênia | República Centro-Africana | Ruanda | Senegal | Serra Leoa | Sudão | São Tomé e Príncipe | Tanzânia | Togo | Zimbábue | Zâmbia | África do Sul | África do Sul (Histórico/Outro),mv204 | v204,Sons elsewhere | sons elsewhere | sons elsewhere              na | sons elsewhere             -na | sons elsewhere            - na | sons elsewhere - na
sons who have died,38,2,Angola | Benin | Burkina Faso | Burundi | Camarões | Chade | Comores | Congo (Brazzaville) | Congo (República Democrática) | Costa do Marfim | Eswatini (Suazilândia) | Etiópia | Gabão | Gana | Guiné | Gâmbia | Lesoto | Libéria | Madagascar | Malaui | Mali | Moçambique | Namíbia | Nigéria | Níger | Quênia | República Centro-Africana | Ruanda | Senegal | Serra Leoa | Sudão | São Tomé e Príncipe | Tanzânia | Togo | Zimbábue | Zâmbia | África do Sul | África do Sul (Histórico/Outro),mv206 | v206,Sons who have died | sons who have died | sons who have died          na | sons who have died         -na | sons who have died        - na | sons who have died - na
source of drinking water,38,18,Angola | Benin | Burkina Faso | Burundi | Camarões | Chade | Comores | Congo (Brazzaville) | Congo (República Democrática) | Costa do Marfim | Eswatini (Suazilândia) | Etiópia | Gabão | Gana | Guiné | Gâmbia | Lesoto | Libéria | Madagascar | Malaui | Mali | Moçambique | Namíbia | Nigéria | Níger | Quênia | República Centro-Africana | Ruanda | Senegal | Serra Leoa | Sudão | São Tomé e Príncipe | Tanzânia | Togo | Zimbábue | Zâmbia | África do Sul | África do Sul (Histórico/Outro),hh18 | hv201 | q119 | qh10 | qh101 | qh102 | qh18 | sh101 | sh102 | sh11 | sh21 | sh22a | sm123 | sm127 | smh101 | v113 | va1415 | w121,Source of drinking water | source of drinking water | source of drinking water    na
time to get to water source,38,3,Angola | Benin | Burkina Faso | Burundi | Camarões | Chade | Comores | Congo (Brazzaville) | Congo (República Democrática) | Costa do Marfim | Eswatini (Suazilândia) | Etiópia | Gabão | Gana | Guiné | Gâmbia | Lesoto | Libéria | Madagascar | Malaui | Mali | Moçambique | Namíbia | Nigéria | Níger | Quênia | República Centro-Africana | Ruanda | Senegal | Serra Leoa | Sudão | São Tomé e Príncipe | Tanzânia | Togo | Zimbábue | Zâmbia | África do Sul | África do Sul (Histórico/Outro),hv204 | smh104 | v115,Time to get to water source | na - time to get to water source | time to get to water source | time to get to water source na | time to get to water source-na
total children ever born,38,4,Angola | Benin | Burkina Faso | Burundi | Camarões | Chade | Comores | Congo (Brazzaville) | Congo (República Democrática) | Costa do Marfim | Eswatini (Suazilândia) | Etiópia | Gabão | Gana | Guiné | Gâmbia | Lesoto | Libéria | Madagascar | Malaui | Mali | Moçambique | Namíbia | Nigéria | Níger | Quênia | República Centro-Africana | Ruanda | Senegal | Serra Leoa | Sudão | São Tomé e Príncipe | Tanzânia | Togo | Zimbábue | Zâmbia | África do Sul | África do Sul (Histórico/Outro),mv201 | q208 | v201 | w208,Total children ever born | total children ever born | total children ever born    na | total children ever born  - na | total children ever born - na
type of place of residence,38,23,Angola | Benin | Burkina Faso | Burundi | Camarões | Chade | Comores | Congo (Brazzaville) | Congo (República Democrática) | Costa do Marfim | Eswatini (Suazilândia) | Etiópia | Gabão | Gana | Guiné | Gâmbia | Lesoto | Libéria | Madagascar | Malaui | Mali | Moçambique | Namíbia | Nigéria | Níger | Quênia | República Centro-Africana | Ruanda | Senegal | Serra Leoa | Sudão | São Tomé e Príncipe | Tanzânia | Togo | Zimbábue | Zâmbia | África do Sul | África do Sul (Histórico/Outro),cmv025 | cv102 | hv025 | mv025 | mv102 | qhtype | qtype | shrestype | shtype | shtype1 | shv025 | smtype | smtype1 | smv102 | srestype | stype | stype1 | sv102 | v025 | v102 | va025 | va1201e | vah025,Type of place of residence | type of place of residence
type of toilet facility,38,16,Angola | Benin | Burkina Faso | Burundi | Camarões | Chade | Comores | Congo (Brazzaville) | Congo (República Democrática) | Costa do Marfim | Eswatini (Suazilândia) | Etiópia | Gabão | Gana | Guiné | Gâmbia | Lesoto | Libéria | Madagascar | Malaui | Mali | Moçambique | Namíbia | Nigéria | Níger | Quênia | República Centro-Africana | Ruanda | Senegal | Serra Leoa | Sudão | São Tomé e Príncipe | Tanzânia | Togo | Zimbábue | Zâmbia | África do Sul | África do Sul (Histórico/Outro),hh20 | hv205 | q121 | qh105 | qh107 | qh11 | qh20 | s19 | sh109 | sh19 | sm124 | sm128 | smh108 | v116 | va1416 | w123,Type of toilet facility | type of toilet facility | type of toilet facility     na
usual resident or visitor,38,2,Angola | Benin | Burkina Faso | Burundi | Camarões | Chade | Comores | Congo (Brazzaville) | Congo (República Democrática) | Costa do Marfim | Eswatini (Suazilândia) | Etiópia | Gabão | Gana | Guiné | Gâmbia | Lesoto | Libéria | Madagascar | Malaui | Mali | Moçambique | Namíbia | Nigéria | Níger | Quênia | República Centro-Africana | Ruanda | Senegal | Serra Leoa | Sudão | São Tomé e Príncipe | Tanzânia | Togo | Zimbábue | Zâmbia | África do Sul | África do Sul (Histórico/Outro),mv135 | v135,Usual resident or visitor | usual resident or visitor
wanted last child,38,2,Angola | Benin | Burkina Faso | Burundi | Camarões | Chade | Comores | Congo (Brazzaville) | Congo (República Democrática) | Costa do Marfim | Eswatini (Suazilândia) | Etiópia | Gabão | Gana | Guiné | Gâmbia | Lesoto | Libéria | Madagascar | Malaui | Mali | Moçambique | Namíbia | Nigéria | Níger | Quênia | República Centro-Africana | Ruanda | Senegal | Serra Leoa | Sudão | São Tomé e Príncipe | Tanzânia | Togo | Zimbábue | Zâmbia | África do Sul | África do Sul (Histórico/Outro),mv367 | v367,Wanted last child | na - wanted last child | na-wanted last child | wanted last child | wanted last child           na | wanted last child          -na | wanted last child         - na | wanted last child         -na
year of birth,38,233,Angola | Benin | Burkina Faso | Burundi | Camarões | Chade | Comores | Congo (Brazzaville) | Congo (República Democrática) | Costa do Marfim | Eswatini (Suazilândia) | Etiópia | Gabão | Gana | Guiné | Gâmbia | Lesoto | Libéria | Madagascar | Malaui | Mali | Moçambique | Namíbia | Nigéria | Níger | Quênia | República Centro-Africana | Ruanda | Senegal | Serra Leoa | Sudão | São Tomé e Príncipe | Tanzânia | Togo | Zimbábue | Zâmbia | África do Sul | África do Sul (Histórico/Outro),b2 | b2_01 | b2_02 | b2_03 | b2_04 | b2_05 | b2_06 | b2_07 | b2_08 | b2_09 | b2_1 | b2_10 | b2_11 | b2_12 | b2_13 | b2_14 | b2_15 | b2_16 | b2_17 | b2_18 | b2_19 | b2_2 | b2_20 | b2_21 | b2_3 | hc31 | hc31_01 | hc31_02 | hc31_03 | hc31_04 | hc31_05 | hc31_06 | hc31_07 | hc31_08 | hc31_09 | hc31_1 | hc31_10 | hc31_11 | hc31_12 | hc31_13 | hc31_14 | hc31_15 | hc31_16 | hc31_17 | hc31_18 | hc31_19 | hc31_2 | hc31_20 | hc31_21 | hc31_22 | hc31_23 | hc31_24 | hc31_25 | hc31_26 | hc31_3 | hc31_4 | hc31_5 | hc31_6 | hc31_7 | hc31_8 | hc31_9 | hvc31 | hvc31_1 | hvc31_2 | hvc31_3 | hvc31_4 | hvc31_5 | hvc31_6 | hvc31_7 | hvc31_8 | mhc31 | mhc31_01 | mhc31_02 | mhc31_03 | mhc31_04 | mhc31_05 | mhc31_06 | mhc31_07 | mhc31_08 | mhc31_09 | mhc31_1 | mhc31_10 | mhc31_2 | mhc31_3 | mhc31_4 | mv010 | p220y | p220y_01 | p220y_02 | p220y_03 | p220y_04 | p220y_05 | p220y_06 | p220y_07 | p220y_08 | p220y_09 | p220y_10 | p220y_11 | p220y_12 | p220y_13 | p220y_14 | q101y | q102y | q103y | q105y | q224y_01 | q224y_02 | q224y_03 | q224y_04 | q224y_05 | q224y_06 | q224y_07 | q224y_08 | q224y_09 | q224y_10 | q224y_11 | q224y_12 | q224y_13 | q224y_14 | q224y_15 | q224y_16 | s212y | s220y | s220y_01 | s220y_02 | s220y_03 | s220y_04 | s220y_05 | s220y_06 | s220y_07 | s220y_08 | s220y_09 | s220y_10 | s220y_11 | s220y_12 | s220y_13 | s220y_14 | s220y_15 | s220y_16 | s220y_17 | s220y_18 | s220y_19 | s220y_20 | s225dy | s225dy_01 | s225dy_02 | s225dy_03 | s225dy_04 | s225dy_05 | s225dy_06 | s225dy_07 | s225dy_08 | s225dy_09 | s225dy_10 | s225dy_11 | s225dy_12 | s225dy_13 | s225dy_14 | s225dy_15 | s225dy_16 | s225dy_17 | s225dy_18 | s225dy_19 | s225dy_20 | sh06ay | sh06ay_01 | sh06ay_02 | sh06ay_03 | sh06ay_04 | sh06ay_05 | sh06ay_06 | sh06ay_07 | sh06ay_08 | sh06ay_09 | sh06ay_10 | sh06ay_11 | sh06ay_12 | sh06ay_13 | sh06ay_14 | sh06ay_15 | sh06ay_16 | sh06ay_17 | sh06ay_18 | sh06ay_19 | sh06ay_20 | sh06ay_21 | sh06ay_22 | sh06ay_23 | sh06ay_24 | sh07y | sh07y_01 | sh07y_02 | sh07y_03 | sh07y_04 | sh07y_05 | sh07y_06 | sh07y_07 | sh07y_08 | sh07y_09 | sh07y_10 | sh07y_11 | sh07y_12 | sh07y_13 | sh07y_14 | sh07y_15 | sh07y_16 | sh07y_17 | sh07y_18 | sh07y_19 | sh07y_20 | sh07y_21 | sh07y_22 | sh07y_23 | sh07y_24 | sh20 | sh20_1 | sh20_2 | sh20_3 | shh4y | shh4y_1 | shh4y_2 | shh4y_3 | shh4y_4 | shh4y_5 | shh4y_6 | shh4y_7 | shh4y_8 | sm102y | sm104y | smq102a | va102y | va303y | w105y,Year of birth | year of birth
year of interview,38,33,Angola | Benin | Burkina Faso | Burundi | Camarões | Chade | Comores | Congo (Brazzaville) | Congo (República Democrática) | Costa do Marfim | Eswatini (Suazilândia) | Etiópia | Gabão | Gana | Guiné | Gâmbia | Lesoto | Libéria | Madagascar | Malaui | Mali | Moçambique | Namíbia | Nigéria | Níger | Quênia | República Centro-Africana | Ruanda | Senegal | Serra Leoa | Sudão | São Tomé e Príncipe | Tanzânia | Togo | Zimbábue | Zâmbia | África do Sul | África do Sul (Histórico/Outro),cinty | hhinty | hv007 | hyear | mv007 | qinty | sbinty | sbinty_01 | sbinty_02 | sbinty_03 | sbinty_04 | sbinty_05 | sbinty_06 | sbinty_07 | sbinty_08 | sbinty_09 | sbinty_10 | sbinty_11 | sbinty_12 | sbinty_13 | sbinty_14 | sbinty_15 | sbinty_16 | sh103y | shv007 | shyear | sinty | sminta | sminty | v007 | va007 | vah007 | winty,Year of interview | year of interview
years since sterilization,38,1,Angola | Benin | Burkina Faso | Burundi | Camarões | Chade | Comores | Congo (Brazzaville) | Congo (República Democrática) | Costa do Marfim | Eswatini (Suazilândia) | Etiópia | Gabão | Gana | Guiné | Gâmbia | Lesoto | Libéria | Madagascar | Malaui | Mali | Moçambique | Namíbia | Nigéria | Níger | Quênia | República Centro-Africana | Ruanda | Senegal | Serra Leoa | Sudão | São Tomé e Príncipe | Tanzânia | Togo | Zimbábue | Zâmbia | África do Sul | África do Sul (Histórico/Outro),v319,Years since sterilization | na - years since sterilization | years since sterilization | years since sterilization  -na
