country,file,stem,recode,women_health_category,women_health_role,phase_version,variables,catalog_filename,survey_id,data_label
Angola,AOCR71FL.DTA,AOCR71FL,CR,casal_parceiro,Informações conjugais e do parceiro,71,2475,AOCR71DT.zip,477,
Angola,AOCR81FL.dta,AOCR81FL,CR,casal_parceiro,Informações conjugais e do parceiro,81,1787,AOCR81DT.zip,569,
Angola,AOKR51FL.DTA,AOKR51FL,KR,saude_infantil,"Saúde, nutrição e vacinação de crianças",51,1022,AOKR51DT.zip,282,
Angola,AOKR62FL.DTA,AOKR62FL,KR,saude_infantil,"Saúde, nutrição e vacinação de crianças",62,316,AOKR62DT.zip,395,
Angola,AOKR71FL.DTA,AOKR71FL,KR,saude_infantil,"Saúde, nutrição e vacinação de crianças",71,1160,AOKR71DT.zip,477,
Angola,AOKR81FL.dta,AOKR81FL,KR,saude_infantil,"Saúde, nutrição e vacinação de crianças",81,1441,AOKR81DT.zip,569,
Angola,AOHR51FL.DTA,AOHR51FL,HR,domicilio_contexto,"Domicílio, saneamento, bens e contexto",51,2112,AOHR51DT.zip,282,
Angola,AOHR62FL.DTA,AOHR62FL,HR,domicilio_contexto,"Domicílio, saneamento, bens e contexto",62,1506,AOHR62DT.zip,395,
Angola,AOHR71FL.DTA,AOHR71FL,HR,domicilio_contexto,"Domicílio, saneamento, bens e contexto",71,3263,AOHR71DT.zip,477,
Angola,AOHR81FL.dta,AOHR81FL,HR,domicilio_contexto,"Domicílio, saneamento, bens e contexto",81,6105,AOHR81DT.zip,569,
Angola,AOMR71FL.DTA,AOMR71FL,MR,casal_parceiro,Informações masculinas relacionadas ao casal,71,592,AOMR71DT.zip,477,
Angola,AOMR81FL.dta,AOMR81FL,MR,casal_parceiro,Informações masculinas relacionadas ao casal,81,690,AOMR81DT.zip,569,
Angola,AOPR51FL.DTA,AOPR51FL,PR,moradores_contexto,Moradores do domicílio e composição familiar,51,278,AOPR51DT.zip,282,
Angola,AOPR62FL.DTA,AOPR62FL,PR,moradores_contexto,Moradores do domicílio e composição familiar,62,238,AOPR62DT.zip,395,
Angola,AOPR71FL.DTA,AOPR71FL,PR,moradores_contexto,Moradores do domicílio e composição familiar,71,434,AOPR71DT.zip,477,
Angola,AOPR81FL.dta,AOPR81FL,PR,moradores_contexto,Moradores do domicílio e composição familiar,81,1096,AOPR81DT.zip,569,
Angola,AOBR62FL.DTA,AOBR62FL,BR,gestacao_parto,"Nascimentos, gestações e histórico obstétrico",62,316,AOBR62DT.zip,395,
Angola,AOBR71FL.DTA,AOBR71FL,BR,gestacao_parto,"Nascimentos, gestações e histórico obstétrico",71,1160,AOBR71DT.zip,477,
Angola,AOBR81FL.dta,AOBR81FL,BR,gestacao_parto,"Nascimentos, gestações e histórico obstétrico",81,1467,AOBR81DT.zip,569,
Angola,AOIR51FL.DTA,AOIR51FL,IR,mulher_nucleo,Entrevista individual da mulher; fonte principal,51,4213,AOIR51DT.zip,282,
Angola,AOIR62FL.DTA,AOIR62FL,IR,mulher_nucleo,Entrevista individual da mulher; fonte principal,62,1219,AOIR62DT.zip,395,
Angola,AOIR71FL.DTA,AOIR71FL,IR,mulher_nucleo,Entrevista individual da mulher; fonte principal,71,5336,AOIR71DT.zip,477,
Angola,AOIR81FL.dta,AOIR81FL,IR,mulher_nucleo,Entrevista individual da mulher; fonte principal,81,7053,AOIR81DT.zip,569,
Benin,BJHW31FL.DTA,BJHW31FL,HW,antropometria,"Peso, altura, anemia e medidas corporais",31,7,BJHW31DT.zip,87,
Benin,BJHW41FL.DTA,BJHW41FL,HW,antropometria,"Peso, altura, anemia e medidas corporais",41,7,BJHW41DT.zip,211,
Benin,BJCR31FL.DTA,BJCR31FL,CR,casal_parceiro,Informações conjugais e do parceiro,31,1359,BJCR31DT.zip,87,
Benin,BJCR41FL.DTA,BJCR41FL,CR,casal_parceiro,Informações conjugais e do parceiro,41,2475,BJCR41DT.zip,211,
Benin,BJCR51FL.DTA,BJCR51FL,CR,casal_parceiro,Informações conjugais e do parceiro,51,2563,BJCR51DT.zip,289,
Benin,BJCR61FL.DTA,BJCR61FL,CR,casal_parceiro,Informações conjugais e do parceiro,61,2276,BJCR61DT.zip,420,
Benin,BJCR71FL.DTA,BJCR71FL,CR,casal_parceiro,Informações conjugais e do parceiro,71,2540,BJCR71DT.zip,491,
Benin,BJKR31FL.DTA,BJKR31FL,KR,saude_infantil,"Saúde, nutrição e vacinação de crianças",31,615,BJKR31DT.zip,87,
Benin,BJKR41FL.DTA,BJKR41FL,KR,saude_infantil,"Saúde, nutrição e vacinação de crianças",41,926,BJKR41DT.zip,211,
Benin,BJKR51FL.DTA,BJKR51FL,KR,saude_infantil,"Saúde, nutrição e vacinação de crianças",51,1261,BJKR51DT.zip,289,
Benin,BJKR61FL.DTA,BJKR61FL,KR,saude_infantil,"Saúde, nutrição e vacinação de crianças",61,1070,BJKR61DT.zip,420,
Benin,BJKR71FL.DTA,BJKR71FL,KR,saude_infantil,"Saúde, nutrição e vacinação de crianças",71,1188,BJKR71DT.zip,491,
Benin,BJHR31FL.DTA,BJHR31FL,HR,domicilio_contexto,"Domicílio, saneamento, bens e contexto",31,1100,BJHR31DT.zip,87,
Benin,BJHR41FL.DTA,BJHR41FL,HR,domicilio_contexto,"Domicílio, saneamento, bens e contexto",41,1987,BJHR41DT.zip,211,
Benin,BJHR51FL.DTA,BJHR51FL,HR,domicilio_contexto,"Domicílio, saneamento, bens e contexto",51,4055,BJHR51DT.zip,289,
Benin,BJHR61FL.DTA,BJHR61FL,HR,domicilio_contexto,"Domicílio, saneamento, bens e contexto",61,3881,BJHR61DT.zip,420,
Benin,BJHR71FL.DTA,BJHR71FL,HR,domicilio_contexto,"Domicílio, saneamento, bens e contexto",71,4936,BJHR71DT.zip,491,
Benin,BJMR31FL.DTA,BJMR31FL,MR,casal_parceiro,Informações masculinas relacionadas ao casal,31,404,BJMR31DT.zip,87,
Benin,BJMR41FL.DTA,BJMR41FL,MR,casal_parceiro,Informações masculinas relacionadas ao casal,41,887,BJMR41DT.zip,211,
Benin,BJMR51FL.DTA,BJMR51FL,MR,casal_parceiro,Informações masculinas relacionadas ao casal,51,747,BJMR51DT.zip,289,
Benin,BJMR61FL.DTA,BJMR61FL,MR,casal_parceiro,Informações masculinas relacionadas ao casal,61,598,BJMR61DT.zip,420,
Benin,BJMR71FL.DTA,BJMR71FL,MR,casal_parceiro,Informações masculinas relacionadas ao casal,71,621,BJMR71DT.zip,491,
Benin,BJPR31FL.DTA,BJPR31FL,PR,moradores_contexto,Moradores do domicílio e composição familiar,31,101,BJPR31DT.zip,87,
Benin,BJPR41FL.DTA,BJPR41FL,PR,moradores_contexto,Moradores do domicílio e composição familiar,41,177,BJPR41DT.zip,211,
Benin,BJPR51FL.DTA,BJPR51FL,PR,moradores_contexto,Moradores do domicílio e composição familiar,51,456,BJPR51DT.zip,289,
Benin,BJPR61FL.DTA,BJPR61FL,PR,moradores_contexto,Moradores do domicílio e composição familiar,61,328,BJPR61DT.zip,420,
Benin,BJPR71FL.DTA,BJPR71FL,PR,moradores_contexto,Moradores do domicílio e composição familiar,71,380,BJPR71DT.zip,491,
Benin,BJBR31FL.dta,BJBR31FL,BR,gestacao_parto,"Nascimentos, gestações e histórico obstétrico",31,614,BJBR31DT.zip,87,
Benin,BJBR41FL.dta,BJBR41FL,BR,gestacao_parto,"Nascimentos, gestações e histórico obstétrico",41,926,BJBR41DT.zip,211,
Benin,BJBR51FL.DTA,BJBR51FL,BR,gestacao_parto,"Nascimentos, gestações e histórico obstétrico",51,1261,BJBR51DT.zip,289,
Benin,BJBR61FL.DTA,BJBR61FL,BR,gestacao_parto,"Nascimentos, gestações e histórico obstétrico",61,1106,BJBR61DT.zip,420,
Benin,BJBR71FL.DTA,BJBR71FL,BR,gestacao_parto,"Nascimentos, gestações e histórico obstétrico",71,1188,BJBR71DT.zip,491,
Benin,BJWI31FL.DTA,BJWI31FL,WI,socioeconomico,Índice de riqueza e contexto socioeconômico,31,3,BJWI31DT.zip,87,
Benin,BJWI41FL.DTA,BJWI41FL,WI,socioeconomico,Índice de riqueza e contexto socioeconômico,41,3,BJWI41DT.zip,211,
Benin,BJIR31FL.DTA,BJIR31FL,IR,mulher_nucleo,Entrevista individual da mulher; fonte principal,31,2773,BJIR31DT.zip,87,
Benin,BJIR41FL.DTA,BJIR41FL,IR,mulher_nucleo,Entrevista individual da mulher; fonte principal,41,3472,BJIR41DT.zip,211,
Benin,BJIR51FL.DTA,BJIR51FL,IR,mulher_nucleo,Entrevista individual da mulher; fonte principal,51,4661,BJIR51DT.zip,289,
Benin,BJIR61FL.DTA,BJIR61FL,IR,mulher_nucleo,Entrevista individual da mulher; fonte principal,61,4077,BJIR61DT.zip,420,
Benin,BJIR71FL.DTA,BJIR71FL,IR,mulher_nucleo,Entrevista individual da mulher; fonte principal,71,5109,BJIR71DT.zip,491,
Benin,BJSQ38FL.DTA,BJSQ38FL,SQ,servicos_saude,Disponibilidade e infraestrutura de serviços,38,232,BJSQ38DT.zip,87,
Benin,BJSQ41FL.DTA,BJSQ41FL,SQ,servicos_saude,Disponibilidade e infraestrutura de serviços,41,229,BJSQ41DT.zip,211,
Benin,BJSQ51FL.DTA,BJSQ51FL,SQ,servicos_saude,Disponibilidade e infraestrutura de serviços,51,473,BJSQ51DT.zip,289,
Burkina Faso,BFHW21FL.DTA,BFHW21FL,HW,antropometria,"Peso, altura, anemia e medidas corporais",21,7,BFHW21DT.zip,42,
Burkina Faso,BFHW31FL.DTA,BFHW31FL,HW,antropometria,"Peso, altura, anemia e medidas corporais",31,7,BFHW31DT.zip,116,
Burkina Faso,BFHW43FL.DTA,BFHW43FL,HW,antropometria,"Peso, altura, anemia e medidas corporais",43,7,BFHW43DT.zip,230,
Burkina Faso,BFCR21FL.DTA,BFCR21FL,CR,casal_parceiro,Informações conjugais e do parceiro,21,1093,BFCR21DT.zip,42,
Burkina Faso,BFCR31FL.DTA,BFCR31FL,CR,casal_parceiro,Informações conjugais e do parceiro,31,1650,BFCR31DT.zip,116,
Burkina Faso,BFCR41FL.DTA,BFCR41FL,CR,casal_parceiro,Informações conjugais e do parceiro,41,2179,BFCR41DT.zip,230,
Burkina Faso,BFCR62FL.DTA,BFCR62FL,CR,casal_parceiro,Informações conjugais e do parceiro,62,2439,BFCR62DT.zip,329,
Burkina Faso,BFCR81FL.DTA,BFCR81FL,CR,casal_parceiro,Informações conjugais e do parceiro,81,1657,BFCR81DT.zip,562,
Burkina Faso,BFKR21FL.DTA,BFKR21FL,KR,saude_infantil,"Saúde, nutrição e vacinação de crianças",21,634,BFKR21DT.zip,42,
Burkina Faso,BFKR31FL.DTA,BFKR31FL,KR,saude_infantil,"Saúde, nutrição e vacinação de crianças",31,696,BFKR31DT.zip,116,
Burkina Faso,BFKR43FL.dta,BFKR43FL,KR,saude_infantil,"Saúde, nutrição e vacinação de crianças",43,992,BFKR43DT.zip,230,
Burkina Faso,BFKR62FL.DTA,BFKR62FL,KR,saude_infantil,"Saúde, nutrição e vacinação de crianças",62,991,BFKR62DT.zip,329,
Burkina Faso,BFKR71FL.DTA,BFKR71FL,KR,saude_infantil,"Saúde, nutrição e vacinação de crianças",71,714,BFKR71DT.zip,481,
Burkina Faso,BFKR7AFL.DTA,BFKR7AFL,KR,saude_infantil,"Saúde, nutrição e vacinação de crianças",7A,334,BFKR7ADT.zip,526,
Burkina Faso,BFKR81FL.DTA,BFKR81FL,KR,saude_infantil,"Saúde, nutrição e vacinação de crianças",81,1133,BFKR81DT.zip,562,
Burkina Faso,BFHR21FL.DTA,BFHR21FL,HR,domicilio_contexto,"Domicílio, saneamento, bens e contexto",21,883,BFHR21DT.zip,42,
Burkina Faso,BFHR31FL.DTA,BFHR31FL,HR,domicilio_contexto,"Domicílio, saneamento, bens e contexto",31,1216,BFHR31DT.zip,116,
Burkina Faso,BFHR43FL.dta,BFHR43FL,HR,domicilio_contexto,"Domicílio, saneamento, bens e contexto",43,4066,BFHR43DT.zip,230,
Burkina Faso,BFHR62FL.DTA,BFHR62FL,HR,domicilio_contexto,"Domicílio, saneamento, bens e contexto",62,5195,BFHR62DT.zip,329,
Burkina Faso,BFHR71FL.DTA,BFHR71FL,HR,domicilio_contexto,"Domicílio, saneamento, bens e contexto",71,3603,BFHR71DT.zip,481,
Burkina Faso,BFHR7AFL.DTA,BFHR7AFL,HR,domicilio_contexto,"Domicílio, saneamento, bens e contexto",7A,1849,BFHR7ADT.zip,526,
Burkina Faso,BFHR81FL.DTA,BFHR81FL,HR,domicilio_contexto,"Domicílio, saneamento, bens e contexto",81,4828,BFHR81DT.zip,562,
Burkina Faso,BFMR21FL.DTA,BFMR21FL,MR,casal_parceiro,Informações masculinas relacionadas ao casal,21,318,BFMR21DT.zip,42,
Burkina Faso,BFMR31FL.DTA,BFMR31FL,MR,casal_parceiro,Informações masculinas relacionadas ao casal,31,529,BFMR31DT.zip,116,
Burkina Faso,BFMR41FL.DTA,BFMR41FL,MR,casal_parceiro,Informações masculinas relacionadas ao casal,41,958,BFMR41DT.zip,230,
Burkina Faso,BFMR62FL.DTA,BFMR62FL,MR,casal_parceiro,Informações masculinas relacionadas ao casal,62,530,BFMR62DT.zip,329,
Burkina Faso,BFMR81FL.DTA,BFMR81FL,MR,casal_parceiro,Informações masculinas relacionadas ao casal,81,600,BFMR81DT.zip,562,
Burkina Faso,BFPR21FL.DTA,BFPR21FL,PR,moradores_contexto,Moradores do domicílio e composição familiar,21,78,BFPR21DT.zip,42,
Burkina Faso,BFPR31FL.DTA,BFPR31FL,PR,moradores_contexto,Moradores do domicílio e composição familiar,31,88,BFPR31DT.zip,116,
Burkina Faso,BFPR44FL.DTA,BFPR44FL,PR,moradores_contexto,Moradores do domicílio e composição familiar,44,217,BFPR44DT.zip,230,
Burkina Faso,BFPR62FL.DTA,BFPR62FL,PR,moradores_contexto,Moradores do domicílio e composição familiar,62,345,BFPR62DT.zip,329,
Burkina Faso,BFPR71FL.DTA,BFPR71FL,PR,moradores_contexto,Moradores do domicílio e composição familiar,71,347,BFPR71DT.zip,481,
Burkina Faso,BFPR7AFL.DTA,BFPR7AFL,PR,moradores_contexto,Moradores do domicílio e composição familiar,7A,211,BFPR7ADT.zip,526,
Burkina Faso,BFPR81FL.DTA,BFPR81FL,PR,moradores_contexto,Moradores do domicílio e composição familiar,81,447,BFPR81DT.zip,562,
Burkina Faso,BFBR21FL.dta,BFBR21FL,BR,gestacao_parto,"Nascimentos, gestações e histórico obstétrico",21,682,BFBR21DT.zip,42,
Burkina Faso,BFBR31FL.dta,BFBR31FL,BR,gestacao_parto,"Nascimentos, gestações e histórico obstétrico",31,794,BFBR31DT.zip,116,
Burkina Faso,BFBR43FL.dta,BFBR43FL,BR,gestacao_parto,"Nascimentos, gestações e histórico obstétrico",43,992,BFBR43DT.zip,230,
Burkina Faso,BFBR62FL.DTA,BFBR62FL,BR,gestacao_parto,"Nascimentos, gestações e histórico obstétrico",62,1027,BFBR62DT.zip,329,
Burkina Faso,BFBR81FL.DTA,BFBR81FL,BR,gestacao_parto,"Nascimentos, gestações e histórico obstétrico",81,1138,BFBR81DT.zip,562,
Burkina Faso,BFWI21FL.DTA,BFWI21FL,WI,socioeconomico,Índice de riqueza e contexto socioeconômico,21,3,BFWI21DT.zip,42,
Burkina Faso,BFWI31FL.DTA,BFWI31FL,WI,socioeconomico,Índice de riqueza e contexto socioeconômico,31,3,BFWI31DT.zip,116,
Burkina Faso,BFIR21FL.DTA,BFIR21FL,IR,mulher_nucleo,Entrevista individual da mulher; fonte principal,21,2479,BFIR21DT.zip,42,
Burkina Faso,BFIR31FL.DTA,BFIR31FL,IR,mulher_nucleo,Entrevista individual da mulher; fonte principal,31,3023,BFIR31DT.zip,116,
Burkina Faso,BFIR43FL.dta,BFIR43FL,IR,mulher_nucleo,Entrevista individual da mulher; fonte principal,43,3951,BFIR43DT.zip,230,
Burkina Faso,BFIR62FL.DTA,BFIR62FL,IR,mulher_nucleo,Entrevista individual da mulher; fonte principal,62,4370,BFIR62DT.zip,329,
Burkina Faso,BFIR71FL.DTA,BFIR71FL,IR,mulher_nucleo,Entrevista individual da mulher; fonte principal,71,3094,BFIR71DT.zip,481,
Burkina Faso,BFIR7AFL.DTA,BFIR7AFL,IR,mulher_nucleo,Entrevista individual da mulher; fonte principal,7A,1424,BFIR7ADT.zip,526,
Burkina Faso,BFIR81FL.DTA,BFIR81FL,IR,mulher_nucleo,Entrevista individual da mulher; fonte principal,81,5578,BFIR81DT.zip,562,
Burkina Faso,BFSQ22FL.DTA,BFSQ22FL,SQ,servicos_saude,Disponibilidade e infraestrutura de serviços,22,338,BFSQ22DT.zip,42,
Burundi,BUHW01FL.DTA,BUHW01FL,HW,antropometria,"Peso, altura, anemia e medidas corporais",01,7,BUHW01DT.zip,16,
Burundi,BUCR61FL.DTA,BUCR61FL,CR,casal_parceiro,Informações conjugais e do parceiro,61,2071,BUCR61DT.zip,346,
Burundi,BUCR71FL.DTA,BUCR71FL,CR,casal_parceiro,Informações conjugais e do parceiro,71,2681,BUCR71DT.zip,463,
Burundi,BUKR01FL.DTA,BUKR01FL,KR,saude_infantil,"Saúde, nutrição e vacinação de crianças",01,440,BUKR01DT.zip,16,
Burundi,BUKR61FL.DTA,BUKR61FL,KR,saude_infantil,"Saúde, nutrição e vacinação de crianças",61,936,BUKR61DT.zip,346,
Burundi,BUKR6AFL.DTA,BUKR6AFL,KR,saude_infantil,"Saúde, nutrição e vacinação de crianças",6A,817,BUKR6ADT.zip,446,
Burundi,BUKR71FL.DTA,BUKR71FL,KR,saude_infantil,"Saúde, nutrição e vacinação de crianças",71,1136,BUKR71DT.zip,463,
Burundi,BUHR61FL.DTA,BUHR61FL,HR,domicilio_contexto,"Domicílio, saneamento, bens e contexto",61,2454,BUHR61DT.zip,346,
Burundi,BUHR6AFL.DTA,BUHR6AFL,HR,domicilio_contexto,"Domicílio, saneamento, bens e contexto",6A,1688,BUHR6ADT.zip,446,
Burundi,BUHR71FL.DTA,BUHR71FL,HR,domicilio_contexto,"Domicílio, saneamento, bens e contexto",71,3096,BUHR71DT.zip,463,
Burundi,BUMR61FL.DTA,BUMR61FL,MR,casal_parceiro,Informações masculinas relacionadas ao casal,61,520,BUMR61DT.zip,346,
Burundi,BUMR71FL.DTA,BUMR71FL,MR,casal_parceiro,Informações masculinas relacionadas ao casal,71,764,BUMR71DT.zip,463,
Burundi,BUHH02FL.DTA,BUHH02FL,HH,modulo_especial,Questionário domiciliar especial,02,284,BUHH02DT.zip,16,
Burundi,BUPR61FL.DTA,BUPR61FL,PR,moradores_contexto,Moradores do domicílio e composição familiar,61,346,BUPR61DT.zip,346,
Burundi,BUPR6AFL.DTA,BUPR6AFL,PR,moradores_contexto,Moradores do domicílio e composição familiar,6A,276,BUPR6ADT.zip,446,
Burundi,BUPR71FL.DTA,BUPR71FL,PR,moradores_contexto,Moradores do domicílio e composição familiar,71,415,BUPR71DT.zip,463,
Burundi,BUBR01FL.dta,BUBR01FL,BR,gestacao_parto,"Nascimentos, gestações e histórico obstétrico",01,429,BUBR01DT.zip,16,
Burundi,BUBR61FL.DTA,BUBR61FL,BR,gestacao_parto,"Nascimentos, gestações e histórico obstétrico",61,936,BUBR61DT.zip,346,
Burundi,BUBR71FL.DTA,BUBR71FL,BR,gestacao_parto,"Nascimentos, gestações e histórico obstétrico",71,1136,BUBR71DT.zip,463,
Burundi,BUIR02FL.DTA,BUIR02FL,IR,mulher_nucleo,Entrevista individual da mulher; fonte principal,02,1528,BUIR02DT.zip,16,
Burundi,BUIR61FL.DTA,BUIR61FL,IR,mulher_nucleo,Entrevista individual da mulher; fonte principal,61,3952,BUIR61DT.zip,346,
Burundi,BUIR6AFL.DTA,BUIR6AFL,IR,mulher_nucleo,Entrevista individual da mulher; fonte principal,6A,3227,BUIR6ADT.zip,446,
Burundi,BUIR71FL.DTA,BUIR71FL,IR,mulher_nucleo,Entrevista individual da mulher; fonte principal,71,5022,BUIR71DT.zip,463,
Burundi,BUSQ02FL.DTA,BUSQ02FL,SQ,servicos_saude,Disponibilidade e infraestrutura de serviços,02,23,BUSQ02DT.zip,16,
Camarões,CMHW22FL.DTA,CMHW22FL,HW,antropometria,"Peso, altura, anemia e medidas corporais",22,7,CMHW22DT.zip,38,
Camarões,CMHW31FL.DTA,CMHW31FL,HW,antropometria,"Peso, altura, anemia e medidas corporais",31,7,CMHW31DT.zip,101,
Camarões,CMHW44FL.DTA,CMHW44FL,HW,antropometria,"Peso, altura, anemia e medidas corporais",44,7,CMHW44DT.zip,232,
Camarões,CMCR21FL.DTA,CMCR21FL,CR,casal_parceiro,Informações conjugais e do parceiro,21,1066,CMCR21DT.zip,38,
Camarões,CMCR31FL.DTA,CMCR31FL,CR,casal_parceiro,Informações conjugais e do parceiro,31,1617,CMCR31DT.zip,101,
Camarões,CMCR44FL.dta,CMCR44FL,CR,casal_parceiro,Informações conjugais e do parceiro,44,2427,CMCR44DT.zip,232,
Camarões,CMCR61FL.DTA,CMCR61FL,CR,casal_parceiro,Informações conjugais e do parceiro,61,2535,CMCR61DT.zip,337,
Camarões,CMCR71FL.DTA,CMCR71FL,CR,casal_parceiro,Informações conjugais e do parceiro,71,2832,CMCR71DT.zip,511,
Camarões,CMKR21FL.DTA,CMKR21FL,KR,saude_infantil,"Saúde, nutrição e vacinação de crianças",21,646,CMKR21DT.zip,38,
Camarões,CMKR31FL.DTA,CMKR31FL,KR,saude_infantil,"Saúde, nutrição e vacinação de crianças",31,669,CMKR31DT.zip,101,
Camarões,CMKR44FL.dta,CMKR44FL,KR,saude_infantil,"Saúde, nutrição e vacinação de crianças",44,951,CMKR44DT.zip,232,
Camarões,CMKR61FL.DTA,CMKR61FL,KR,saude_infantil,"Saúde, nutrição e vacinação de crianças",61,1062,CMKR61DT.zip,337,
Camarões,CMKR71FL.DTA,CMKR71FL,KR,saude_infantil,"Saúde, nutrição e vacinação de crianças",71,1212,CMKR71DT.zip,511,
Camarões,CMKR82FL.DTA,CMKR82FL,KR,saude_infantil,"Saúde, nutrição e vacinação de crianças",82,733,CMKR82DT.zip,563,
Camarões,CMHR22FL.DTA,CMHR22FL,HR,domicilio_contexto,"Domicílio, saneamento, bens e contexto",22,919,CMHR22DT.zip,38,
Camarões,CMHR31FL.DTA,CMHR31FL,HR,domicilio_contexto,"Domicílio, saneamento, bens e contexto",31,1007,CMHR31DT.zip,101,
Camarões,CMHR44FL.dta,CMHR44FL,HR,domicilio_contexto,"Domicílio, saneamento, bens e contexto",44,3768,CMHR44DT.zip,232,
Camarões,CMHR61FL.DTA,CMHR61FL,HR,domicilio_contexto,"Domicílio, saneamento, bens e contexto",61,8209,CMHR61DT.zip,337,
Camarões,CMHR71FL.DTA,CMHR71FL,HR,domicilio_contexto,"Domicílio, saneamento, bens e contexto",71,5741,CMHR71DT.zip,511,
Camarões,CMHR82FL.DTA,CMHR82FL,HR,domicilio_contexto,"Domicílio, saneamento, bens e contexto",82,3475,CMHR82DT.zip,563,
Camarões,CMMR21FL.DTA,CMMR21FL,MR,casal_parceiro,Informações masculinas relacionadas ao casal,21,288,CMMR21DT.zip,38,
Camarões,CMMR31FL.DTA,CMMR31FL,MR,casal_parceiro,Informações masculinas relacionadas ao casal,31,517,CMMR31DT.zip,101,
Camarões,CMMR44FL.dta,CMMR44FL,MR,casal_parceiro,Informações masculinas relacionadas ao casal,44,1081,CMMR44DT.zip,232,
Camarões,CMMR61FL.DTA,CMMR61FL,MR,casal_parceiro,Informações masculinas relacionadas ao casal,61,714,CMMR61DT.zip,337,
Camarões,CMMR71FL.DTA,CMMR71FL,MR,casal_parceiro,Informações masculinas relacionadas ao casal,71,835,CMMR71DT.zip,511,
Camarões,CMPR22FL.DTA,CMPR22FL,PR,moradores_contexto,Moradores do domicílio e composição familiar,22,91,CMPR22DT.zip,38,
Camarões,CMPR31FL.DTA,CMPR31FL,PR,moradores_contexto,Moradores do domicílio e composição familiar,31,89,CMPR31DT.zip,101,
Camarões,CMPR45FL.DTA,CMPR45FL,PR,moradores_contexto,Moradores do domicílio e composição familiar,45,229,CMPR45DT.zip,232,
Camarões,CMPR61FL.DTA,CMPR61FL,PR,moradores_contexto,Moradores do domicílio e composição familiar,61,479,CMPR61DT.zip,337,
Camarões,CMPR71FL.DTA,CMPR71FL,PR,moradores_contexto,Moradores do domicílio e composição familiar,71,394,CMPR71DT.zip,511,
Camarões,CMPR82FL.DTA,CMPR82FL,PR,moradores_contexto,Moradores do domicílio e composição familiar,82,319,CMPR82DT.zip,563,
Camarões,CMBR22FL.dta,CMBR22FL,BR,gestacao_parto,"Nascimentos, gestações e histórico obstétrico",22,645,CMBR22DT.zip,38,
Camarões,CMBR31FL.dta,CMBR31FL,BR,gestacao_parto,"Nascimentos, gestações e histórico obstétrico",31,669,CMBR31DT.zip,101,
Camarões,CMBR44FL.dta,CMBR44FL,BR,gestacao_parto,"Nascimentos, gestações e histórico obstétrico",44,951,CMBR44DT.zip,232,
Camarões,CMBR61FL.DTA,CMBR61FL,BR,gestacao_parto,"Nascimentos, gestações e histórico obstétrico",61,1062,CMBR61DT.zip,337,
Camarões,CMBR71FL.DTA,CMBR71FL,BR,gestacao_parto,"Nascimentos, gestações e histórico obstétrico",71,1212,CMBR71DT.zip,511,
Camarões,CMWI22FL.DTA,CMWI22FL,WI,socioeconomico,Índice de riqueza e contexto socioeconômico,22,3,CMWI22DT.zip,38,
Camarões,CMWI31FL.DTA,CMWI31FL,WI,socioeconomico,Índice de riqueza e contexto socioeconômico,31,3,CMWI31DT.zip,101,
Camarões,CMIR22FL.DTA,CMIR22FL,IR,mulher_nucleo,Entrevista individual da mulher; fonte principal,22,2351,CMIR22DT.zip,38,
Camarões,CMIR31FL.DTA,CMIR31FL,IR,mulher_nucleo,Entrevista individual da mulher; fonte principal,31,2966,CMIR31DT.zip,101,
Camarões,CMIR44FL.dta,CMIR44FL,IR,mulher_nucleo,Entrevista individual da mulher; fonte principal,44,4433,CMIR44DT.zip,232,
Camarões,CMIR61FL.DTA,CMIR61FL,IR,mulher_nucleo,Entrevista individual da mulher; fonte principal,61,4378,CMIR61DT.zip,337,
Camarões,CMIR71FL.DTA,CMIR71FL,IR,mulher_nucleo,Entrevista individual da mulher; fonte principal,71,5102,CMIR71DT.zip,511,
Camarões,CMIR82FL.DTA,CMIR82FL,IR,mulher_nucleo,Entrevista individual da mulher; fonte principal,82,3158,CMIR82DT.zip,563,
Camarões,CMSQ21FL.DTA,CMSQ21FL,SQ,servicos_saude,Disponibilidade e infraestrutura de serviços,21,266,CMSQ21DT.zip,38,
Chade,TDHW31FL.DTA,TDHW31FL,HW,antropometria,"Peso, altura, anemia e medidas corporais",31,7,TDHW31DT.zip,83,
Chade,TDHW41FL.DTA,TDHW41FL,HW,antropometria,"Peso, altura, anemia e medidas corporais",41,7,TDHW41DT.zip,215,
Chade,TDCR31FL.DTA,TDCR31FL,CR,casal_parceiro,Informações conjugais e do parceiro,31,1413,TDCR31DT.zip,83,
Chade,TDCR41FL.DTA,TDCR41FL,CR,casal_parceiro,Informações conjugais e do parceiro,41,2526,TDCR41DT.zip,215,
Chade,TDCR71FL.DTA,TDCR71FL,CR,casal_parceiro,Informações conjugais e do parceiro,71,2317,TDCR71DT.zip,465,
Chade,TDKR31FL.DTA,TDKR31FL,KR,saude_infantil,"Saúde, nutrição e vacinação de crianças",31,733,TDKR31DT.zip,83,
Chade,TDKR41FL.DTA,TDKR41FL,KR,saude_infantil,"Saúde, nutrição e vacinação de crianças",41,1114,TDKR41DT.zip,215,
Chade,TDKR71FL.DTA,TDKR71FL,KR,saude_infantil,"Saúde, nutrição e vacinação de crianças",71,1016,TDKR71DT.zip,465,
Chade,TDHR31FL.DTA,TDHR31FL,HR,domicilio_contexto,"Domicílio, saneamento, bens e contexto",31,844,TDHR31DT.zip,83,
Chade,TDHR41FL.DTA,TDHR41FL,HR,domicilio_contexto,"Domicílio, saneamento, bens e contexto",41,3316,TDHR41DT.zip,215,
Chade,TDHR71FL.DTA,TDHR71FL,HR,domicilio_contexto,"Domicílio, saneamento, bens e contexto",71,4964,TDHR71DT.zip,465,
Chade,TDMR31FL.DTA,TDMR31FL,MR,casal_parceiro,Informações masculinas relacionadas ao casal,31,417,TDMR31DT.zip,83,
Chade,TDMR41FL.DTA,TDMR41FL,MR,casal_parceiro,Informações masculinas relacionadas ao casal,41,918,TDMR41DT.zip,215,
Chade,TDMR71FL.DTA,TDMR71FL,MR,casal_parceiro,Informações masculinas relacionadas ao casal,71,511,TDMR71DT.zip,465,
Chade,TDPR31FL.DTA,TDPR31FL,PR,moradores_contexto,Moradores do domicílio e composição familiar,31,88,TDPR31DT.zip,83,
Chade,TDPR41FL.DTA,TDPR41FL,PR,moradores_contexto,Moradores do domicílio e composição familiar,41,229,TDPR41DT.zip,215,
Chade,TDPR71FL.DTA,TDPR71FL,PR,moradores_contexto,Moradores do domicílio e composição familiar,71,407,TDPR71DT.zip,465,
Chade,TDBR31FL.dta,TDBR31FL,BR,gestacao_parto,"Nascimentos, gestações e histórico obstétrico",31,733,TDBR31DT.zip,83,
Chade,TDBR41FL.DTA,TDBR41FL,BR,gestacao_parto,"Nascimentos, gestações e histórico obstétrico",41,1114,TDBR41DT.zip,215,
Chade,TDBR71FL.DTA,TDBR71FL,BR,gestacao_parto,"Nascimentos, gestações e histórico obstétrico",71,1052,TDBR71DT.zip,465,
Chade,TDWI31FL.DTA,TDWI31FL,WI,socioeconomico,Índice de riqueza e contexto socioeconômico,31,3,TDWI31DT.zip,83,
Chade,TDIR31FL.DTA,TDIR31FL,IR,mulher_nucleo,Entrevista individual da mulher; fonte principal,31,3282,TDIR31DT.zip,83,
Chade,TDIR41FL.DTA,TDIR41FL,IR,mulher_nucleo,Entrevista individual da mulher; fonte principal,41,4857,TDIR41DT.zip,215,
Chade,TDIR71FL.DTA,TDIR71FL,IR,mulher_nucleo,Entrevista individual da mulher; fonte principal,71,4463,TDIR71DT.zip,465,
Chade,TDSQ32FL.DTA,TDSQ32FL,SQ,servicos_saude,Disponibilidade e infraestrutura de serviços,32,231,TDSQ32DT.zip,83,
Chade,TDSQ41FL.DTA,TDSQ41FL,SQ,servicos_saude,Disponibilidade e infraestrutura de serviços,41,237,TDSQ41DT.zip,215,
Comores,KMHW32FL.DTA,KMHW32FL,HW,antropometria,"Peso, altura, anemia e medidas corporais",32,7,KMHW32DT.zip,93,
Comores,KMCR31FL.DTA,KMCR31FL,CR,casal_parceiro,Informações conjugais e do parceiro,31,1125,KMCR31DT.zip,93,
Comores,KMCR61FL.DTA,KMCR61FL,CR,casal_parceiro,Informações conjugais e do parceiro,61,2254,KMCR61DT.zip,443,
Comores,KMKR31FL.DTA,KMKR31FL,KR,saude_infantil,"Saúde, nutrição e vacinação de crianças",31,604,KMKR31DT.zip,93,
Comores,KMKR61FL.DTA,KMKR61FL,KR,saude_infantil,"Saúde, nutrição e vacinação de crianças",61,949,KMKR61DT.zip,443,
Comores,KMHR32FL.DTA,KMHR32FL,HR,domicilio_contexto,"Domicílio, saneamento, bens e contexto",32,551,KMHR32DT.zip,93,
Comores,KMHR61FL.DTA,KMHR61FL,HR,domicilio_contexto,"Domicílio, saneamento, bens e contexto",61,3633,KMHR61DT.zip,443,
Comores,KMMR31FL.DTA,KMMR31FL,MR,casal_parceiro,Informações masculinas relacionadas ao casal,31,285,KMMR31DT.zip,93,
Comores,KMMR61FL.DTA,KMMR61FL,MR,casal_parceiro,Informações masculinas relacionadas ao casal,61,517,KMMR61DT.zip,443,
Comores,KMPR32FL.DTA,KMPR32FL,PR,moradores_contexto,Moradores do domicílio e composição familiar,32,111,KMPR32DT.zip,93,
Comores,KMPR61FL.DTA,KMPR61FL,PR,moradores_contexto,Moradores do domicílio e composição familiar,61,298,KMPR61DT.zip,443,
Comores,KMBR32FL.dta,KMBR32FL,BR,gestacao_parto,"Nascimentos, gestações e histórico obstétrico",32,606,KMBR32DT.zip,93,
Comores,KMBR61FL.DTA,KMBR61FL,BR,gestacao_parto,"Nascimentos, gestações e histórico obstétrico",61,949,KMBR61DT.zip,443,
Comores,KMWI32FL.DTA,KMWI32FL,WI,socioeconomico,Índice de riqueza e contexto socioeconômico,32,3,KMWI32DT.zip,93,
Comores,KMIR32FL.DTA,KMIR32FL,IR,mulher_nucleo,Entrevista individual da mulher; fonte principal,32,2715,KMIR32DT.zip,93,
Comores,KMIR61FL.DTA,KMIR61FL,IR,mulher_nucleo,Entrevista individual da mulher; fonte principal,61,4138,KMIR61DT.zip,443,
Congo (Brazzaville),CGHW51FL.DTA,CGHW51FL,HW,antropometria,"Peso, altura, anemia e medidas corporais",51,7,CGHW51DT.zip,267,
Congo (Brazzaville),CGCR51FL.DTA,CGCR51FL,CR,casal_parceiro,Informações conjugais e do parceiro,51,2602,CGCR51DT.zip,267,
Congo (Brazzaville),CGCR61FL.DTA,CGCR61FL,CR,casal_parceiro,Informações conjugais e do parceiro,61,2206,CGCR61DT.zip,388,
Congo (Brazzaville),CGKR51FL.DTA,CGKR51FL,KR,saude_infantil,"Saúde, nutrição e vacinação de crianças",51,1129,CGKR51DT.zip,267,
Congo (Brazzaville),CGKR61FL.DTA,CGKR61FL,KR,saude_infantil,"Saúde, nutrição e vacinação de crianças",61,1110,CGKR61DT.zip,388,
Congo (Brazzaville),CGHR51FL.DTA,CGHR51FL,HR,domicilio_contexto,"Domicílio, saneamento, bens e contexto",51,2623,CGHR51DT.zip,267,
Congo (Brazzaville),CGHR5AFL.DTA,CGHR5AFL,HR,domicilio_contexto,"Domicílio, saneamento, bens e contexto",5A,1268,CGHR5ADT.zip,370,
Congo (Brazzaville),CGHR61FL.DTA,CGHR61FL,HR,domicilio_contexto,"Domicílio, saneamento, bens e contexto",61,3194,CGHR61DT.zip,388,
Congo (Brazzaville),CGMR51FL.DTA,CGMR51FL,MR,casal_parceiro,Informações masculinas relacionadas ao casal,51,919,CGMR51DT.zip,267,
Congo (Brazzaville),CGMR61FL.DTA,CGMR61FL,MR,casal_parceiro,Informações masculinas relacionadas ao casal,61,538,CGMR61DT.zip,388,
Congo (Brazzaville),CGPR51FL.DTA,CGPR51FL,PR,moradores_contexto,Moradores do domicílio e composição familiar,51,278,CGPR51DT.zip,267,
Congo (Brazzaville),CGPR5AFL.DTA,CGPR5AFL,PR,moradores_contexto,Moradores do domicílio e composição familiar,5A,168,CGPR5ADT.zip,370,
Congo (Brazzaville),CGPR61FL.DTA,CGPR61FL,PR,moradores_contexto,Moradores do domicílio e composição familiar,61,323,CGPR61DT.zip,388,
Congo (Brazzaville),CGBR51FL.DTA,CGBR51FL,BR,gestacao_parto,"Nascimentos, gestações e histórico obstétrico",51,1129,CGBR51DT.zip,267,
Congo (Brazzaville),CGBR61FL.DTA,CGBR61FL,BR,gestacao_parto,"Nascimentos, gestações e histórico obstétrico",61,1110,CGBR61DT.zip,388,
Congo (Brazzaville),CGIR51FL.DTA,CGIR51FL,IR,mulher_nucleo,Entrevista individual da mulher; fonte principal,51,4350,CGIR51DT.zip,267,
Congo (Brazzaville),CGIR5AFL.DTA,CGIR5AFL,IR,mulher_nucleo,Entrevista individual da mulher; fonte principal,5A,482,CGIR5ADT.zip,370,
Congo (Brazzaville),CGIR61FL.DTA,CGIR61FL,IR,mulher_nucleo,Entrevista individual da mulher; fonte principal,61,4413,CGIR61DT.zip,388,
Congo (República Democrática),CDCR51FL.DTA,CDCR51FL,CR,casal_parceiro,Informações conjugais e do parceiro,51,2572,CDCR51DT.zip,239,
Congo (República Democrática),CDCR61FL.DTA,CDCR61FL,CR,casal_parceiro,Informações conjugais e do parceiro,61,2292,CDCR61DT.zip,421,
Congo (República Democrática),CDCR81FL.dta,CDCR81FL,CR,casal_parceiro,Informações conjugais e do parceiro,81,1597,CDCR81DT.zip,597,
Congo (República Democrática),CDKR51FL.DTA,CDKR51FL,KR,saude_infantil,"Saúde, nutrição e vacinação de crianças",51,1082,CDKR51DT.zip,239,
Congo (República Democrática),CDKR61FL.DTA,CDKR61FL,KR,saude_infantil,"Saúde, nutrição e vacinação de crianças",61,999,CDKR61DT.zip,421,
Congo (República Democrática),CDKR81FL.dta,CDKR81FL,KR,saude_infantil,"Saúde, nutrição e vacinação de crianças",81,1194,CDKR81DT.zip,597,
Congo (República Democrática),CDHR51FL.DTA,CDHR51FL,HR,domicilio_contexto,"Domicílio, saneamento, bens e contexto",51,3409,CDHR51DT.zip,239,
Congo (República Democrática),CDHR61FL.DTA,CDHR61FL,HR,domicilio_contexto,"Domicílio, saneamento, bens e contexto",61,4606,CDHR61DT.zip,421,
Congo (República Democrática),CDHR81FL.dta,CDHR81FL,HR,domicilio_contexto,"Domicílio, saneamento, bens e contexto",81,4768,CDHR81DT.zip,597,
Congo (República Democrática),CDMR51FL.DTA,CDMR51FL,MR,casal_parceiro,Informações masculinas relacionadas ao casal,51,602,CDMR51DT.zip,239,
Congo (República Democrática),CDMR61FL.DTA,CDMR61FL,MR,casal_parceiro,Informações masculinas relacionadas ao casal,61,520,CDMR61DT.zip,421,
Congo (República Democrática),CDMR81FL.dta,CDMR81FL,MR,casal_parceiro,Informações masculinas relacionadas ao casal,81,549,CDMR81DT.zip,597,
Congo (República Democrática),CDPR51FL.DTA,CDPR51FL,PR,moradores_contexto,Moradores do domicílio e composição familiar,51,339,CDPR51DT.zip,239,
Congo (República Democrática),CDPR61FL.DTA,CDPR61FL,PR,moradores_contexto,Moradores do domicílio e composição familiar,61,505,CDPR61DT.zip,421,
Congo (República Democrática),CDPR81FL.dta,CDPR81FL,PR,moradores_contexto,Moradores do domicílio e composição familiar,81,618,CDPR81DT.zip,597,
Congo (República Democrática),CDBR51FL.DTA,CDBR51FL,BR,gestacao_parto,"Nascimentos, gestações e histórico obstétrico",51,1082,CDBR51DT.zip,239,
Congo (República Democrática),CDBR61FL.DTA,CDBR61FL,BR,gestacao_parto,"Nascimentos, gestações e histórico obstétrico",61,999,CDBR61DT.zip,421,
Congo (República Democrática),CDBR81FL.dta,CDBR81FL,BR,gestacao_parto,"Nascimentos, gestações e histórico obstétrico",81,1194,CDBR81DT.zip,597,
Congo (República Democrática),CDIR51FL.DTA,CDIR51FL,IR,mulher_nucleo,Entrevista individual da mulher; fonte principal,51,4328,CDIR51DT.zip,239,
Congo (República Democrática),CDIR61FL.DTA,CDIR61FL,IR,mulher_nucleo,Entrevista individual da mulher; fonte principal,61,4245,CDIR61DT.zip,421,
Congo (República Democrática),CDIR81FL.dta,CDIR81FL,IR,mulher_nucleo,Entrevista individual da mulher; fonte principal,81,5942,CDIR81DT.zip,597,
Costa do Marfim,CIHW35FL.DTA,CIHW35FL,HW,antropometria,"Peso, altura, anemia e medidas corporais",35,7,CIHW35DT.zip,62,
Costa do Marfim,CIHW3AFL.DTA,CIHW3AFL,HW,antropometria,"Peso, altura, anemia e medidas corporais",3A,7,CIHW3ADT.zip,106,
Costa do Marfim,CICR35FL.DTA,CICR35FL,CR,casal_parceiro,Informações conjugais e do parceiro,35,1412,CICR35DT.zip,62,
Costa do Marfim,CICR3AFL.DTA,CICR3AFL,CR,casal_parceiro,Informações conjugais e do parceiro,3A,1774,CICR3ADT.zip,106,
Costa do Marfim,CICR62FL.DTA,CICR62FL,CR,casal_parceiro,Informações conjugais e do parceiro,62,2370,CICR62DT.zip,311,
Costa do Marfim,CICR81FL.DTA,CICR81FL,CR,casal_parceiro,Informações conjugais e do parceiro,81,1630,CICR81DT.zip,559,
Costa do Marfim,CIKR35FL.DTA,CIKR35FL,KR,saude_infantil,"Saúde, nutrição e vacinação de crianças",35,722,CIKR35DT.zip,62,
Costa do Marfim,CIKR3AFL.DTA,CIKR3AFL,KR,saude_infantil,"Saúde, nutrição e vacinação de crianças",3A,702,CIKR3ADT.zip,106,
Costa do Marfim,CIKR51FL.DTA,CIKR51FL,KR,saude_infantil,"Saúde, nutrição e vacinação de crianças",51,285,CIKR51DT.zip,231,
Costa do Marfim,CIKR62FL.DTA,CIKR62FL,KR,saude_infantil,"Saúde, nutrição e vacinação de crianças",62,1017,CIKR62DT.zip,311,
Costa do Marfim,CIKR81FL.DTA,CIKR81FL,KR,saude_infantil,"Saúde, nutrição e vacinação de crianças",81,1164,CIKR81DT.zip,559,
Costa do Marfim,CIHR35FL.DTA,CIHR35FL,HR,domicilio_contexto,"Domicílio, saneamento, bens e contexto",35,1164,CIHR35DT.zip,62,
Costa do Marfim,CIHR3AFL.DTA,CIHR3AFL,HR,domicilio_contexto,"Domicílio, saneamento, bens e contexto",3A,1053,CIHR3ADT.zip,106,
Costa do Marfim,CIHR51FL.DTA,CIHR51FL,HR,domicilio_contexto,"Domicílio, saneamento, bens e contexto",51,4719,CIHR51DT.zip,231,
Costa do Marfim,CIHR62FL.DTA,CIHR62FL,HR,domicilio_contexto,"Domicílio, saneamento, bens e contexto",62,3900,CIHR62DT.zip,311,
Costa do Marfim,CIHR81FL.DTA,CIHR81FL,HR,domicilio_contexto,"Domicílio, saneamento, bens e contexto",81,4398,CIHR81DT.zip,559,
Costa do Marfim,CIMR33FL.DTA,CIMR33FL,MR,casal_parceiro,Informações masculinas relacionadas ao casal,33,442,CIMR33DT.zip,62,
Costa do Marfim,CIMR3AFL.DTA,CIMR3AFL,MR,casal_parceiro,Informações masculinas relacionadas ao casal,3A,543,CIMR3ADT.zip,106,
Costa do Marfim,CIMR62FL.DTA,CIMR62FL,MR,casal_parceiro,Informações masculinas relacionadas ao casal,62,543,CIMR62DT.zip,311,
Costa do Marfim,CIMR81FL.DTA,CIMR81FL,MR,casal_parceiro,Informações masculinas relacionadas ao casal,81,554,CIMR81DT.zip,559,
Costa do Marfim,CIPR35FL.DTA,CIPR35FL,PR,moradores_contexto,Moradores do domicílio e composição familiar,35,86,CIPR35DT.zip,62,
Costa do Marfim,CIPR3AFL.DTA,CIPR3AFL,PR,moradores_contexto,Moradores do domicílio e composição familiar,3A,87,CIPR3ADT.zip,106,
Costa do Marfim,CIPR51FL.DTA,CIPR51FL,PR,moradores_contexto,Moradores do domicílio e composição familiar,51,144,CIPR51DT.zip,231,
Costa do Marfim,CIPR62FL.DTA,CIPR62FL,PR,moradores_contexto,Moradores do domicílio e composição familiar,62,352,CIPR62DT.zip,311,
Costa do Marfim,CIPR81FL.DTA,CIPR81FL,PR,moradores_contexto,Moradores do domicílio e composição familiar,81,496,CIPR81DT.zip,559,
Costa do Marfim,CIBR35FL.dta,CIBR35FL,BR,gestacao_parto,"Nascimentos, gestações e histórico obstétrico",35,682,CIBR35DT.zip,62,
Costa do Marfim,CIBR3AFL.dta,CIBR3AFL,BR,gestacao_parto,"Nascimentos, gestações e histórico obstétrico",3A,702,CIBR3ADT.zip,106,
Costa do Marfim,CIBR51FL.DTA,CIBR51FL,BR,gestacao_parto,"Nascimentos, gestações e histórico obstétrico",51,285,CIBR51DT.zip,231,
Costa do Marfim,CIBR62FL.DTA,CIBR62FL,BR,gestacao_parto,"Nascimentos, gestações e histórico obstétrico",62,1053,CIBR62DT.zip,311,
Costa do Marfim,CIBR81FL.DTA,CIBR81FL,BR,gestacao_parto,"Nascimentos, gestações e histórico obstétrico",81,1164,CIBR81DT.zip,559,
Costa do Marfim,CIWI34FL.DTA,CIWI34FL,WI,socioeconomico,Índice de riqueza e contexto socioeconômico,34,3,CIWI34DT.zip,62,
Costa do Marfim,CIWI3AFL.DTA,CIWI3AFL,WI,socioeconomico,Índice de riqueza e contexto socioeconômico,3A,3,CIWI3ADT.zip,106,
Costa do Marfim,CIIR35FL.DTA,CIIR35FL,IR,mulher_nucleo,Entrevista individual da mulher; fonte principal,35,2956,CIIR35DT.zip,62,
Costa do Marfim,CIIR3AFL.DTA,CIIR3AFL,IR,mulher_nucleo,Entrevista individual da mulher; fonte principal,3A,2629,CIIR3ADT.zip,106,
Costa do Marfim,CIIR51FL.DTA,CIIR51FL,IR,mulher_nucleo,Entrevista individual da mulher; fonte principal,51,1321,CIIR51DT.zip,231,
Costa do Marfim,CIIR62FL.DTA,CIIR62FL,IR,mulher_nucleo,Entrevista individual da mulher; fonte principal,62,4364,CIIR62DT.zip,311,
Costa do Marfim,CIIR81FL.DTA,CIIR81FL,IR,mulher_nucleo,Entrevista individual da mulher; fonte principal,81,5417,CIIR81DT.zip,559,
Costa do Marfim,CISQ33FL.DTA,CISQ33FL,SQ,servicos_saude,Disponibilidade e infraestrutura de serviços,33,640,CISQ33DT.zip,62,
Eswatini (Suazilândia),szcr51fl.dta,SZCR51FL,CR,casal_parceiro,Informações conjugais e do parceiro,51,2185,SZCR51DT.zip,259,
Eswatini (Suazilândia),SZKR51FL.DTA,SZKR51FL,KR,saude_infantil,"Saúde, nutrição e vacinação de crianças",51,1058,SZKR51DT.zip,259,
Eswatini (Suazilândia),szhr51fl.dta,SZHR51FL,HR,domicilio_contexto,"Domicílio, saneamento, bens e contexto",51,4293,SZHR51DT.zip,259,
Eswatini (Suazilândia),szmr51fl.dta,SZMR51FL,MR,casal_parceiro,Informações masculinas relacionadas ao casal,51,561,SZMR51DT.zip,259,
Eswatini (Suazilândia),SZPR52FL.DTA,SZPR52FL,PR,moradores_contexto,Moradores do domicílio e composição familiar,52,425,SZPR52DT.zip,259,
Eswatini (Suazilândia),SZBR51FL.DTA,SZBR51FL,BR,gestacao_parto,"Nascimentos, gestações e histórico obstétrico",51,1058,SZBR51DT.zip,259,
Eswatini (Suazilândia),szir51fl.dta,SZIR51FL,IR,mulher_nucleo,Entrevista individual da mulher; fonte principal,51,4217,SZIR51DT.zip,259,
Etiópia,ETHW41FL.DTA,ETHW41FL,HW,antropometria,"Peso, altura, anemia e medidas corporais",41,7,ETHW41DT.zip,147,
Etiópia,ETHW51FL.DTA,ETHW51FL,HW,antropometria,"Peso, altura, anemia e medidas corporais",51,7,ETHW51DT.zip,248,
Etiópia,ETCR41FL.DTA,ETCR41FL,CR,casal_parceiro,Informações conjugais e do parceiro,41,2107,ETCR41DT.zip,147,
Etiópia,ETCR51FL.DTA,ETCR51FL,CR,casal_parceiro,Informações conjugais e do parceiro,51,2370,ETCR51DT.zip,248,
Etiópia,ETCR61FL.DTA,ETCR61FL,CR,casal_parceiro,Informações conjugais e do parceiro,61,1749,ETCR61DT.zip,359,
Etiópia,ETCR71FL.DTA,ETCR71FL,CR,casal_parceiro,Informações conjugais e do parceiro,71,2528,ETCR71DT.zip,478,
Etiópia,ETCR8AFL.dta,ETCR8AFL,CR,casal_parceiro,Informações conjugais e do parceiro,8A,1592,ETCR8ADT.zip,586,
Etiópia,ETKR41FL.DTA,ETKR41FL,KR,saude_infantil,"Saúde, nutrição e vacinação de crianças",41,881,ETKR41DT.zip,147,
Etiópia,ETKR51FL.DTA,ETKR51FL,KR,saude_infantil,"Saúde, nutrição e vacinação de crianças",51,1225,ETKR51DT.zip,248,
Etiópia,ETKR61FL.DTA,ETKR61FL,KR,saude_infantil,"Saúde, nutrição e vacinação de crianças",61,928,ETKR61DT.zip,359,
Etiópia,ETKR71FL.DTA,ETKR71FL,KR,saude_infantil,"Saúde, nutrição e vacinação de crianças",71,1251,ETKR71DT.zip,478,
Etiópia,ETKR81FL.DTA,ETKR81FL,KR,saude_infantil,"Saúde, nutrição e vacinação de crianças",81,1072,ETKR81DT.zip,551,
Etiópia,ETKR8AFL.dta,ETKR8AFL,KR,saude_infantil,"Saúde, nutrição e vacinação de crianças",8A,1301,ETKR8ADT.zip,586,
Etiópia,ETHR41FL.DTA,ETHR41FL,HR,domicilio_contexto,"Domicílio, saneamento, bens e contexto",41,1151,ETHR41DT.zip,147,
Etiópia,ETHR51FL.DTA,ETHR51FL,HR,domicilio_contexto,"Domicílio, saneamento, bens e contexto",51,2109,ETHR51DT.zip,248,
Etiópia,ETHR61FL.DTA,ETHR61FL,HR,domicilio_contexto,"Domicílio, saneamento, bens e contexto",61,2406,ETHR61DT.zip,359,
Etiópia,ETHR71FL.DTA,ETHR71FL,HR,domicilio_contexto,"Domicílio, saneamento, bens e contexto",71,1966,ETHR71DT.zip,478,
Etiópia,ETHR81FL.DTA,ETHR81FL,HR,domicilio_contexto,"Domicílio, saneamento, bens e contexto",81,1384,ETHR81DT.zip,551,
Etiópia,ETHR8AFL.dta,ETHR8AFL,HR,domicilio_contexto,"Domicílio, saneamento, bens e contexto",8A,4308,ETHR8ADT.zip,586,
Etiópia,ETMR41FL.DTA,ETMR41FL,MR,casal_parceiro,Informações masculinas relacionadas ao casal,41,880,ETMR41DT.zip,147,
Etiópia,ETMR51FL.DTA,ETMR51FL,MR,casal_parceiro,Informações masculinas relacionadas ao casal,51,960,ETMR51DT.zip,248,
Etiópia,ETMR61FL.DTA,ETMR61FL,MR,casal_parceiro,Informações masculinas relacionadas ao casal,61,547,ETMR61DT.zip,359,
Etiópia,ETMR71FL.DTA,ETMR71FL,MR,casal_parceiro,Informações masculinas relacionadas ao casal,71,597,ETMR71DT.zip,478,
Etiópia,ETMR8AFL.dta,ETMR8AFL,MR,casal_parceiro,Informações masculinas relacionadas ao casal,8A,544,ETMR8ADT.zip,586,
Etiópia,ETPR41FL.DTA,ETPR41FL,PR,moradores_contexto,Moradores do domicílio e composição familiar,41,200,ETPR41DT.zip,147,
Etiópia,ETPR51FL.DTA,ETPR51FL,PR,moradores_contexto,Moradores do domicílio e composição familiar,51,261,ETPR51DT.zip,248,
Etiópia,ETPR61FL.DTA,ETPR61FL,PR,moradores_contexto,Moradores do domicílio e composição familiar,61,302,ETPR61DT.zip,359,
Etiópia,ETPR71FL.DTA,ETPR71FL,PR,moradores_contexto,Moradores do domicílio e composição familiar,71,321,ETPR71DT.zip,478,
Etiópia,ETPR81FL.DTA,ETPR81FL,PR,moradores_contexto,Moradores do domicílio e composição familiar,81,287,ETPR81DT.zip,551,
Etiópia,ETPR8AFL.dta,ETPR8AFL,PR,moradores_contexto,Moradores do domicílio e composição familiar,8A,420,ETPR8ADT.zip,586,
Etiópia,ETBR41FL.dta,ETBR41FL,BR,gestacao_parto,"Nascimentos, gestações e histórico obstétrico",41,881,ETBR41DT.zip,147,
Etiópia,ETBR51FL.DTA,ETBR51FL,BR,gestacao_parto,"Nascimentos, gestações e histórico obstétrico",51,1225,ETBR51DT.zip,248,
Etiópia,ETBR61FL.DTA,ETBR61FL,BR,gestacao_parto,"Nascimentos, gestações e histórico obstétrico",61,928,ETBR61DT.zip,359,
Etiópia,ETBR71FL.DTA,ETBR71FL,BR,gestacao_parto,"Nascimentos, gestações e histórico obstétrico",71,1287,ETBR71DT.zip,478,
Etiópia,ETBR81FL.DTA,ETBR81FL,BR,gestacao_parto,"Nascimentos, gestações e histórico obstétrico",81,1072,ETBR81DT.zip,551,
Etiópia,ETBR8AFL.dta,ETBR8AFL,BR,gestacao_parto,"Nascimentos, gestações e histórico obstétrico",8A,1307,ETBR8ADT.zip,586,
Etiópia,ETWI41FL.DTA,ETWI41FL,WI,socioeconomico,Índice de riqueza e contexto socioeconômico,41,3,ETWI41DT.zip,147,
Etiópia,ETIR41FL.DTA,ETIR41FL,IR,mulher_nucleo,Entrevista individual da mulher; fonte principal,41,3665,ETIR41DT.zip,147,
Etiópia,ETIR51FL.DTA,ETIR51FL,IR,mulher_nucleo,Entrevista individual da mulher; fonte principal,51,4699,ETIR51DT.zip,248,
Etiópia,ETIR61FL.DTA,ETIR61FL,IR,mulher_nucleo,Entrevista individual da mulher; fonte principal,61,3807,ETIR61DT.zip,359,
Etiópia,ETIR71FL.DTA,ETIR71FL,IR,mulher_nucleo,Entrevista individual da mulher; fonte principal,71,5902,ETIR71DT.zip,478,
Etiópia,ETIR81FL.DTA,ETIR81FL,IR,mulher_nucleo,Entrevista individual da mulher; fonte principal,81,4436,ETIR81DT.zip,551,
Etiópia,ETIR8AFL.dta,ETIR8AFL,IR,mulher_nucleo,Entrevista individual da mulher; fonte principal,8A,6648,ETIR8ADT.zip,586,
Gabão,GAHW41FL.DTA,GAHW41FL,HW,antropometria,"Peso, altura, anemia e medidas corporais",41,7,GAHW41DT.zip,148,
Gabão,gacr41fl.dta,GACR41FL,CR,casal_parceiro,Informações conjugais e do parceiro,41,2094,GACR41DT.zip,148,
Gabão,GACR61FL.DTA,GACR61FL,CR,casal_parceiro,Informações conjugais e do parceiro,61,2294,GACR61DT.zip,402,
Gabão,GACR71FL.DTA,GACR71FL,CR,casal_parceiro,Informações conjugais e do parceiro,71,1420,GACR71DT.zip,546,
Gabão,GAKR41FL.DTA,GAKR41FL,KR,saude_infantil,"Saúde, nutrição e vacinação de crianças",41,936,GAKR41DT.zip,148,
Gabão,GAKR61FL.DTA,GAKR61FL,KR,saude_infantil,"Saúde, nutrição e vacinação de crianças",61,1057,GAKR61DT.zip,402,
Gabão,GAKR71FL.DTA,GAKR71FL,KR,saude_infantil,"Saúde, nutrição e vacinação de crianças",71,1149,GAKR71DT.zip,546,
Gabão,GAHR41FL.DTA,GAHR41FL,HR,domicilio_contexto,"Domicílio, saneamento, bens e contexto",41,1172,GAHR41DT.zip,148,
Gabão,GAHR61FL.DTA,GAHR61FL,HR,domicilio_contexto,"Domicílio, saneamento, bens e contexto",61,3323,GAHR61DT.zip,402,
Gabão,GAHR71FL.DTA,GAHR71FL,HR,domicilio_contexto,"Domicílio, saneamento, bens e contexto",71,3291,GAHR71DT.zip,546,
Gabão,GAMR41FL.DTA,GAMR41FL,MR,casal_parceiro,Informações masculinas relacionadas ao casal,41,461,GAMR41DT.zip,148,
Gabão,GAMR61FL.DTA,GAMR61FL,MR,casal_parceiro,Informações masculinas relacionadas ao casal,61,516,GAMR61DT.zip,402,
Gabão,GAMR71FL.DTA,GAMR71FL,MR,casal_parceiro,Informações masculinas relacionadas ao casal,71,620,GAMR71DT.zip,546,
Gabão,GAPR41FL.DTA,GAPR41FL,PR,moradores_contexto,Moradores do domicílio e composição familiar,41,91,GAPR41DT.zip,148,
Gabão,GAPR61FL.DTA,GAPR61FL,PR,moradores_contexto,Moradores do domicílio e composição familiar,61,352,GAPR61DT.zip,402,
Gabão,GAPR71FL.DTA,GAPR71FL,PR,moradores_contexto,Moradores do domicílio e composição familiar,71,461,GAPR71DT.zip,546,
Gabão,GABR41FL.DTA,GABR41FL,BR,gestacao_parto,"Nascimentos, gestações e histórico obstétrico",41,936,GABR41DT.zip,148,
Gabão,GABR61FL.DTA,GABR61FL,BR,gestacao_parto,"Nascimentos, gestações e histórico obstétrico",61,1057,GABR61DT.zip,402,
Gabão,GABR71FL.DTA,GABR71FL,BR,gestacao_parto,"Nascimentos, gestações e histórico obstétrico",71,1231,GABR71DT.zip,546,
Gabão,GAWI41FL.DTA,GAWI41FL,WI,socioeconomico,Índice de riqueza e contexto socioeconômico,41,3,GAWI41DT.zip,148,
Gabão,GAIR41FL.DTA,GAIR41FL,IR,mulher_nucleo,Entrevista individual da mulher; fonte principal,41,3361,GAIR41DT.zip,148,
Gabão,GAIR61FL.DTA,GAIR61FL,IR,mulher_nucleo,Entrevista individual da mulher; fonte principal,61,4581,GAIR61DT.zip,402,
Gabão,GAIR71FL.DTA,GAIR71FL,IR,mulher_nucleo,Entrevista individual da mulher; fonte principal,71,5490,GAIR71DT.zip,546,
Gabão,GASQ41FL.DTA,GASQ41FL,SQ,servicos_saude,Disponibilidade e infraestrutura de serviços,41,209,GASQ41DT.zip,148,
Gana,GHHW02FL.DTA,GHHW02FL,HW,antropometria,"Peso, altura, anemia e medidas corporais",02,7,GHHW02DT.zip,25,
Gana,GHHW31FL.DTA,GHHW31FL,HW,antropometria,"Peso, altura, anemia e medidas corporais",31,7,GHHW31DT.zip,58,
Gana,GHHW41FL.DTA,GHHW41FL,HW,antropometria,"Peso, altura, anemia e medidas corporais",41,7,GHHW41DT.zip,151,
Gana,GHHW4AFL.DTA,GHHW4AFL,HW,antropometria,"Peso, altura, anemia e medidas corporais",4A,7,GHHW4ADT.zip,235,
Gana,GHVA51FL.DTA,GHVA51FL,VA,mortalidade,Autópsia verbal e causa de morte,51,343,GHVA51DT.zip,325,
Gana,GHVA5AFL.DTA,GHVA5AFL,VA,mortalidade,Autópsia verbal e causa de morte,5A,413,GHVA5ADT.zip,301,
Gana,GHVA7IFL_ALLYEARS.DTA,GHVA7IFL_ALLYEARS,VA,mortalidade,Autópsia verbal e causa de morte,7I,377,,,
Gana,GHVA7IFL_LAST5YEARS.DTA,GHVA7IFL_LAST5YEARS,VA,mortalidade,Autópsia verbal e causa de morte,7I,377,,,
Gana,GHCR31FL.DTA,GHCR31FL,CR,casal_parceiro,Informações conjugais e do parceiro,31,1293,GHCR31DT.zip,58,
Gana,GHCR41FL.DTA,GHCR41FL,CR,casal_parceiro,Informações conjugais e do parceiro,41,1966,GHCR41DT.zip,151,
Gana,GHCR4BFL.DTA,GHCR4BFL,CR,casal_parceiro,Informações conjugais e do parceiro,4B,2024,GHCR4BDT.zip,235,
Gana,GHCR5AFL.DTA,GHCR5AFL,CR,casal_parceiro,Informações conjugais e do parceiro,5A,2454,GHCR5ADT.zip,301,
Gana,GHCR71FL.DTA,GHCR71FL,CR,casal_parceiro,Informações conjugais e do parceiro,71,2381,GHCR71DT.zip,437,
Gana,GHCR8CFL.DTA,GHCR8CFL,CR,casal_parceiro,Informações conjugais e do parceiro,8C,1649,GHCR8CDT.zip,598,
Gana,GHKR01FL.DTA,GHKR01FL,KR,saude_infantil,"Saúde, nutrição e vacinação de crianças",01,434,GHKR01DT.zip,25,
Gana,GHKR31FL.DTA,GHKR31FL,KR,saude_infantil,"Saúde, nutrição e vacinação de crianças",31,640,GHKR31DT.zip,58,
Gana,GHKR41FL.DTA,GHKR41FL,KR,saude_infantil,"Saúde, nutrição e vacinação de crianças",41,925,GHKR41DT.zip,151,
Gana,GHKR4BFL.DTA,GHKR4BFL,KR,saude_infantil,"Saúde, nutrição e vacinação de crianças",4B,935,GHKR4BDT.zip,235,
Gana,GHKR5AFL.DTA,GHKR5AFL,KR,saude_infantil,"Saúde, nutrição e vacinação de crianças",5A,1009,GHKR5ADT.zip,301,
Gana,GHKR72FL.DTA,GHKR72FL,KR,saude_infantil,"Saúde, nutrição e vacinação de crianças",72,1158,GHKR72DT.zip,437,
Gana,GHKR7BFL.DTA,GHKR7BFL,KR,saude_infantil,"Saúde, nutrição e vacinação de crianças",7B,424,GHKR7BDT.zip,516,
Gana,GHKR82FL.DTA,GHKR82FL,KR,saude_infantil,"Saúde, nutrição e vacinação de crianças",82,405,GHKR82DT.zip,557,
Gana,GHKR8CFL.DTA,GHKR8CFL,KR,saude_infantil,"Saúde, nutrição e vacinação de crianças",8C,1251,GHKR8CDT.zip,598,
Gana,GHHR31FL.DTA,GHHR31FL,HR,domicilio_contexto,"Domicílio, saneamento, bens e contexto",31,1357,GHHR31DT.zip,58,
Gana,GHHR41FL.DTA,GHHR41FL,HR,domicilio_contexto,"Domicílio, saneamento, bens e contexto",41,780,GHHR41DT.zip,151,
Gana,GHHR4BFL.DTA,GHHR4BFL,HR,domicilio_contexto,"Domicílio, saneamento, bens e contexto",4B,3309,GHHR4BDT.zip,235,
Gana,GHHR5AFL.DTA,GHHR5AFL,HR,domicilio_contexto,"Domicílio, saneamento, bens e contexto",5A,2130,GHHR5ADT.zip,301,
Gana,GHHR72FL.DTA,GHHR72FL,HR,domicilio_contexto,"Domicílio, saneamento, bens e contexto",72,3028,GHHR72DT.zip,437,
Gana,GHHR7BFL.DTA,GHHR7BFL,HR,domicilio_contexto,"Domicílio, saneamento, bens e contexto",7B,1407,GHHR7BDT.zip,516,
Gana,GHHR82FL.DTA,GHHR82FL,HR,domicilio_contexto,"Domicílio, saneamento, bens e contexto",82,2405,GHHR82DT.zip,557,
Gana,GHHR8CFL.DTA,GHHR8CFL,HR,domicilio_contexto,"Domicílio, saneamento, bens e contexto",8C,3997,GHHR8CDT.zip,598,
Gana,GHMR31FL.DTA,GHMR31FL,MR,casal_parceiro,Informações masculinas relacionadas ao casal,31,417,GHMR31DT.zip,58,
Gana,GHMR41FL.DTA,GHMR41FL,MR,casal_parceiro,Informações masculinas relacionadas ao casal,41,449,GHMR41DT.zip,151,
Gana,GHMR4BFL.DTA,GHMR4BFL,MR,casal_parceiro,Informações masculinas relacionadas ao casal,4B,872,GHMR4BDT.zip,235,
Gana,GHMR5AFL.DTA,GHMR5AFL,MR,casal_parceiro,Informações masculinas relacionadas ao casal,5A,676,GHMR5ADT.zip,301,
Gana,GHMR71FL.DTA,GHMR71FL,MR,casal_parceiro,Informações masculinas relacionadas ao casal,71,655,GHMR71DT.zip,437,
Gana,GHMR8CFL.DTA,GHMR8CFL,MR,casal_parceiro,Informações masculinas relacionadas ao casal,8C,574,GHMR8CDT.zip,598,
Gana,GHHH01FL.DTA,GHHH01FL,HH,modulo_especial,Questionário domiciliar especial,01,243,GHHH01DT.zip,25,
Gana,GHHA51FL.DTA,GHHA51FL,HA,modulo_especial,Módulo auxiliar; validar pelo dicionário,51,80,,,
Gana,GHHB51FL.DTA,GHHB51FL,HB,modulo_especial,Módulo auxiliar; validar pelo dicionário,51,276,,,
Gana,GHHH7JFL.DTA,GHHH7JFL,HH,modulo_especial,Questionário domiciliar especial,7J,85,GHHH7JDT.zip,506,
Gana,GHPR31FL.DTA,GHPR31FL,PR,moradores_contexto,Moradores do domicílio e composição familiar,31,109,GHPR31DT.zip,58,
Gana,GHPR41FL.DTA,GHPR41FL,PR,moradores_contexto,Moradores do domicílio e composição familiar,41,98,GHPR41DT.zip,151,
Gana,GHPR4BFL.DTA,GHPR4BFL,PR,moradores_contexto,Moradores do domicílio e composição familiar,4B,250,GHPR4BDT.zip,235,
Gana,GHPR5AFL.DTA,GHPR5AFL,PR,moradores_contexto,Moradores do domicílio e composição familiar,5A,316,GHPR5ADT.zip,301,
Gana,GHPR72FL.DTA,GHPR72FL,PR,moradores_contexto,Moradores do domicílio e composição familiar,72,407,GHPR72DT.zip,437,
Gana,GHPR7BFL.DTA,GHPR7BFL,PR,moradores_contexto,Moradores do domicílio e composição familiar,7B,218,GHPR7BDT.zip,516,
Gana,GHPR82FL.DTA,GHPR82FL,PR,moradores_contexto,Moradores do domicílio e composição familiar,82,235,GHPR82DT.zip,557,
Gana,GHPR8CFL.DTA,GHPR8CFL,PR,moradores_contexto,Moradores do domicílio e composição familiar,8C,396,GHPR8CDT.zip,598,
Gana,GHBR02FL.dta,GHBR02FL,BR,gestacao_parto,"Nascimentos, gestações e histórico obstétrico",02,413,GHBR02DT.zip,25,
Gana,GHBR31FL.dta,GHBR31FL,BR,gestacao_parto,"Nascimentos, gestações e histórico obstétrico",31,639,GHBR31DT.zip,58,
Gana,GHBR41FL.dta,GHBR41FL,BR,gestacao_parto,"Nascimentos, gestações e histórico obstétrico",41,925,GHBR41DT.zip,151,
Gana,GHBR4BFL.DTA,GHBR4BFL,BR,gestacao_parto,"Nascimentos, gestações e histórico obstétrico",4B,935,GHBR4BDT.zip,235,
Gana,GHBR5AFL.DTA,GHBR5AFL,BR,gestacao_parto,"Nascimentos, gestações e histórico obstétrico",5A,1009,GHBR5ADT.zip,301,
Gana,GHBR72FL.DTA,GHBR72FL,BR,gestacao_parto,"Nascimentos, gestações e histórico obstétrico",72,1158,GHBR72DT.zip,437,
Gana,GHBR8CFL.DTA,GHBR8CFL,BR,gestacao_parto,"Nascimentos, gestações e histórico obstétrico",8C,1251,GHBR8CDT.zip,598,
Gana,DEATH CERTIFICATES-FL.DTA,DEATH CERTIFICATES-FL,AT,mortalidade,Certificados de óbito; usar apenas se pertinente,H ,35,,,
Gana,GHIQ51FL.DTA,GHIQ51FL,IQ,modulo_especial,Questionário individual especial,51,905,GHIQ51DT.zip,325,
Gana,GHIQ7JFL.DTA,GHIQ7JFL,IQ,modulo_especial,Questionário individual especial,7J,688,GHIQ7JDT.zip,506,
Gana,GHWI31FL.DTA,GHWI31FL,WI,socioeconomico,Índice de riqueza e contexto socioeconômico,31,3,GHWI31DT.zip,58,
Gana,GHWI41FL.DTA,GHWI41FL,WI,socioeconomico,Índice de riqueza e contexto socioeconômico,41,3,GHWI41DT.zip,151,
Gana,GHIR02FL.DTA,GHIR02FL,IR,mulher_nucleo,Entrevista individual da mulher; fonte principal,02,1567,GHIR02DT.zip,25,
Gana,GHIR31FL.DTA,GHIR31FL,IR,mulher_nucleo,Entrevista individual da mulher; fonte principal,31,2328,GHIR31DT.zip,58,
Gana,GHIR41FL.DTA,GHIR41FL,IR,mulher_nucleo,Entrevista individual da mulher; fonte principal,41,3401,GHIR41DT.zip,151,
Gana,GHIR4BFL.DTA,GHIR4BFL,IR,mulher_nucleo,Entrevista individual da mulher; fonte principal,4B,3619,GHIR4BDT.zip,235,
Gana,GHIR5AFL.DTA,GHIR5AFL,IR,mulher_nucleo,Entrevista individual da mulher; fonte principal,5A,3915,GHIR5ADT.zip,301,
Gana,GHIR72FL.DTA,GHIR72FL,IR,mulher_nucleo,Entrevista individual da mulher; fonte principal,72,4079,GHIR72DT.zip,437,
Gana,GHIR7BFL.DTA,GHIR7BFL,IR,mulher_nucleo,Entrevista individual da mulher; fonte principal,7B,1506,GHIR7BDT.zip,516,
Gana,GHIR82FL.DTA,GHIR82FL,IR,mulher_nucleo,Entrevista individual da mulher; fonte principal,82,1737,GHIR82DT.zip,557,
Gana,GHIR8CFL.DTA,GHIR8CFL,IR,mulher_nucleo,Entrevista individual da mulher; fonte principal,8C,5584,GHIR8CDT.zip,598,
Guiné,GNHW41FL.DTA,GNHW41FL,HW,antropometria,"Peso, altura, anemia e medidas corporais",41,7,GNHW41DT.zip,154,
Guiné,GNHW51FL.DTA,GNHW51FL,HW,antropometria,"Peso, altura, anemia e medidas corporais",51,7,GNHW51DT.zip,249,
Guiné,GNCR41FL.DTA,GNCR41FL,CR,casal_parceiro,Informações conjugais e do parceiro,41,1612,GNCR41DT.zip,154,
Guiné,gncr52fl.dta,GNCR52FL,CR,casal_parceiro,Informações conjugais e do parceiro,52,2149,GNCR52DT.zip,249,
Guiné,GNCR62FL.DTA,GNCR62FL,CR,casal_parceiro,Informações conjugais e do parceiro,62,2293,GNCR62DT.zip,391,
Guiné,GNCR71FL.DTA,GNCR71FL,CR,casal_parceiro,Informações conjugais e do parceiro,71,2332,GNCR71DT.zip,539,
Guiné,GNKR41FL.DTA,GNKR41FL,KR,saude_infantil,"Saúde, nutrição e vacinação de crianças",41,732,GNKR41DT.zip,154,
Guiné,gnkr52fl.dta,GNKR52FL,KR,saude_infantil,"Saúde, nutrição e vacinação de crianças",52,1102,GNKR52DT.zip,249,
Guiné,GNKR62FL.DTA,GNKR62FL,KR,saude_infantil,"Saúde, nutrição e vacinação de crianças",62,964,GNKR62DT.zip,391,
Guiné,GNKR71FL.DTA,GNKR71FL,KR,saude_infantil,"Saúde, nutrição e vacinação de crianças",71,1133,GNKR71DT.zip,539,
Guiné,GNKR82FL.DTA,GNKR82FL,KR,saude_infantil,"Saúde, nutrição e vacinação de crianças",82,558,GNKR82DT.zip,571,
Guiné,GNHR41FL.DTA,GNHR41FL,HR,domicilio_contexto,"Domicílio, saneamento, bens e contexto",41,1179,GNHR41DT.zip,154,
Guiné,gnhr52fl.dta,GNHR52FL,HR,domicilio_contexto,"Domicílio, saneamento, bens e contexto",52,2799,GNHR52DT.zip,249,
Guiné,GNHR62FL.DTA,GNHR62FL,HR,domicilio_contexto,"Domicílio, saneamento, bens e contexto",62,4716,GNHR62DT.zip,391,
Guiné,GNHR71FL.DTA,GNHR71FL,HR,domicilio_contexto,"Domicílio, saneamento, bens e contexto",71,5367,GNHR71DT.zip,539,
Guiné,GNHR82FL.DTA,GNHR82FL,HR,domicilio_contexto,"Domicílio, saneamento, bens e contexto",82,4264,GNHR82DT.zip,571,
Guiné,GNMR41FL.DTA,GNMR41FL,MR,casal_parceiro,Informações masculinas relacionadas ao casal,41,492,GNMR41DT.zip,154,
Guiné,gnmr52fl.dta,GNMR52FL,MR,casal_parceiro,Informações masculinas relacionadas ao casal,52,939,GNMR52DT.zip,249,
Guiné,GNMR62FL.DTA,GNMR62FL,MR,casal_parceiro,Informações masculinas relacionadas ao casal,62,530,GNMR62DT.zip,391,
Guiné,GNMR71FL.DTA,GNMR71FL,MR,casal_parceiro,Informações masculinas relacionadas ao casal,71,587,GNMR71DT.zip,539,
Guiné,GNPR41FL.DTA,GNPR41FL,PR,moradores_contexto,Moradores do domicílio e composição familiar,41,87,GNPR41DT.zip,154,
Guiné,GNPR53FL.DTA,GNPR53FL,PR,moradores_contexto,Moradores do domicílio e composição familiar,53,221,GNPR53DT.zip,249,
Guiné,GNPR62FL.DTA,GNPR62FL,PR,moradores_contexto,Moradores do domicílio e composição familiar,62,423,GNPR62DT.zip,391,
Guiné,GNPR71FL.DTA,GNPR71FL,PR,moradores_contexto,Moradores do domicílio e composição familiar,71,417,GNPR71DT.zip,539,
Guiné,GNPR82FL.DTA,GNPR82FL,PR,moradores_contexto,Moradores do domicílio e composição familiar,82,306,GNPR82DT.zip,571,
Guiné,GNBR41FL.dta,GNBR41FL,BR,gestacao_parto,"Nascimentos, gestações e histórico obstétrico",41,835,GNBR41DT.zip,154,
Guiné,gnbr52fl.dta,GNBR52FL,BR,gestacao_parto,"Nascimentos, gestações e histórico obstétrico",52,1102,GNBR52DT.zip,249,
Guiné,GNBR62FL.DTA,GNBR62FL,BR,gestacao_parto,"Nascimentos, gestações e histórico obstétrico",62,1000,GNBR62DT.zip,391,
Guiné,GNBR71FL.DTA,GNBR71FL,BR,gestacao_parto,"Nascimentos, gestações e histórico obstétrico",71,1169,GNBR71DT.zip,539,
Guiné,GNWI41FL.DTA,GNWI41FL,WI,socioeconomico,Índice de riqueza e contexto socioeconômico,41,3,GNWI41DT.zip,154,
Guiné,GNIR41FL.DTA,GNIR41FL,IR,mulher_nucleo,Entrevista individual da mulher; fonte principal,41,3788,GNIR41DT.zip,154,
Guiné,gnir52fl.dta,GNIR52FL,IR,mulher_nucleo,Entrevista individual da mulher; fonte principal,52,3171,GNIR52DT.zip,249,
Guiné,GNIR62FL.DTA,GNIR62FL,IR,mulher_nucleo,Entrevista individual da mulher; fonte principal,62,4366,GNIR62DT.zip,391,
Guiné,GNIR71FL.DTA,GNIR71FL,IR,mulher_nucleo,Entrevista individual da mulher; fonte principal,71,4756,GNIR71DT.zip,539,
Guiné,GNIR82FL.DTA,GNIR82FL,IR,mulher_nucleo,Entrevista individual da mulher; fonte principal,82,2719,GNIR82DT.zip,571,
Guiné,GNSQ41FL.DTA,GNSQ41FL,SQ,servicos_saude,Disponibilidade e infraestrutura de serviços,41,647,GNSQ41DT.zip,154,
Gâmbia,GMCR61FL.DTA,GMCR61FL,CR,casal_parceiro,Informações conjugais e do parceiro,61,2284,GMCR61DT.zip,425,
Gâmbia,GMCR81FL.DTA,GMCR81FL,CR,casal_parceiro,Informações conjugais e do parceiro,81,2687,GMCR81DT.zip,555,
Gâmbia,GMKR61FL.DTA,GMKR61FL,KR,saude_infantil,"Saúde, nutrição e vacinação de crianças",61,969,GMKR61DT.zip,425,
Gâmbia,GMKR81FL.DTA,GMKR81FL,KR,saude_infantil,"Saúde, nutrição e vacinação de crianças",81,1217,GMKR81DT.zip,555,
Gâmbia,GMHR61FL.DTA,GMHR61FL,HR,domicilio_contexto,"Domicílio, saneamento, bens e contexto",61,8912,GMHR61DT.zip,425,
Gâmbia,GMHR81FL.DTA,GMHR81FL,HR,domicilio_contexto,"Domicílio, saneamento, bens e contexto",81,8568,GMHR81DT.zip,555,
Gâmbia,GMMR61FL.DTA,GMMR61FL,MR,casal_parceiro,Informações masculinas relacionadas ao casal,61,535,GMMR61DT.zip,425,
Gâmbia,GMMR81FL.DTA,GMMR81FL,MR,casal_parceiro,Informações masculinas relacionadas ao casal,81,674,GMMR81DT.zip,555,
Gâmbia,GMPR61FL.DTA,GMPR61FL,PR,moradores_contexto,Moradores do domicílio e composição familiar,61,346,GMPR61DT.zip,425,
Gâmbia,GMPR81FL.DTA,GMPR81FL,PR,moradores_contexto,Moradores do domicílio e composição familiar,81,342,GMPR81DT.zip,555,
Gâmbia,GMBR61FL.DTA,GMBR61FL,BR,gestacao_parto,"Nascimentos, gestações e histórico obstétrico",61,1000,GMBR61DT.zip,425,
Gâmbia,GMBR81FL.DTA,GMBR81FL,BR,gestacao_parto,"Nascimentos, gestações e histórico obstétrico",81,1253,GMBR81DT.zip,555,
Gâmbia,GMIR61FL.DTA,GMIR61FL,IR,mulher_nucleo,Entrevista individual da mulher; fonte principal,61,4384,GMIR61DT.zip,425,
Gâmbia,GMIR81FL.DTA,GMIR81FL,IR,mulher_nucleo,Entrevista individual da mulher; fonte principal,81,5314,GMIR81DT.zip,555,
Lesoto,LSHW41FL.DTA,LSHW41FL,HW,antropometria,"Peso, altura, anemia e medidas corporais",41,7,LSHW41DT.zip,256,
Lesoto,LSCR41FL.dta,LSCR41FL,CR,casal_parceiro,Informações conjugais e do parceiro,41,2644,LSCR41DT.zip,256,
Lesoto,LSCR61FL.DTA,LSCR61FL,CR,casal_parceiro,Informações conjugais e do parceiro,61,2263,LSCR61DT.zip,317,
Lesoto,LSCR71FL.DTA,LSCR71FL,CR,casal_parceiro,Informações conjugais e do parceiro,71,1897,LSCR71DT.zip,462,
Lesoto,LSCR81FL.DTA,LSCR81FL,CR,casal_parceiro,Informações conjugais e do parceiro,81,1878,LSCR81DT.zip,572,
Lesoto,LSKR41FL.dta,LSKR41FL,KR,saude_infantil,"Saúde, nutrição e vacinação de crianças",41,1039,LSKR41DT.zip,256,
Lesoto,LSKR61FL.DTA,LSKR61FL,KR,saude_infantil,"Saúde, nutrição e vacinação de crianças",61,1055,LSKR61DT.zip,317,
Lesoto,LSKR71FL.DTA,LSKR71FL,KR,saude_infantil,"Saúde, nutrição e vacinação de crianças",71,983,LSKR71DT.zip,462,
Lesoto,LSKR81FL.DTA,LSKR81FL,KR,saude_infantil,"Saúde, nutrição e vacinação de crianças",81,1407,LSKR81DT.zip,572,
Lesoto,LSHR41FL.dta,LSHR41FL,HR,domicilio_contexto,"Domicílio, saneamento, bens e contexto",41,1963,LSHR41DT.zip,256,
Lesoto,LSHR61FL.DTA,LSHR61FL,HR,domicilio_contexto,"Domicílio, saneamento, bens e contexto",61,1763,LSHR61DT.zip,317,
Lesoto,LSHR71FL.DTA,LSHR71FL,HR,domicilio_contexto,"Domicílio, saneamento, bens e contexto",71,1447,LSHR71DT.zip,462,
Lesoto,LSHR81FL.DTA,LSHR81FL,HR,domicilio_contexto,"Domicílio, saneamento, bens e contexto",81,2825,LSHR81DT.zip,572,
Lesoto,LSMR41FL.dta,LSMR41FL,MR,casal_parceiro,Informações masculinas relacionadas ao casal,41,1052,LSMR41DT.zip,256,
Lesoto,LSMR61FL.DTA,LSMR61FL,MR,casal_parceiro,Informações masculinas relacionadas ao casal,61,645,LSMR61DT.zip,317,
Lesoto,LSMR71FL.DTA,LSMR71FL,MR,casal_parceiro,Informações masculinas relacionadas ao casal,71,627,LSMR71DT.zip,462,
Lesoto,LSMR81FL.DTA,LSMR81FL,MR,casal_parceiro,Informações masculinas relacionadas ao casal,81,661,LSMR81DT.zip,572,
Lesoto,LSPR41FL.dta,LSPR41FL,PR,moradores_contexto,Moradores do domicílio e composição familiar,41,234,LSPR41DT.zip,256,
Lesoto,LSPR61FL.DTA,LSPR61FL,PR,moradores_contexto,Moradores do domicílio e composição familiar,61,282,LSPR61DT.zip,317,
Lesoto,LSPR71FL.DTA,LSPR71FL,PR,moradores_contexto,Moradores do domicílio e composição familiar,71,290,LSPR71DT.zip,462,
Lesoto,LSPR81FL.DTA,LSPR81FL,PR,moradores_contexto,Moradores do domicílio e composição familiar,81,465,LSPR81DT.zip,572,
Lesoto,LSBR41FL.dta,LSBR41FL,BR,gestacao_parto,"Nascimentos, gestações e histórico obstétrico",41,1039,LSBR41DT.zip,256,
Lesoto,LSBR61FL.DTA,LSBR61FL,BR,gestacao_parto,"Nascimentos, gestações e histórico obstétrico",61,1055,LSBR61DT.zip,317,
Lesoto,LSBR71FL.DTA,LSBR71FL,BR,gestacao_parto,"Nascimentos, gestações e histórico obstétrico",71,983,LSBR71DT.zip,462,
Lesoto,LSBR81FL.DTA,LSBR81FL,BR,gestacao_parto,"Nascimentos, gestações e histórico obstétrico",81,1407,LSBR81DT.zip,572,
Lesoto,LSIR41FL.dta,LSIR41FL,IR,mulher_nucleo,Entrevista individual da mulher; fonte principal,41,4473,LSIR41DT.zip,256,
Lesoto,LSIR61FL.DTA,LSIR61FL,IR,mulher_nucleo,Entrevista individual da mulher; fonte principal,61,4229,LSIR61DT.zip,317,
Lesoto,LSIR71FL.DTA,LSIR71FL,IR,mulher_nucleo,Entrevista individual da mulher; fonte principal,71,3749,LSIR71DT.zip,462,
Lesoto,LSIR81FL.DTA,LSIR81FL,IR,mulher_nucleo,Entrevista individual da mulher; fonte principal,81,6581,LSIR81DT.zip,572,
Libéria,LBCR51FL.DTA,LBCR51FL,CR,casal_parceiro,Informações conjugais e do parceiro,51,2207,LBCR51DT.zip,271,
Libéria,LBCR6AFL.DTA,LBCR6AFL,CR,casal_parceiro,Informações conjugais e do parceiro,6A,2094,LBCR6ADT.zip,435,
Libéria,LBCR7AFL.DTA,LBCR7AFL,CR,casal_parceiro,Informações conjugais e do parceiro,7A,2649,LBCR7ADT.zip,537,
Libéria,LBKR01FL.DTA,LBKR01FL,KR,saude_infantil,"Saúde, nutrição e vacinação de crianças",01,396,LBKR01DT.zip,7,
Libéria,LBKR51FL.DTA,LBKR51FL,KR,saude_infantil,"Saúde, nutrição e vacinação de crianças",51,939,LBKR51DT.zip,271,
Libéria,LBKR5AFL.DTA,LBKR5AFL,KR,saude_infantil,"Saúde, nutrição e vacinação de crianças",5A,416,LBKR5ADT.zip,330,
Libéria,LBKR61FL.DTA,LBKR61FL,KR,saude_infantil,"Saúde, nutrição e vacinação de crianças",61,541,LBKR61DT.zip,361,
Libéria,LBKR6AFL.DTA,LBKR6AFL,KR,saude_infantil,"Saúde, nutrição e vacinação de crianças",6A,965,LBKR6ADT.zip,435,
Libéria,LBKR71FL.DTA,LBKR71FL,KR,saude_infantil,"Saúde, nutrição e vacinação de crianças",71,944,LBKR71DT.zip,509,
Libéria,LBKR7AFL.DTA,LBKR7AFL,KR,saude_infantil,"Saúde, nutrição e vacinação de crianças",7A,1190,LBKR7ADT.zip,537,
Libéria,LBKR81FL.DTA,LBKR81FL,KR,saude_infantil,"Saúde, nutrição e vacinação de crianças",81,697,LBKR81DT.zip,573,
Libéria,LBHR51FL.dta,LBHR51FL,HR,domicilio_contexto,"Domicílio, saneamento, bens e contexto",51,2388,LBHR51DT.zip,271,
Libéria,LBHR5AFL.DTA,LBHR5AFL,HR,domicilio_contexto,"Domicílio, saneamento, bens e contexto",5A,2590,LBHR5ADT.zip,330,
Libéria,LBHR61FL.DTA,LBHR61FL,HR,domicilio_contexto,"Domicílio, saneamento, bens e contexto",61,2648,LBHR61DT.zip,361,
Libéria,LBHR6AFL.DTA,LBHR6AFL,HR,domicilio_contexto,"Domicílio, saneamento, bens e contexto",6A,4801,LBHR6ADT.zip,435,
Libéria,LBHR71FL.DTA,LBHR71FL,HR,domicilio_contexto,"Domicílio, saneamento, bens e contexto",71,2727,LBHR71DT.zip,509,
Libéria,LBHR7AFL.DTA,LBHR7AFL,HR,domicilio_contexto,"Domicílio, saneamento, bens e contexto",7A,3934,LBHR7ADT.zip,537,
Libéria,LBHR81FL.DTA,LBHR81FL,HR,domicilio_contexto,"Domicílio, saneamento, bens e contexto",81,3529,LBHR81DT.zip,573,
Libéria,LBMR51FL.DTA,LBMR51FL,MR,casal_parceiro,Informações masculinas relacionadas ao casal,51,503,LBMR51DT.zip,271,
Libéria,LBMR6AFL.DTA,LBMR6AFL,MR,casal_parceiro,Informações masculinas relacionadas ao casal,6A,519,LBMR6ADT.zip,435,
Libéria,LBMR7AFL.DTA,LBMR7AFL,MR,casal_parceiro,Informações masculinas relacionadas ao casal,7A,661,LBMR7ADT.zip,537,
Libéria,LBHH01FL.DTA,LBHH01FL,HH,modulo_especial,Questionário domiciliar especial,01,328,LBHH01DT.zip,7,
Libéria,LBPR51FL.dta,LBPR51FL,PR,moradores_contexto,Moradores do domicílio e composição familiar,51,313,LBPR51DT.zip,271,
Libéria,LBPR5AFL.DTA,LBPR5AFL,PR,moradores_contexto,Moradores do domicílio e composição familiar,5A,296,LBPR5ADT.zip,330,
Libéria,LBPR61FL.DTA,LBPR61FL,PR,moradores_contexto,Moradores do domicílio e composição familiar,61,285,LBPR61DT.zip,361,
Libéria,LBPR6AFL.DTA,LBPR6AFL,PR,moradores_contexto,Moradores do domicílio e composição familiar,6A,372,LBPR6ADT.zip,435,
Libéria,LBPR71FL.DTA,LBPR71FL,PR,moradores_contexto,Moradores do domicílio e composição familiar,71,324,LBPR71DT.zip,509,
Libéria,LBPR7AFL.DTA,LBPR7AFL,PR,moradores_contexto,Moradores do domicílio e composição familiar,7A,472,LBPR7ADT.zip,537,
Libéria,LBPR81FL.DTA,LBPR81FL,PR,moradores_contexto,Moradores do domicílio e composição familiar,81,310,LBPR81DT.zip,573,
Libéria,LBBR01FL.dta,LBBR01FL,BR,gestacao_parto,"Nascimentos, gestações e histórico obstétrico",01,385,LBBR01DT.zip,7,
Libéria,LBBR51FL.DTA,LBBR51FL,BR,gestacao_parto,"Nascimentos, gestações e histórico obstétrico",51,939,LBBR51DT.zip,271,
Libéria,LBBR5AFL.DTA,LBBR5AFL,BR,gestacao_parto,"Nascimentos, gestações e histórico obstétrico",5A,416,LBBR5ADT.zip,330,
Libéria,LBBR6AFL.DTA,LBBR6AFL,BR,gestacao_parto,"Nascimentos, gestações e histórico obstétrico",6A,965,LBBR6ADT.zip,435,
Libéria,LBBR7AFL.DTA,LBBR7AFL,BR,gestacao_parto,"Nascimentos, gestações e histórico obstétrico",7A,1221,LBBR7ADT.zip,537,
Libéria,LBIR01FL.DTA,LBIR01FL,IR,mulher_nucleo,Entrevista individual da mulher; fonte principal,01,1352,LBIR01DT.zip,7,
Libéria,LBIR51FL.DTA,LBIR51FL,IR,mulher_nucleo,Entrevista individual da mulher; fonte principal,51,4105,LBIR51DT.zip,271,
Libéria,LBIR5AFL.DTA,LBIR5AFL,IR,mulher_nucleo,Entrevista individual da mulher; fonte principal,5A,1719,LBIR5ADT.zip,330,
Libéria,LBIR61FL.DTA,LBIR61FL,IR,mulher_nucleo,Entrevista individual da mulher; fonte principal,61,2416,LBIR61DT.zip,361,
Libéria,LBIR6AFL.DTA,LBIR6AFL,IR,mulher_nucleo,Entrevista individual da mulher; fonte principal,6A,4006,LBIR6ADT.zip,435,
Libéria,LBIR71FL.DTA,LBIR71FL,IR,mulher_nucleo,Entrevista individual da mulher; fonte principal,71,3965,LBIR71DT.zip,509,
Libéria,LBIR7AFL.DTA,LBIR7AFL,IR,mulher_nucleo,Entrevista individual da mulher; fonte principal,7A,5177,LBIR7ADT.zip,537,
Libéria,LBIR81FL.DTA,LBIR81FL,IR,mulher_nucleo,Entrevista individual da mulher; fonte principal,81,3012,LBIR81DT.zip,573,
Madagascar,MDHW21FL.DTA,MDHW21FL,HW,antropometria,"Peso, altura, anemia e medidas corporais",21,7,MDHW21DT.zip,49,
Madagascar,MDHW31FL.DTA,MDHW31FL,HW,antropometria,"Peso, altura, anemia e medidas corporais",31,7,MDHW31DT.zip,110,
Madagascar,MDHW41FL.DTA,MDHW41FL,HW,antropometria,"Peso, altura, anemia e medidas corporais",41,7,MDHW41DT.zip,207,
Madagascar,MDCR42FL.DTA,MDCR42FL,CR,casal_parceiro,Informações conjugais e do parceiro,42,2355,MDCR42DT.zip,207,
Madagascar,MDCR51FL.DTA,MDCR51FL,CR,casal_parceiro,Informações conjugais e do parceiro,51,2096,MDCR51DT.zip,296,
Madagascar,MDCR81FL.DTA,MDCR81FL,CR,casal_parceiro,Informações conjugais e do parceiro,81,2543,MDCR81DT.zip,560,
Madagascar,MDKR21FL.DTA,MDKR21FL,KR,saude_infantil,"Saúde, nutrição e vacinação de crianças",21,581,MDKR21DT.zip,49,
Madagascar,MDKR31FL.DTA,MDKR31FL,KR,saude_infantil,"Saúde, nutrição e vacinação de crianças",31,672,MDKR31DT.zip,110,
Madagascar,MDKR42FL.DTA,MDKR42FL,KR,saude_infantil,"Saúde, nutrição e vacinação de crianças",42,1098,MDKR42DT.zip,207,
Madagascar,MDKR51FL.DTA,MDKR51FL,KR,saude_infantil,"Saúde, nutrição e vacinação de crianças",51,968,MDKR51DT.zip,296,
Madagascar,MDKR61FL.DTA,MDKR61FL,KR,saude_infantil,"Saúde, nutrição e vacinação de crianças",61,940,MDKR61DT.zip,396,
Madagascar,MDKR6AFL.DTA,MDKR6AFL,KR,saude_infantil,"Saúde, nutrição e vacinação de crianças",6A,997,MDKR6ADT.zip,456,
Madagascar,MDKR71FL.DTA,MDKR71FL,KR,saude_infantil,"Saúde, nutrição e vacinação de crianças",71,996,MDKR71DT.zip,505,
Madagascar,MDKR81FL.DTA,MDKR81FL,KR,saude_infantil,"Saúde, nutrição e vacinação de crianças",81,1162,MDKR81DT.zip,560,
Madagascar,MDHR21FL.DTA,MDHR21FL,HR,domicilio_contexto,"Domicílio, saneamento, bens e contexto",21,625,MDHR21DT.zip,49,
Madagascar,MDHR31FL.DTA,MDHR31FL,HR,domicilio_contexto,"Domicílio, saneamento, bens e contexto",31,966,MDHR31DT.zip,110,
Madagascar,MDHR42FL.DTA,MDHR42FL,HR,domicilio_contexto,"Domicílio, saneamento, bens e contexto",42,2020,MDHR42DT.zip,207,
Madagascar,MDHR51FL.DTA,MDHR51FL,HR,domicilio_contexto,"Domicílio, saneamento, bens e contexto",51,2540,MDHR51DT.zip,296,
Madagascar,MDHR61FL.DTA,MDHR61FL,HR,domicilio_contexto,"Domicílio, saneamento, bens e contexto",61,2936,MDHR61DT.zip,396,
Madagascar,MDHR6AFL.DTA,MDHR6AFL,HR,domicilio_contexto,"Domicílio, saneamento, bens e contexto",6A,2624,MDHR6ADT.zip,456,
Madagascar,MDHR71FL.DTA,MDHR71FL,HR,domicilio_contexto,"Domicílio, saneamento, bens e contexto",71,2676,MDHR71DT.zip,505,
Madagascar,MDHR81FL.DTA,MDHR81FL,HR,domicilio_contexto,"Domicílio, saneamento, bens e contexto",81,2687,MDHR81DT.zip,560,
Madagascar,MDMR42FL.DTA,MDMR42FL,MR,casal_parceiro,Informações masculinas relacionadas ao casal,42,1053,MDMR42DT.zip,207,
Madagascar,MDMR51FL.DTA,MDMR51FL,MR,casal_parceiro,Informações masculinas relacionadas ao casal,51,536,MDMR51DT.zip,296,
Madagascar,MDMR81FL.DTA,MDMR81FL,MR,casal_parceiro,Informações masculinas relacionadas ao casal,81,598,MDMR81DT.zip,560,
Madagascar,MDPR21FL.DTA,MDPR21FL,PR,moradores_contexto,Moradores do domicílio e composição familiar,21,75,MDPR21DT.zip,49,
Madagascar,MDPR31FL.DTA,MDPR31FL,PR,moradores_contexto,Moradores do domicílio e composição familiar,31,86,MDPR31DT.zip,110,
Madagascar,MDPR42FL.DTA,MDPR42FL,PR,moradores_contexto,Moradores do domicílio e composição familiar,42,259,MDPR42DT.zip,207,
Madagascar,MDPR51FL.DTA,MDPR51FL,PR,moradores_contexto,Moradores do domicílio e composição familiar,51,344,MDPR51DT.zip,296,
Madagascar,MDPR61FL.DTA,MDPR61FL,PR,moradores_contexto,Moradores do domicílio e composição familiar,61,281,MDPR61DT.zip,396,
Madagascar,MDPR6AFL.DTA,MDPR6AFL,PR,moradores_contexto,Moradores do domicílio e composição familiar,6A,339,MDPR6ADT.zip,456,
Madagascar,MDPR71FL.DTA,MDPR71FL,PR,moradores_contexto,Moradores do domicílio e composição familiar,71,350,MDPR71DT.zip,505,
Madagascar,MDPR81FL.DTA,MDPR81FL,PR,moradores_contexto,Moradores do domicílio e composição familiar,81,358,MDPR81DT.zip,560,
Madagascar,MDBR21FL.dta,MDBR21FL,BR,gestacao_parto,"Nascimentos, gestações e histórico obstétrico",21,580,MDBR21DT.zip,49,
Madagascar,MDBR31FL.dta,MDBR31FL,BR,gestacao_parto,"Nascimentos, gestações e histórico obstétrico",31,672,MDBR31DT.zip,110,
Madagascar,MDBR42FL.DTA,MDBR42FL,BR,gestacao_parto,"Nascimentos, gestações e histórico obstétrico",42,1098,MDBR42DT.zip,207,
Madagascar,MDBR51FL.DTA,MDBR51FL,BR,gestacao_parto,"Nascimentos, gestações e histórico obstétrico",51,968,MDBR51DT.zip,296,
Madagascar,MDBR81FL.DTA,MDBR81FL,BR,gestacao_parto,"Nascimentos, gestações e histórico obstétrico",81,1162,MDBR81DT.zip,560,
Madagascar,MDWI31FL.DTA,MDWI31FL,WI,socioeconomico,Índice de riqueza e contexto socioeconômico,31,3,MDWI31DT.zip,110,
Madagascar,MDIR21FL.DTA,MDIR21FL,IR,mulher_nucleo,Entrevista individual da mulher; fonte principal,21,2347,MDIR21DT.zip,49,
Madagascar,MDIR31FL.DTA,MDIR31FL,IR,mulher_nucleo,Entrevista individual da mulher; fonte principal,31,2875,MDIR31DT.zip,110,
Madagascar,MDIR42FL.DTA,MDIR42FL,IR,mulher_nucleo,Entrevista individual da mulher; fonte principal,42,4289,MDIR42DT.zip,207,
Madagascar,MDIR51FL.DTA,MDIR51FL,IR,mulher_nucleo,Entrevista individual da mulher; fonte principal,51,3997,MDIR51DT.zip,296,
Madagascar,MDIR61FL.DTA,MDIR61FL,IR,mulher_nucleo,Entrevista individual da mulher; fonte principal,61,3570,MDIR61DT.zip,396,
Madagascar,MDIR6AFL.DTA,MDIR6AFL,IR,mulher_nucleo,Entrevista individual da mulher; fonte principal,6A,3687,MDIR6ADT.zip,456,
Madagascar,MDIR71FL.DTA,MDIR71FL,IR,mulher_nucleo,Entrevista individual da mulher; fonte principal,71,3532,MDIR71DT.zip,505,
Madagascar,MDIR81FL.DTA,MDIR81FL,IR,mulher_nucleo,Entrevista individual da mulher; fonte principal,81,4688,MDIR81DT.zip,560,
Madagascar,MDSQ21FL.DTA,MDSQ21FL,SQ,servicos_saude,Disponibilidade e infraestrutura de serviços,21,686,MDSQ21DT.zip,49,
Malaui,MWHW22FL.DTA,MWHW22FL,HW,antropometria,"Peso, altura, anemia e medidas corporais",22,7,MWHW22DT.zip,52,
Malaui,MWHW41FL.DTA,MWHW41FL,HW,antropometria,"Peso, altura, anemia e medidas corporais",41,7,MWHW41DT.zip,158,
Malaui,MWHW4CFL.DTA,MWHW4CFL,HW,antropometria,"Peso, altura, anemia e medidas corporais",4C,7,MWHW4CDT.zip,251,
Malaui,MWCR21FL.DTA,MWCR21FL,CR,casal_parceiro,Informações conjugais e do parceiro,21,1222,MWCR21DT.zip,52,
Malaui,MWCR41FL.DTA,MWCR41FL,CR,casal_parceiro,Informações conjugais e do parceiro,41,2030,MWCR41DT.zip,158,
Malaui,MWCR4EFL.DTA,MWCR4EFL,CR,casal_parceiro,Informações conjugais e do parceiro,4E,2276,MWCR4EDT.zip,251,
Malaui,MWCR61FL.DTA,MWCR61FL,CR,casal_parceiro,Informações conjugais e do parceiro,61,2333,MWCR61DT.zip,333,
Malaui,MWCR7AFL.DTA,MWCR7AFL,CR,casal_parceiro,Informações conjugais e do parceiro,7A,2464,MWCR7ADT.zip,483,
Malaui,MWCR81FL.dta,MWCR81FL,CR,casal_parceiro,Informações conjugais e do parceiro,81,1543,MWCR81DT.zip,592,
Malaui,MWKR21FL.DTA,MWKR21FL,KR,saude_infantil,"Saúde, nutrição e vacinação de crianças",21,615,MWKR21DT.zip,52,
Malaui,MWKR41FL.DTA,MWKR41FL,KR,saude_infantil,"Saúde, nutrição e vacinação de crianças",41,936,MWKR41DT.zip,158,
Malaui,MWKR4EFL.DTA,MWKR4EFL,KR,saude_infantil,"Saúde, nutrição e vacinação de crianças",4E,1045,MWKR4EDT.zip,251,
Malaui,MWKR61FL.DTA,MWKR61FL,KR,saude_infantil,"Saúde, nutrição e vacinação de crianças",61,1012,MWKR61DT.zip,333,
Malaui,MWKR6AFL.DTA,MWKR6AFL,KR,saude_infantil,"Saúde, nutrição e vacinação de crianças",6A,1092,MWKR6ADT.zip,432,
Malaui,MWKR72FL.DTA,MWKR72FL,KR,saude_infantil,"Saúde, nutrição e vacinação de crianças",72,422,MWKR72DT.zip,473,
Malaui,MWKR7AFL.DTA,MWKR7AFL,KR,saude_infantil,"Saúde, nutrição e vacinação de crianças",7A,1097,MWKR7ADT.zip,483,
Malaui,MWKR7IFL.DTA,MWKR7IFL,KR,saude_infantil,"Saúde, nutrição e vacinação de crianças",7I,406,MWKR7IDT.zip,512,
Malaui,MWKR81FL.dta,MWKR81FL,KR,saude_infantil,"Saúde, nutrição e vacinação de crianças",81,1209,MWKR81DT.zip,592,
Malaui,MWHR22FL.DTA,MWHR22FL,HR,domicilio_contexto,"Domicílio, saneamento, bens e contexto",22,480,MWHR22DT.zip,52,
Malaui,MWHR41FL.DTA,MWHR41FL,HR,domicilio_contexto,"Domicílio, saneamento, bens e contexto",41,1607,MWHR41DT.zip,158,
Malaui,MWHR4EFL.DTA,MWHR4EFL,HR,domicilio_contexto,"Domicílio, saneamento, bens e contexto",4E,1431,MWHR4EDT.zip,251,
Malaui,MWHR61FL.DTA,MWHR61FL,HR,domicilio_contexto,"Domicílio, saneamento, bens e contexto",61,4596,MWHR61DT.zip,333,
Malaui,MWHR6AFL.DTA,MWHR6AFL,HR,domicilio_contexto,"Domicílio, saneamento, bens e contexto",6A,2030,MWHR6ADT.zip,432,
Malaui,MWHR72FL.DTA,MWHR72FL,HR,domicilio_contexto,"Domicílio, saneamento, bens e contexto",72,993,MWHR72DT.zip,473,
Malaui,MWHR7AFL.DTA,MWHR7AFL,HR,domicilio_contexto,"Domicílio, saneamento, bens e contexto",7A,4515,MWHR7ADT.zip,483,
Malaui,MWHR7IFL.DTA,MWHR7IFL,HR,domicilio_contexto,"Domicílio, saneamento, bens e contexto",7I,1284,MWHR7IDT.zip,512,
Malaui,MWHR81FL.dta,MWHR81FL,HR,domicilio_contexto,"Domicílio, saneamento, bens e contexto",81,3067,MWHR81DT.zip,592,
Malaui,MWMR21FL.DTA,MWMR21FL,MR,casal_parceiro,Informações masculinas relacionadas ao casal,21,774,MWMR21DT.zip,52,
Malaui,MWMR41FL.DTA,MWMR41FL,MR,casal_parceiro,Informações masculinas relacionadas ao casal,41,888,MWMR41DT.zip,158,
Malaui,MWMR4EFL.DTA,MWMR4EFL,MR,casal_parceiro,Informações masculinas relacionadas ao casal,4E,904,MWMR4EDT.zip,251,
Malaui,MWMR61FL.DTA,MWMR61FL,MR,casal_parceiro,Informações masculinas relacionadas ao casal,61,571,MWMR61DT.zip,333,
Malaui,MWMR7AFL.DTA,MWMR7AFL,MR,casal_parceiro,Informações masculinas relacionadas ao casal,7A,579,MWMR7ADT.zip,483,
Malaui,MWMR81FL.dta,MWMR81FL,MR,casal_parceiro,Informações masculinas relacionadas ao casal,81,528,MWMR81DT.zip,592,
Malaui,MWHH34FL.DTA,MWHH34FL,HH,modulo_especial,Questionário domiciliar especial,34,384,MWHH34DT.zip,84,
Malaui,mwml34fl.dta,MWML34FL,ML,malaria,"Prevenção, diagnóstico e tratamento de malária",34,267,MWML34DT.zip,84,
Malaui,MWPR22FL.DTA,MWPR22FL,PR,moradores_contexto,Moradores do domicílio e composição familiar,22,89,MWPR22DT.zip,52,
Malaui,MWPR41FL.DTA,MWPR41FL,PR,moradores_contexto,Moradores do domicílio e composição familiar,41,175,MWPR41DT.zip,158,
Malaui,MWPR4EFL.DTA,MWPR4EFL,PR,moradores_contexto,Moradores do domicílio e composição familiar,4E,224,MWPR4EDT.zip,251,
Malaui,MWPR61FL.DTA,MWPR61FL,PR,moradores_contexto,Moradores do domicílio e composição familiar,61,374,MWPR61DT.zip,333,
Malaui,MWPR6AFL.DTA,MWPR6AFL,PR,moradores_contexto,Moradores do domicílio e composição familiar,6A,328,MWPR6ADT.zip,432,
Malaui,MWPR72FL.DTA,MWPR72FL,PR,moradores_contexto,Moradores do domicílio e composição familiar,72,237,MWPR72DT.zip,473,
Malaui,MWPR7AFL.DTA,MWPR7AFL,PR,moradores_contexto,Moradores do domicílio e composição familiar,7A,398,MWPR7ADT.zip,483,
Malaui,MWPR7IFL.DTA,MWPR7IFL,PR,moradores_contexto,Moradores do domicílio e composição familiar,7I,234,MWPR7IDT.zip,512,
Malaui,MWPR81FL.dta,MWPR81FL,PR,moradores_contexto,Moradores do domicílio e composição familiar,81,497,MWPR81DT.zip,592,
Malaui,MWBR22FL.dta,MWBR22FL,BR,gestacao_parto,"Nascimentos, gestações e histórico obstétrico",22,614,MWBR22DT.zip,52,
Malaui,MWBR41FL.dta,MWBR41FL,BR,gestacao_parto,"Nascimentos, gestações e histórico obstétrico",41,936,MWBR41DT.zip,158,
Malaui,MWBR4EFL.DTA,MWBR4EFL,BR,gestacao_parto,"Nascimentos, gestações e histórico obstétrico",4E,1045,MWBR4EDT.zip,251,
Malaui,MWBR61FL.DTA,MWBR61FL,BR,gestacao_parto,"Nascimentos, gestações e histórico obstétrico",61,1012,MWBR61DT.zip,333,
Malaui,MWBR7AFL.DTA,MWBR7AFL,BR,gestacao_parto,"Nascimentos, gestações e histórico obstétrico",7A,1097,MWBR7ADT.zip,483,
Malaui,MWBR81FL.dta,MWBR81FL,BR,gestacao_parto,"Nascimentos, gestações e histórico obstétrico",81,1209,MWBR81DT.zip,592,
Malaui,MWIQ34FL.DTA,MWIQ34FL,IQ,modulo_especial,Questionário individual especial,34,260,MWIQ34DT.zip,84,
Malaui,MWWI22FL.DTA,MWWI22FL,WI,socioeconomico,Índice de riqueza e contexto socioeconômico,22,3,MWWI22DT.zip,52,
Malaui,MWwi42fl.dta,MWWI42FL,WI,socioeconomico,Índice de riqueza e contexto socioeconômico,42,3,MWWI42DT.zip,158,
Malaui,MWIR22FL.DTA,MWIR22FL,IR,mulher_nucleo,Entrevista individual da mulher; fonte principal,22,2366,MWIR22DT.zip,52,
Malaui,MWIR41FL.DTA,MWIR41FL,IR,mulher_nucleo,Entrevista individual da mulher; fonte principal,41,3896,MWIR41DT.zip,158,
Malaui,MWIR4EFL.DTA,MWIR4EFL,IR,mulher_nucleo,Entrevista individual da mulher; fonte principal,4E,4715,MWIR4EDT.zip,251,
Malaui,MWIR61FL.DTA,MWIR61FL,IR,mulher_nucleo,Entrevista individual da mulher; fonte principal,61,4271,MWIR61DT.zip,333,
Malaui,MWIR6AFL.DTA,MWIR6AFL,IR,mulher_nucleo,Entrevista individual da mulher; fonte principal,6A,3963,MWIR6ADT.zip,432,
Malaui,MWIR72FL.DTA,MWIR72FL,IR,mulher_nucleo,Entrevista individual da mulher; fonte principal,72,1640,MWIR72DT.zip,473,
Malaui,MWIR7AFL.DTA,MWIR7AFL,IR,mulher_nucleo,Entrevista individual da mulher; fonte principal,7A,4948,MWIR7ADT.zip,483,
Malaui,MWIR7IFL.DTA,MWIR7IFL,IR,mulher_nucleo,Entrevista individual da mulher; fonte principal,7I,1608,MWIR7IDT.zip,512,
Malaui,MWIR81FL.dta,MWIR81FL,IR,mulher_nucleo,Entrevista individual da mulher; fonte principal,81,5879,MWIR81DT.zip,592,
Malaui,MWSQ26FL.DTA,MWSQ26FL,SQ,servicos_saude,Disponibilidade e infraestrutura de serviços,26,64,MWSQ26DT.zip,52,
Mali,MLHW01FL.DTA,MLHW01FL,HW,antropometria,"Peso, altura, anemia e medidas corporais",01,7,MLHW01DT.zip,12,
Mali,MLHW32FL.DTA,MLHW32FL,HW,antropometria,"Peso, altura, anemia e medidas corporais",32,7,MLHW32DT.zip,77,
Mali,MLHW41FL.DTA,MLHW41FL,HW,antropometria,"Peso, altura, anemia e medidas corporais",41,7,MLHW41DT.zip,159,
Mali,MLCR31FL.DTA,MLCR31FL,CR,casal_parceiro,Informações conjugais e do parceiro,31,1427,MLCR31DT.zip,77,
Mali,MLCR41FL.DTA,MLCR41FL,CR,casal_parceiro,Informações conjugais e do parceiro,41,2119,MLCR41DT.zip,159,
Mali,MLCR53FL.DTA,MLCR53FL,CR,casal_parceiro,Informações conjugais e do parceiro,53,2739,MLCR53DT.zip,276,
Mali,MLCR6AFL.DTA,MLCR6AFL,CR,casal_parceiro,Informações conjugais e do parceiro,6A,2316,MLCR6ADT.zip,405,
Mali,MLCR7AFL.DTA,MLCR7AFL,CR,casal_parceiro,Informações conjugais e do parceiro,7A,2646,MLCR7ADT.zip,517,
Mali,MLCR8AFL.dta,MLCR8AFL,CR,casal_parceiro,Informações conjugais e do parceiro,8A,1871,MLCR8ADT.zip,613,
Mali,MLKR01FL.DTA,MLKR01FL,KR,saude_infantil,"Saúde, nutrição e vacinação de crianças",01,414,MLKR01DT.zip,12,
Mali,MLKR31FL.DTA,MLKR31FL,KR,saude_infantil,"Saúde, nutrição e vacinação de crianças",31,621,MLKR31DT.zip,77,
Mali,MLKR41FL.DTA,MLKR41FL,KR,saude_infantil,"Saúde, nutrição e vacinação de crianças",41,839,MLKR41DT.zip,159,
Mali,MLKR53FL.DTA,MLKR53FL,KR,saude_infantil,"Saúde, nutrição e vacinação de crianças",53,1265,MLKR53DT.zip,276,
Mali,MLKR6AFL.DTA,MLKR6AFL,KR,saude_infantil,"Saúde, nutrição e vacinação de crianças",6A,1011,MLKR6ADT.zip,405,
Mali,MLKR72FL.DTA,MLKR72FL,KR,saude_infantil,"Saúde, nutrição e vacinação de crianças",72,908,MLKR72DT.zip,487,
Mali,MLKR7AFL.DTA,MLKR7AFL,KR,saude_infantil,"Saúde, nutrição e vacinação de crianças",7A,1202,MLKR7ADT.zip,517,
Mali,MLKR83FL.DTA,MLKR83FL,KR,saude_infantil,"Saúde, nutrição e vacinação de crianças",83,631,MLKR83DT.zip,574,
Mali,MLKR8AFL.dta,MLKR8AFL,KR,saude_infantil,"Saúde, nutrição e vacinação de crianças",8A,1229,MLKR8ADT.zip,613,
Mali,MLHR32FL.DTA,MLHR32FL,HR,domicilio_contexto,"Domicílio, saneamento, bens e contexto",32,834,MLHR32DT.zip,77,
Mali,MLHR41FL.DTA,MLHR41FL,HR,domicilio_contexto,"Domicílio, saneamento, bens e contexto",41,2408,MLHR41DT.zip,159,
Mali,MLHR53FL.DTA,MLHR53FL,HR,domicilio_contexto,"Domicílio, saneamento, bens e contexto",53,3670,MLHR53DT.zip,276,
Mali,MLHR61FL.DTA,MLHR61FL,HR,domicilio_contexto,"Domicílio, saneamento, bens e contexto",61,2272,MLHR61DT.zip,387,
Mali,MLHR6AFL.DTA,MLHR6AFL,HR,domicilio_contexto,"Domicílio, saneamento, bens e contexto",6A,5813,MLHR6ADT.zip,405,
Mali,MLHR72FL.DTA,MLHR72FL,HR,domicilio_contexto,"Domicílio, saneamento, bens e contexto",72,4618,MLHR72DT.zip,487,
Mali,MLHR7AFL.DTA,MLHR7AFL,HR,domicilio_contexto,"Domicílio, saneamento, bens e contexto",7A,4845,MLHR7ADT.zip,517,
Mali,MLHR83FL.DTA,MLHR83FL,HR,domicilio_contexto,"Domicílio, saneamento, bens e contexto",83,8739,MLHR83DT.zip,574,
Mali,MLHR8AFL.dta,MLHR8AFL,HR,domicilio_contexto,"Domicílio, saneamento, bens e contexto",8A,12945,MLHR8ADT.zip,613,
Mali,MLMR31FL.DTA,MLMR31FL,MR,casal_parceiro,Informações masculinas relacionadas ao casal,31,408,MLMR31DT.zip,77,
Mali,MLMR41FL.DTA,MLMR41FL,MR,casal_parceiro,Informações masculinas relacionadas ao casal,41,878,MLMR41DT.zip,159,
Mali,MLMR53FL.DTA,MLMR53FL,MR,casal_parceiro,Informações masculinas relacionadas ao casal,53,698,MLMR53DT.zip,276,
Mali,MLMR6AFL.DTA,MLMR6AFL,MR,casal_parceiro,Informações masculinas relacionadas ao casal,6A,526,MLMR6ADT.zip,405,
Mali,MLMR7AFL.DTA,MLMR7AFL,MR,casal_parceiro,Informações masculinas relacionadas ao casal,7A,665,MLMR7ADT.zip,517,
Mali,MLMR8AFL.dta,MLMR8AFL,MR,casal_parceiro,Informações masculinas relacionadas ao casal,8A,782,MLMR8ADT.zip,613,
Mali,MLHH01FL.DTA,MLHH01FL,HH,modulo_especial,Questionário domiciliar especial,01,158,MLHH01DT.zip,12,
Mali,mlml01fl.dta,MLML01FL,ML,malaria,"Prevenção, diagnóstico e tratamento de malária",01,94,MLML01DT.zip,12,
Mali,MLPR32FL.DTA,MLPR32FL,PR,moradores_contexto,Moradores do domicílio e composição familiar,32,86,MLPR32DT.zip,77,
Mali,MLPR41FL.DTA,MLPR41FL,PR,moradores_contexto,Moradores do domicílio e composição familiar,41,200,MLPR41DT.zip,159,
Mali,MLPR53FL.DTA,MLPR53FL,PR,moradores_contexto,Moradores do domicílio e composição familiar,53,637,MLPR53DT.zip,276,
Mali,MLPR61FL.DTA,MLPR61FL,PR,moradores_contexto,Moradores do domicílio e composição familiar,61,320,MLPR61DT.zip,387,
Mali,MLPR6AFL.DTA,MLPR6AFL,PR,moradores_contexto,Moradores do domicílio e composição familiar,6A,410,MLPR6ADT.zip,405,
Mali,MLPR72FL.DTA,MLPR72FL,PR,moradores_contexto,Moradores do domicílio e composição familiar,72,339,MLPR72DT.zip,487,
Mali,MLPR7AFL.DTA,MLPR7AFL,PR,moradores_contexto,Moradores do domicílio e composição familiar,7A,345,MLPR7ADT.zip,517,
Mali,MLPR83FL.DTA,MLPR83FL,PR,moradores_contexto,Moradores do domicílio e composição familiar,83,311,MLPR83DT.zip,574,
Mali,MLPR8AFL.dta,MLPR8AFL,PR,moradores_contexto,Moradores do domicílio e composição familiar,8A,423,MLPR8ADT.zip,613,
Mali,MLBR01FL.dta,MLBR01FL,BR,gestacao_parto,"Nascimentos, gestações e histórico obstétrico",01,403,MLBR01DT.zip,12,
Mali,MLBR32FL.dta,MLBR32FL,BR,gestacao_parto,"Nascimentos, gestações e histórico obstétrico",32,620,MLBR32DT.zip,77,
Mali,MLBR41FL.dta,MLBR41FL,BR,gestacao_parto,"Nascimentos, gestações e histórico obstétrico",41,839,MLBR41DT.zip,159,
Mali,MLBR53FL.DTA,MLBR53FL,BR,gestacao_parto,"Nascimentos, gestações e histórico obstétrico",53,1265,MLBR53DT.zip,276,
Mali,MLBR6AFL.DTA,MLBR6AFL,BR,gestacao_parto,"Nascimentos, gestações e histórico obstétrico",6A,1047,MLBR6ADT.zip,405,
Mali,MLBR7AFL.DTA,MLBR7AFL,BR,gestacao_parto,"Nascimentos, gestações e histórico obstétrico",7A,1238,MLBR7ADT.zip,517,
Mali,MLBR8AFL.dta,MLBR8AFL,BR,gestacao_parto,"Nascimentos, gestações e histórico obstétrico",8A,1234,MLBR8ADT.zip,613,
Mali,MLWI32FL.DTA,MLWI32FL,WI,socioeconomico,Índice de riqueza e contexto socioeconômico,32,3,MLWI32DT.zip,77,
Mali,MLwi42fl.dta,MLWI42FL,WI,socioeconomico,Índice de riqueza e contexto socioeconômico,42,3,MLWI42DT.zip,159,
Mali,MLIR01FL.DTA,MLIR01FL,IR,mulher_nucleo,Entrevista individual da mulher; fonte principal,01,1535,MLIR01DT.zip,12,
Mali,MLIR32FL.DTA,MLIR32FL,IR,mulher_nucleo,Entrevista individual da mulher; fonte principal,32,2874,MLIR32DT.zip,77,
Mali,MLIR41FL.DTA,MLIR41FL,IR,mulher_nucleo,Entrevista individual da mulher; fonte principal,41,3473,MLIR41DT.zip,159,
Mali,MLIR53FL.DTA,MLIR53FL,IR,mulher_nucleo,Entrevista individual da mulher; fonte principal,53,4778,MLIR53DT.zip,276,
Mali,MLIR6AFL.DTA,MLIR6AFL,IR,mulher_nucleo,Entrevista individual da mulher; fonte principal,6A,4543,MLIR6ADT.zip,405,
Mali,MLIR72FL.DTA,MLIR72FL,IR,mulher_nucleo,Entrevista individual da mulher; fonte principal,72,3793,MLIR72DT.zip,487,
Mali,MLIR7AFL.DTA,MLIR7AFL,IR,mulher_nucleo,Entrevista individual da mulher; fonte principal,7A,5384,MLIR7ADT.zip,517,
Mali,MLIR83FL.DTA,MLIR83FL,IR,mulher_nucleo,Entrevista individual da mulher; fonte principal,83,3188,MLIR83DT.zip,574,
Mali,MLIR8AFL.dta,MLIR8AFL,IR,mulher_nucleo,Entrevista individual da mulher; fonte principal,8A,5727,MLIR8ADT.zip,613,
Mali,MLSQ31FL.DTA,MLSQ31FL,SQ,servicos_saude,Disponibilidade e infraestrutura de serviços,31,360,MLSQ31DT.zip,77,
Mali,MLSQ42FL.DTA,MLSQ42FL,SQ,servicos_saude,Disponibilidade e infraestrutura de serviços,42,244,MLSQ42DT.zip,159,
Moçambique,MZHW31FL.DTA,MZHW31FL,HW,antropometria,"Peso, altura, anemia e medidas corporais",31,7,MZHW31DT.zip,105,
Moçambique,MZHW41FL.DTA,MZHW41FL,HW,antropometria,"Peso, altura, anemia e medidas corporais",41,7,MZHW41DT.zip,174,
Moçambique,MZCR31FL.DTA,MZCR31FL,CR,casal_parceiro,Informações conjugais e do parceiro,31,1138,MZCR31DT.zip,105,
Moçambique,MZCR41FL.DTA,MZCR41FL,CR,casal_parceiro,Informações conjugais e do parceiro,41,2078,MZCR41DT.zip,174,
Moçambique,MZCR62FL.DTA,MZCR62FL,CR,casal_parceiro,Informações conjugais e do parceiro,62,2471,MZCR62DT.zip,362,
Moçambique,MZCR71FL.DTA,MZCR71FL,CR,casal_parceiro,Informações conjugais e do parceiro,71,3148,MZCR71DT.zip,467,
Moçambique,MZCR82FL.dta,MZCR82FL,CR,casal_parceiro,Informações conjugais e do parceiro,82,1933,MZCR82DT.zip,564,
Moçambique,MZKR31FL.DTA,MZKR31FL,KR,saude_infantil,"Saúde, nutrição e vacinação de crianças",31,624,MZKR31DT.zip,105,
Moçambique,MZKR41FL.DTA,MZKR41FL,KR,saude_infantil,"Saúde, nutrição e vacinação de crianças",41,1040,MZKR41DT.zip,174,
Moçambique,MZKR62FL.DTA,MZKR62FL,KR,saude_infantil,"Saúde, nutrição e vacinação de crianças",62,982,MZKR62DT.zip,362,
Moçambique,MZKR71FL.DTA,MZKR71FL,KR,saude_infantil,"Saúde, nutrição e vacinação de crianças",71,1242,MZKR71DT.zip,467,
Moçambique,MZKR7AFL.DTA,MZKR7AFL,KR,saude_infantil,"Saúde, nutrição e vacinação de crianças",7A,392,MZKR7ADT.zip,527,
Moçambique,MZKR82FL.dta,MZKR82FL,KR,saude_infantil,"Saúde, nutrição e vacinação de crianças",82,1381,MZKR82DT.zip,564,
Moçambique,MZHR31FL.DTA,MZHR31FL,HR,domicilio_contexto,"Domicílio, saneamento, bens e contexto",31,683,MZHR31DT.zip,105,
Moçambique,MZHR41FL.DTA,MZHR41FL,HR,domicilio_contexto,"Domicílio, saneamento, bens e contexto",41,2522,MZHR41DT.zip,174,
Moçambique,MZHR51FL.DTA,MZHR51FL,HR,domicilio_contexto,"Domicílio, saneamento, bens e contexto",51,1317,MZHR51DT.zip,322,
Moçambique,MZHR62FL.DTA,MZHR62FL,HR,domicilio_contexto,"Domicílio, saneamento, bens e contexto",62,2417,MZHR62DT.zip,362,
Moçambique,MZHR71FL.DTA,MZHR71FL,HR,domicilio_contexto,"Domicílio, saneamento, bens e contexto",71,4224,MZHR71DT.zip,467,
Moçambique,MZHR7AFL.DTA,MZHR7AFL,HR,domicilio_contexto,"Domicílio, saneamento, bens e contexto",7A,3138,MZHR7ADT.zip,527,
Moçambique,MZHR82FL.dta,MZHR82FL,HR,domicilio_contexto,"Domicílio, saneamento, bens e contexto",82,3418,MZHR82DT.zip,564,
Moçambique,MZMR31FL.DTA,MZMR31FL,MR,casal_parceiro,Informações masculinas relacionadas ao casal,31,289,MZMR31DT.zip,105,
Moçambique,MZMR41FL.DTA,MZMR41FL,MR,casal_parceiro,Informações masculinas relacionadas ao casal,41,909,MZMR41DT.zip,174,
Moçambique,MZMR62FL.DTA,MZMR62FL,MR,casal_parceiro,Informações masculinas relacionadas ao casal,62,704,MZMR62DT.zip,362,
Moçambique,MZMR71FL.DTA,MZMR71FL,MR,casal_parceiro,Informações masculinas relacionadas ao casal,71,796,MZMR71DT.zip,467,
Moçambique,MZMR81FL.DTA,MZMR81FL,MR,casal_parceiro,Informações masculinas relacionadas ao casal,81,754,MZMR81DT.zip,564,
Moçambique,MZPR31FL.DTA,MZPR31FL,PR,moradores_contexto,Moradores do domicílio e composição familiar,31,85,MZPR31DT.zip,105,
Moçambique,MZPR41FL.DTA,MZPR41FL,PR,moradores_contexto,Moradores do domicílio e composição familiar,41,251,MZPR41DT.zip,174,
Moçambique,MZPR51FL.DTA,MZPR51FL,PR,moradores_contexto,Moradores do domicílio e composição familiar,51,250,MZPR51DT.zip,322,
Moçambique,MZPR62FL.DTA,MZPR62FL,PR,moradores_contexto,Moradores do domicílio e composição familiar,62,293,MZPR62DT.zip,362,
Moçambique,MZPR71FL.DTA,MZPR71FL,PR,moradores_contexto,Moradores do domicílio e composição familiar,71,374,MZPR71DT.zip,467,
Moçambique,MZPR7AFL.DTA,MZPR7AFL,PR,moradores_contexto,Moradores do domicílio e composição familiar,7A,259,MZPR7ADT.zip,527,
Moçambique,MZPR82FL.dta,MZPR82FL,PR,moradores_contexto,Moradores do domicílio e composição familiar,82,508,MZPR82DT.zip,564,
Moçambique,MZBR31FL.dta,MZBR31FL,BR,gestacao_parto,"Nascimentos, gestações e histórico obstétrico",31,624,MZBR31DT.zip,105,
Moçambique,MZBR41FL.dta,MZBR41FL,BR,gestacao_parto,"Nascimentos, gestações e histórico obstétrico",41,1037,MZBR41DT.zip,174,
Moçambique,MZBR62FL.DTA,MZBR62FL,BR,gestacao_parto,"Nascimentos, gestações e histórico obstétrico",62,982,MZBR62DT.zip,362,
Moçambique,MZBR71FL.DTA,MZBR71FL,BR,gestacao_parto,"Nascimentos, gestações e histórico obstétrico",71,1242,MZBR71DT.zip,467,
Moçambique,MZBR82FL.dta,MZBR82FL,BR,gestacao_parto,"Nascimentos, gestações e histórico obstétrico",82,1381,MZBR82DT.zip,564,
Moçambique,ADOLESCFL.DTA,ADOLESCFL,OL,adolescencia,Módulo relacionado à adolescência,ES,205,,,
Moçambique,CRIANCASFL.DTA,CRIANCASFL,IA,saude_infantil,Módulo relacionado à infância,NC,118,,,
Moçambique,MZWI31FL.DTA,MZWI31FL,WI,socioeconomico,Índice de riqueza e contexto socioeconômico,31,3,MZWI31DT.zip,105,
Moçambique,MZIR31FL.DTA,MZIR31FL,IR,mulher_nucleo,Entrevista individual da mulher; fonte principal,31,2649,MZIR31DT.zip,105,
Moçambique,MZIR41FL.DTA,MZIR41FL,IR,mulher_nucleo,Entrevista individual da mulher; fonte principal,41,4306,MZIR41DT.zip,174,
Moçambique,MZIR51FL.DTA,MZIR51FL,IR,mulher_nucleo,Entrevista individual da mulher; fonte principal,51,1194,MZIR51DT.zip,322,
Moçambique,MZIR62FL.DTA,MZIR62FL,IR,mulher_nucleo,Entrevista individual da mulher; fonte principal,62,4226,MZIR62DT.zip,362,
Moçambique,MZIR71FL.DTA,MZIR71FL,IR,mulher_nucleo,Entrevista individual da mulher; fonte principal,71,4861,MZIR71DT.zip,467,
Moçambique,MZIR7AFL.DTA,MZIR7AFL,IR,mulher_nucleo,Entrevista individual da mulher; fonte principal,7A,1479,MZIR7ADT.zip,527,
Moçambique,MZIR82FL.dta,MZIR82FL,IR,mulher_nucleo,Entrevista individual da mulher; fonte principal,82,6513,MZIR82DT.zip,564,
Namíbia,NMHW21FL.DTA,NMHW21FL,HW,antropometria,"Peso, altura, anemia e medidas corporais",21,7,NMHW21DT.zip,48,
Namíbia,NMHW41FL.DTA,NMHW41FL,HW,antropometria,"Peso, altura, anemia e medidas corporais",41,7,NMHW41DT.zip,205,
Namíbia,NMCR41FL.DTA,NMCR41FL,CR,casal_parceiro,Informações conjugais e do parceiro,41,2041,NMCR41DT.zip,205,
Namíbia,nmcr51fl.dta,NMCR51FL,CR,casal_parceiro,Informações conjugais e do parceiro,51,2150,NMCR51DT.zip,284,
Namíbia,NMCR61FL.DTA,NMCR61FL,CR,casal_parceiro,Informações conjugais e do parceiro,61,2410,NMCR61DT.zip,363,
Namíbia,NMKR21FL.DTA,NMKR21FL,KR,saude_infantil,"Saúde, nutrição e vacinação de crianças",21,646,NMKR21DT.zip,48,
Namíbia,NMKR41FL.DTA,NMKR41FL,KR,saude_infantil,"Saúde, nutrição e vacinação de crianças",41,897,NMKR41DT.zip,205,
Namíbia,NMKR51FL.DTA,NMKR51FL,KR,saude_infantil,"Saúde, nutrição e vacinação de crianças",51,992,NMKR51DT.zip,284,
Namíbia,NMKR61FL.DTA,NMKR61FL,KR,saude_infantil,"Saúde, nutrição e vacinação de crianças",61,983,NMKR61DT.zip,363,
Namíbia,NMHR21FL.DTA,NMHR21FL,HR,domicilio_contexto,"Domicílio, saneamento, bens e contexto",21,832,NMHR21DT.zip,48,
Namíbia,NMHR41FL.DTA,NMHR41FL,HR,domicilio_contexto,"Domicílio, saneamento, bens e contexto",41,1646,NMHR41DT.zip,205,
Namíbia,nmhr51fl.dta,NMHR51FL,HR,domicilio_contexto,"Domicílio, saneamento, bens e contexto",51,2862,NMHR51DT.zip,284,
Namíbia,NMHR61FL.DTA,NMHR61FL,HR,domicilio_contexto,"Domicílio, saneamento, bens e contexto",61,3222,NMHR61DT.zip,363,
Namíbia,NMMR41FL.DTA,NMMR41FL,MR,casal_parceiro,Informações masculinas relacionadas ao casal,41,851,NMMR41DT.zip,205,
Namíbia,nmmr51fl.dta,NMMR51FL,MR,casal_parceiro,Informações masculinas relacionadas ao casal,51,566,NMMR51DT.zip,284,
Namíbia,NMMR61FL.DTA,NMMR61FL,MR,casal_parceiro,Informações masculinas relacionadas ao casal,61,641,NMMR61DT.zip,363,
Namíbia,NMPR21FL.DTA,NMPR21FL,PR,moradores_contexto,Moradores do domicílio e composição familiar,21,72,NMPR21DT.zip,48,
Namíbia,NMPR41FL.DTA,NMPR41FL,PR,moradores_contexto,Moradores do domicílio e composição familiar,41,198,NMPR41DT.zip,205,
Namíbia,NMPR52FL.DTA,NMPR52FL,PR,moradores_contexto,Moradores do domicílio e composição familiar,52,298,NMPR52DT.zip,284,
Namíbia,NMPR61FL.DTA,NMPR61FL,PR,moradores_contexto,Moradores do domicílio e composição familiar,61,455,NMPR61DT.zip,363,
Namíbia,NMBR21FL.dta,NMBR21FL,BR,gestacao_parto,"Nascimentos, gestações e histórico obstétrico",21,645,NMBR21DT.zip,48,
Namíbia,NMBR41FL.dta,NMBR41FL,BR,gestacao_parto,"Nascimentos, gestações e histórico obstétrico",41,878,NMBR41DT.zip,205,
Namíbia,NMBR51FL.DTA,NMBR51FL,BR,gestacao_parto,"Nascimentos, gestações e histórico obstétrico",51,992,NMBR51DT.zip,284,
Namíbia,NMBR61FL.DTA,NMBR61FL,BR,gestacao_parto,"Nascimentos, gestações e histórico obstétrico",61,983,NMBR61DT.zip,363,
Namíbia,NMWI21FL.DTA,NMWI21FL,WI,socioeconomico,Índice de riqueza e contexto socioeconômico,21,3,NMWI21DT.zip,48,
Namíbia,NMWI41FL.DTA,NMWI41FL,WI,socioeconomico,Índice de riqueza e contexto socioeconômico,41,3,NMWI41DT.zip,205,
Namíbia,NMIR21FL.DTA,NMIR21FL,IR,mulher_nucleo,Entrevista individual da mulher; fonte principal,21,2803,NMIR21DT.zip,48,
Namíbia,NMIR41FL.DTA,NMIR41FL,IR,mulher_nucleo,Entrevista individual da mulher; fonte principal,41,3502,NMIR41DT.zip,205,
Namíbia,nmir51fl.dta,NMIR51FL,IR,mulher_nucleo,Entrevista individual da mulher; fonte principal,51,4021,NMIR51DT.zip,284,
Namíbia,NMIR61FL.DTA,NMIR61FL,IR,mulher_nucleo,Entrevista individual da mulher; fonte principal,61,4182,NMIR61DT.zip,363,
Nigéria,NGHW21FL.DTA,NGHW21FL,HW,antropometria,"Peso, altura, anemia e medidas corporais",21,7,NGHW21DT.zip,32,
Nigéria,NGHW4BFL.DTA,NGHW4BFL,HW,antropometria,"Peso, altura, anemia e medidas corporais",4B,7,NGHW4BDT.zip,223,
Nigéria,NGVA8JFL.DTA,NGVA8JFL,VA,mortalidade,Autópsia verbal e causa de morte,8J,1416,NGVA8JDT.zip,618,
Nigéria,NGCR4AFL.DTA,NGCR4AFL,CR,casal_parceiro,Informações conjugais e do parceiro,4A,2178,NGCR4ADT.zip,223,
Nigéria,NGCR53FL.DTA,NGCR53FL,CR,casal_parceiro,Informações conjugais e do parceiro,53,3042,NGCR53DT.zip,302,
Nigéria,NGCR6AFL.DTA,NGCR6AFL,CR,casal_parceiro,Informações conjugais e do parceiro,6A,2328,NGCR6ADT.zip,438,
Nigéria,NGCR7AFL.DTA,NGCR7AFL,CR,casal_parceiro,Informações conjugais e do parceiro,7A,2534,NGCR7ADT.zip,528,
Nigéria,NGCR8BFL.dta,NGCR8BFL,CR,casal_parceiro,Informações conjugais e do parceiro,8B,1869,NGCR8BDT.zip,609,
Nigéria,NGKR21FL.DTA,NGKR21FL,KR,saude_infantil,"Saúde, nutrição e vacinação de crianças",21,608,NGKR21DT.zip,32,
Nigéria,NGKR4BFL.DTA,NGKR4BFL,KR,saude_infantil,"Saúde, nutrição e vacinação de crianças",4B,975,NGKR4BDT.zip,223,
Nigéria,NGKR53FL.DTA,NGKR53FL,KR,saude_infantil,"Saúde, nutrição e vacinação de crianças",53,998,NGKR53DT.zip,302,
Nigéria,NGKR61FL.DTA,NGKR61FL,KR,saude_infantil,"Saúde, nutrição e vacinação de crianças",61,353,NGKR61DT.zip,392,
Nigéria,NGKR6AFL.DTA,NGKR6AFL,KR,saude_infantil,"Saúde, nutrição e vacinação de crianças",6A,1015,NGKR6ADT.zip,438,
Nigéria,NGKR71FL.DTA,NGKR71FL,KR,saude_infantil,"Saúde, nutrição e vacinação de crianças",71,873,NGKR71DT.zip,474,
Nigéria,NGKR7BFL.DTA,NGKR7BFL,KR,saude_infantil,"Saúde, nutrição e vacinação de crianças",7B,1166,NGKR7BDT.zip,528,
Nigéria,NGKR81FL.DTA,NGKR81FL,KR,saude_infantil,"Saúde, nutrição e vacinação de crianças",81,359,NGKR81DT.zip,576,
Nigéria,NGKR8BFL.dta,NGKR8BFL,KR,saude_infantil,"Saúde, nutrição e vacinação de crianças",8B,1331,NGKR8BDT.zip,609,
Nigéria,NGHR21FL.DTA,NGHR21FL,HR,domicilio_contexto,"Domicílio, saneamento, bens e contexto",21,1286,NGHR21DT.zip,32,
Nigéria,NGHR4BFL.DTA,NGHR4BFL,HR,domicilio_contexto,"Domicílio, saneamento, bens e contexto",4B,2701,NGHR4BDT.zip,223,
Nigéria,NGHR53FL.DTA,NGHR53FL,HR,domicilio_contexto,"Domicílio, saneamento, bens e contexto",53,4288,NGHR53DT.zip,302,
Nigéria,NGHR61FL.DTA,NGHR61FL,HR,domicilio_contexto,"Domicílio, saneamento, bens e contexto",61,1975,NGHR61DT.zip,392,
Nigéria,NGHR6AFL.DTA,NGHR6AFL,HR,domicilio_contexto,"Domicílio, saneamento, bens e contexto",6A,3878,NGHR6ADT.zip,438,
Nigéria,NGHR71FL.DTA,NGHR71FL,HR,domicilio_contexto,"Domicílio, saneamento, bens e contexto",71,2649,NGHR71DT.zip,474,
Nigéria,NGHR7BFL.DTA,NGHR7BFL,HR,domicilio_contexto,"Domicílio, saneamento, bens e contexto",7B,4956,NGHR7BDT.zip,528,
Nigéria,NGHR81FL.DTA,NGHR81FL,HR,domicilio_contexto,"Domicílio, saneamento, bens e contexto",81,2928,NGHR81DT.zip,576,
Nigéria,NGHR8BFL.dta,NGHR8BFL,HR,domicilio_contexto,"Domicílio, saneamento, bens e contexto",8B,3981,NGHR8BDT.zip,609,
Nigéria,NGMR4AFL.DTA,NGMR4AFL,MR,casal_parceiro,Informações masculinas relacionadas ao casal,4A,936,NGMR4ADT.zip,223,
Nigéria,NGMR52FL.DTA,NGMR52FL,MR,casal_parceiro,Informações masculinas relacionadas ao casal,52,914,NGMR52DT.zip,302,
Nigéria,NGMR6AFL.DTA,NGMR6AFL,MR,casal_parceiro,Informações masculinas relacionadas ao casal,6A,748,NGMR6ADT.zip,438,
Nigéria,NGMR7AFL.DTA,NGMR7AFL,MR,casal_parceiro,Informações masculinas relacionadas ao casal,7A,587,NGMR7ADT.zip,528,
Nigéria,NGMR8BFL.dta,NGMR8BFL,MR,casal_parceiro,Informações masculinas relacionadas ao casal,8B,685,NGMR8BDT.zip,609,
Nigéria,NGPR21FL.DTA,NGPR21FL,PR,moradores_contexto,Moradores do domicílio e composição familiar,21,70,NGPR21DT.zip,32,
Nigéria,NGPR4CFL.DTA,NGPR4CFL,PR,moradores_contexto,Moradores do domicílio e composição familiar,4C,227,NGPR4CDT.zip,223,
Nigéria,NGPR53FL.DTA,NGPR53FL,PR,moradores_contexto,Moradores do domicílio e composição familiar,53,316,NGPR53DT.zip,302,
Nigéria,NGPR61FL.DTA,NGPR61FL,PR,moradores_contexto,Moradores do domicílio e composição familiar,61,193,NGPR61DT.zip,392,
Nigéria,NGPR6AFL.DTA,NGPR6AFL,PR,moradores_contexto,Moradores do domicílio e composição familiar,6A,342,NGPR6ADT.zip,438,
Nigéria,NGPR71FL.DTA,NGPR71FL,PR,moradores_contexto,Moradores do domicílio e composição familiar,71,322,NGPR71DT.zip,474,
Nigéria,NGPR7BFL.DTA,NGPR7BFL,PR,moradores_contexto,Moradores do domicílio e composição familiar,7B,357,NGPR7BDT.zip,528,
Nigéria,NGPR81FL.DTA,NGPR81FL,PR,moradores_contexto,Moradores do domicílio e composição familiar,81,225,NGPR81DT.zip,576,
Nigéria,NGPR8BFL.dta,NGPR8BFL,PR,moradores_contexto,Moradores do domicílio e composição familiar,8B,393,NGPR8BDT.zip,609,
Nigéria,NGBR21FL.dta,NGBR21FL,BR,gestacao_parto,"Nascimentos, gestações e histórico obstétrico",21,607,NGBR21DT.zip,32,
Nigéria,NGBR4BFL.dta,NGBR4BFL,BR,gestacao_parto,"Nascimentos, gestações e histórico obstétrico",4B,975,NGBR4BDT.zip,223,
Nigéria,NGBR53FL.DTA,NGBR53FL,BR,gestacao_parto,"Nascimentos, gestações e histórico obstétrico",53,998,NGBR53DT.zip,302,
Nigéria,NGBR61FL.DTA,NGBR61FL,BR,gestacao_parto,"Nascimentos, gestações e histórico obstétrico",61,353,NGBR61DT.zip,392,
Nigéria,NGBR6AFL.DTA,NGBR6AFL,BR,gestacao_parto,"Nascimentos, gestações e histórico obstétrico",6A,1051,NGBR6ADT.zip,438,
Nigéria,NGBR7BFL.DTA,NGBR7BFL,BR,gestacao_parto,"Nascimentos, gestações e histórico obstétrico",7B,1202,NGBR7BDT.zip,528,
Nigéria,NGBR8BFL.dta,NGBR8BFL,BR,gestacao_parto,"Nascimentos, gestações e histórico obstétrico",8B,1336,NGBR8BDT.zip,609,
Nigéria,NGWI21FL.DTA,NGWI21FL,WI,socioeconomico,Índice de riqueza e contexto socioeconômico,21,3,NGWI21DT.zip,32,
Nigéria,NGIR21FL.DTA,NGIR21FL,IR,mulher_nucleo,Entrevista individual da mulher; fonte principal,21,2149,NGIR21DT.zip,32,
Nigéria,NGIR4BFL.DTA,NGIR4BFL,IR,mulher_nucleo,Entrevista individual da mulher; fonte principal,4B,3696,NGIR4BDT.zip,223,
Nigéria,NGIR53FL.DTA,NGIR53FL,IR,mulher_nucleo,Entrevista individual da mulher; fonte principal,53,4313,NGIR53DT.zip,302,
Nigéria,NGIR61FL.DTA,NGIR61FL,IR,mulher_nucleo,Entrevista individual da mulher; fonte principal,61,1301,NGIR61DT.zip,392,
Nigéria,NGIR6AFL.DTA,NGIR6AFL,IR,mulher_nucleo,Entrevista individual da mulher; fonte principal,6A,4618,NGIR6ADT.zip,438,
Nigéria,NGIR71FL.DTA,NGIR71FL,IR,mulher_nucleo,Entrevista individual da mulher; fonte principal,71,3293,NGIR71DT.zip,474,
Nigéria,NGIR7BFL.DTA,NGIR7BFL,IR,mulher_nucleo,Entrevista individual da mulher; fonte principal,7B,5394,NGIR7BDT.zip,528,
Nigéria,NGIR81FL.DTA,NGIR81FL,IR,mulher_nucleo,Entrevista individual da mulher; fonte principal,81,1649,NGIR81DT.zip,576,
Nigéria,NGIR8BFL.dta,NGIR8BFL,IR,mulher_nucleo,Entrevista individual da mulher; fonte principal,8B,6411,NGIR8BDT.zip,609,
Nigéria,NGSQ23FL.DTA,NGSQ23FL,SQ,servicos_saude,Disponibilidade e infraestrutura de serviços,23,1426,NGSQ23DT.zip,32,
Níger,NIHW22FL.DTA,NIHW22FL,HW,antropometria,"Peso, altura, anemia e medidas corporais",22,7,NIHW22DT.zip,53,
Níger,NIHW31FL.DTA,NIHW31FL,HW,antropometria,"Peso, altura, anemia e medidas corporais",31,7,NIHW31DT.zip,99,
Níger,NIHW51FL.DTA,NIHW51FL,HW,antropometria,"Peso, altura, anemia e medidas corporais",51,7,NIHW51DT.zip,277,
Níger,NICR21FL.DTA,NICR21FL,CR,casal_parceiro,Informações conjugais e do parceiro,21,1006,NICR21DT.zip,53,
Níger,NICR31FL.DTA,NICR31FL,CR,casal_parceiro,Informações conjugais e do parceiro,31,1452,NICR31DT.zip,99,
Níger,NICR51FL.DTA,NICR51FL,CR,casal_parceiro,Informações conjugais e do parceiro,51,2448,NICR51DT.zip,277,
Níger,NICR61FL.DTA,NICR61FL,CR,casal_parceiro,Informações conjugais e do parceiro,61,2357,NICR61DT.zip,407,
Níger,NIKR21FL.DTA,NIKR21FL,KR,saude_infantil,"Saúde, nutrição e vacinação de crianças",21,610,NIKR21DT.zip,53,
Níger,NIKR31FL.DTA,NIKR31FL,KR,saude_infantil,"Saúde, nutrição e vacinação de crianças",31,686,NIKR31DT.zip,99,
Níger,NIKR51FL.DTA,NIKR51FL,KR,saude_infantil,"Saúde, nutrição e vacinação de crianças",51,1204,NIKR51DT.zip,277,
Níger,NIKR61FL.DTA,NIKR61FL,KR,saude_infantil,"Saúde, nutrição e vacinação de crianças",61,1129,NIKR61DT.zip,407,
Níger,NIKR82FL.DTA,NIKR82FL,KR,saude_infantil,"Saúde, nutrição e vacinação de crianças",82,270,NIKR82DT.zip,575,
Níger,NIHR22FL.DTA,NIHR22FL,HR,domicilio_contexto,"Domicílio, saneamento, bens e contexto",22,1497,NIHR22DT.zip,53,
Níger,NIHR31FL.DTA,NIHR31FL,HR,domicilio_contexto,"Domicílio, saneamento, bens e contexto",31,1341,NIHR31DT.zip,99,
Níger,NIHR51FL.DTA,NIHR51FL,HR,domicilio_contexto,"Domicílio, saneamento, bens e contexto",51,4597,NIHR51DT.zip,277,
Níger,NIHR61FL.DTA,NIHR61FL,HR,domicilio_contexto,"Domicílio, saneamento, bens e contexto",61,3130,NIHR61DT.zip,407,
Níger,NIHR82FL.DTA,NIHR82FL,HR,domicilio_contexto,"Domicílio, saneamento, bens e contexto",82,2107,NIHR82DT.zip,575,
Níger,NIMR21FL.DTA,NIMR21FL,MR,casal_parceiro,Informações masculinas relacionadas ao casal,21,281,NIMR21DT.zip,53,
Níger,NIMR31FL.DTA,NIMR31FL,MR,casal_parceiro,Informações masculinas relacionadas ao casal,31,442,NIMR31DT.zip,99,
Níger,NIMR51FL.DTA,NIMR51FL,MR,casal_parceiro,Informações masculinas relacionadas ao casal,51,640,NIMR51DT.zip,277,
Níger,NIMR61FL.DTA,NIMR61FL,MR,casal_parceiro,Informações masculinas relacionadas ao casal,61,591,NIMR61DT.zip,407,
Níger,NIPR22FL.DTA,NIPR22FL,PR,moradores_contexto,Moradores do domicílio e composição familiar,22,81,NIPR22DT.zip,53,
Níger,NIPR31FL.DTA,NIPR31FL,PR,moradores_contexto,Moradores do domicílio e composição familiar,31,87,NIPR31DT.zip,99,
Níger,NIPR51FL.DTA,NIPR51FL,PR,moradores_contexto,Moradores do domicílio e composição familiar,51,327,NIPR51DT.zip,277,
Níger,NIPR61FL.DTA,NIPR61FL,PR,moradores_contexto,Moradores do domicílio e composição familiar,61,375,NIPR61DT.zip,407,
Níger,NIPR82FL.DTA,NIPR82FL,PR,moradores_contexto,Moradores do domicílio e composição familiar,82,225,NIPR82DT.zip,575,
Níger,NIBR22FL.dta,NIBR22FL,BR,gestacao_parto,"Nascimentos, gestações e histórico obstétrico",22,609,NIBR22DT.zip,53,
Níger,NIBR31FL.dta,NIBR31FL,BR,gestacao_parto,"Nascimentos, gestações e histórico obstétrico",31,686,NIBR31DT.zip,99,
Níger,NIBR51FL.DTA,NIBR51FL,BR,gestacao_parto,"Nascimentos, gestações e histórico obstétrico",51,1204,NIBR51DT.zip,277,
Níger,NIBR61FL.DTA,NIBR61FL,BR,gestacao_parto,"Nascimentos, gestações e histórico obstétrico",61,1165,NIBR61DT.zip,407,
Níger,NIWI31FL.DTA,NIWI31FL,WI,socioeconomico,Índice de riqueza e contexto socioeconômico,31,3,NIWI31DT.zip,99,
Níger,NIIR22FL.DTA,NIIR22FL,IR,mulher_nucleo,Entrevista individual da mulher; fonte principal,22,2702,NIIR22DT.zip,53,
Níger,NIIR31FL.DTA,NIIR31FL,IR,mulher_nucleo,Entrevista individual da mulher; fonte principal,31,2600,NIIR31DT.zip,99,
Níger,NIIR51FL.DTA,NIIR51FL,IR,mulher_nucleo,Entrevista individual da mulher; fonte principal,51,4359,NIIR51DT.zip,277,
Níger,NIIR61FL.DTA,NIIR61FL,IR,mulher_nucleo,Entrevista individual da mulher; fonte principal,61,4321,NIIR61DT.zip,407,
Níger,NIIR82FL.DTA,NIIR82FL,IR,mulher_nucleo,Entrevista individual da mulher; fonte principal,82,1688,NIIR82DT.zip,575,
Níger,NISQ21FL.DTA,NISQ21FL,SQ,servicos_saude,Disponibilidade e infraestrutura de serviços,21,336,NISQ21DT.zip,53,
Níger,NISQ31FL.DTA,NISQ31FL,SQ,servicos_saude,Disponibilidade e infraestrutura de serviços,31,227,NISQ31DT.zip,99,
Quênia,KEHW33FL.DTA,KEHW33FL,HW,antropometria,"Peso, altura, anemia e medidas corporais",33,7,KEHW33DT.zip,56,
Quênia,KEHW3AFL.DTA,KEHW3AFL,HW,antropometria,"Peso, altura, anemia e medidas corporais",3A,7,KEHW3ADT.zip,115,
Quênia,KEHW41FL.DTA,KEHW41FL,HW,antropometria,"Peso, altura, anemia e medidas corporais",41,7,KEHW41DT.zip,216,
Quênia,KECR32FL.DTA,KECR32FL,CR,casal_parceiro,Informações conjugais e do parceiro,32,1177,KECR32DT.zip,56,
Quênia,KECR3AFL.DTA,KECR3AFL,CR,casal_parceiro,Informações conjugais e do parceiro,3A,1403,KECR3ADT.zip,115,
Quênia,KECR42FL.DTA,KECR42FL,CR,casal_parceiro,Informações conjugais e do parceiro,42,2225,KECR42DT.zip,216,
Quênia,KECR52FL.DTA,KECR52FL,CR,casal_parceiro,Informações conjugais e do parceiro,52,2414,KECR52DT.zip,300,
Quênia,KECR72FL.DTA,KECR72FL,CR,casal_parceiro,Informações conjugais e do parceiro,72,2621,KECR72DT.zip,451,
Quênia,KECR8CFL.DTA,KECR8CFL,CR,casal_parceiro,Informações conjugais e do parceiro,8C,1852,KECR8CDT.zip,566,
Quênia,KEKR01FL.DTA,KEKR01FL,KR,saude_infantil,"Saúde, nutrição e vacinação de crianças",01,424,KEKR01DT.zip,20,
Quênia,KEKR31FL.DTA,KEKR31FL,KR,saude_infantil,"Saúde, nutrição e vacinação de crianças",31,612,KEKR31DT.zip,56,
Quênia,KEKR3AFL.DTA,KEKR3AFL,KR,saude_infantil,"Saúde, nutrição e vacinação de crianças",3A,645,KEKR3ADT.zip,115,
Quênia,KEKR42FL.DTA,KEKR42FL,KR,saude_infantil,"Saúde, nutrição e vacinação de crianças",42,943,KEKR42DT.zip,216,
Quênia,KEKR52FL.DTA,KEKR52FL,KR,saude_infantil,"Saúde, nutrição e vacinação de crianças",52,1044,KEKR52DT.zip,300,
Quênia,KEKR72FL.DTA,KEKR72FL,KR,saude_infantil,"Saúde, nutrição e vacinação de crianças",72,1130,KEKR72DT.zip,451,
Quênia,KEKR7AFL.DTA,KEKR7AFL,KR,saude_infantil,"Saúde, nutrição e vacinação de crianças",7A,332,KEKR7ADT.zip,493,
Quênia,KEKR81FL.DTA,KEKR81FL,KR,saude_infantil,"Saúde, nutrição e vacinação de crianças",81,383,KEKR81DT.zip,579,
Quênia,KEKR8CFL.DTA,KEKR8CFL,KR,saude_infantil,"Saúde, nutrição e vacinação de crianças",8C,1312,KEKR8CDT.zip,566,
Quênia,KEHR33FL.DTA,KEHR33FL,HR,domicilio_contexto,"Domicílio, saneamento, bens e contexto",33,855,KEHR33DT.zip,56,
Quênia,KEHR3AFL.DTA,KEHR3AFL,HR,domicilio_contexto,"Domicílio, saneamento, bens e contexto",3A,630,KEHR3ADT.zip,115,
Quênia,KEHR42FL.DTA,KEHR42FL,HR,domicilio_contexto,"Domicílio, saneamento, bens e contexto",42,1796,KEHR42DT.zip,216,
Quênia,KEHR52FL.DTA,KEHR52FL,HR,domicilio_contexto,"Domicílio, saneamento, bens e contexto",52,2191,KEHR52DT.zip,300,
Quênia,KEHR72FL.DTA,KEHR72FL,HR,domicilio_contexto,"Domicílio, saneamento, bens e contexto",72,2462,KEHR72DT.zip,451,
Quênia,KEHR7AFL.DTA,KEHR7AFL,HR,domicilio_contexto,"Domicílio, saneamento, bens e contexto",7A,2362,KEHR7ADT.zip,493,
Quênia,KEHR81FL.DTA,KEHR81FL,HR,domicilio_contexto,"Domicílio, saneamento, bens e contexto",81,1955,KEHR81DT.zip,579,
Quênia,KEHR8CFL.DTA,KEHR8CFL,HR,domicilio_contexto,"Domicílio, saneamento, bens e contexto",8C,3798,KEHR8CDT.zip,566,
Quênia,KEMR32FL.DTA,KEMR32FL,MR,casal_parceiro,Informações masculinas relacionadas ao casal,32,366,KEMR32DT.zip,56,
Quênia,KEMR3AFL.DTA,KEMR3AFL,MR,casal_parceiro,Informações masculinas relacionadas ao casal,3A,415,KEMR3ADT.zip,115,
Quênia,KEMR42FL.DTA,KEMR42FL,MR,casal_parceiro,Informações masculinas relacionadas ao casal,42,862,KEMR42DT.zip,216,
Quênia,KEMR52FL.DTA,KEMR52FL,MR,casal_parceiro,Informações masculinas relacionadas ao casal,52,590,KEMR52DT.zip,300,
Quênia,KEMR72FL.DTA,KEMR72FL,MR,casal_parceiro,Informações masculinas relacionadas ao casal,72,743,KEMR72DT.zip,451,
Quênia,KEMR8CFL.DTA,KEMR8CFL,MR,casal_parceiro,Informações masculinas relacionadas ao casal,8C,695,KEMR8CDT.zip,566,
Quênia,KEHH01FL.DTA,KEHH01FL,HH,modulo_especial,Questionário domiciliar especial,01,692,KEHH01DT.zip,20,
Quênia,KEPR33FL.DTA,KEPR33FL,PR,moradores_contexto,Moradores do domicílio e composição familiar,33,80,KEPR33DT.zip,56,
Quênia,KEPR3AFL.DTA,KEPR3AFL,PR,moradores_contexto,Moradores do domicílio e composição familiar,3A,79,KEPR3ADT.zip,115,
Quênia,KEPR42FL.DTA,KEPR42FL,PR,moradores_contexto,Moradores do domicílio e composição familiar,42,215,KEPR42DT.zip,216,
Quênia,KEPR52FL.DTA,KEPR52FL,PR,moradores_contexto,Moradores do domicílio e composição familiar,52,333,KEPR52DT.zip,300,
Quênia,KEPR72FL.DTA,KEPR72FL,PR,moradores_contexto,Moradores do domicílio e composição familiar,72,384,KEPR72DT.zip,451,
Quênia,KEPR7AFL.DTA,KEPR7AFL,PR,moradores_contexto,Moradores do domicílio e composição familiar,7A,351,KEPR7ADT.zip,493,
Quênia,KEPR81FL.DTA,KEPR81FL,PR,moradores_contexto,Moradores do domicílio e composição familiar,81,223,KEPR81DT.zip,579,
Quênia,KEPR8CFL.DTA,KEPR8CFL,PR,moradores_contexto,Moradores do domicílio e composição familiar,8C,499,KEPR8CDT.zip,566,
Quênia,KEBR03FL.dta,KEBR03FL,BR,gestacao_parto,"Nascimentos, gestações e histórico obstétrico",03,413,KEBR03DT.zip,20,
Quênia,KEBR33FL.dta,KEBR33FL,BR,gestacao_parto,"Nascimentos, gestações e histórico obstétrico",33,611,KEBR33DT.zip,56,
Quênia,KEBR3AFL.dta,KEBR3AFL,BR,gestacao_parto,"Nascimentos, gestações e histórico obstétrico",3A,645,KEBR3ADT.zip,115,
Quênia,KEBR42FL.DTA,KEBR42FL,BR,gestacao_parto,"Nascimentos, gestações e histórico obstétrico",42,943,KEBR42DT.zip,216,
Quênia,KEBR52FL.DTA,KEBR52FL,BR,gestacao_parto,"Nascimentos, gestações e histórico obstétrico",52,1044,KEBR52DT.zip,300,
Quênia,KEBR72FL.DTA,KEBR72FL,BR,gestacao_parto,"Nascimentos, gestações e histórico obstétrico",72,1166,KEBR72DT.zip,451,
Quênia,KEBR8CFL.DTA,KEBR8CFL,BR,gestacao_parto,"Nascimentos, gestações e histórico obstétrico",8C,1319,KEBR8CDT.zip,566,
Quênia,KEWI31FL.DTA,KEWI31FL,WI,socioeconomico,Índice de riqueza e contexto socioeconômico,31,3,KEWI31DT.zip,56,
Quênia,KEWI3AFL.DTA,KEWI3AFL,WI,socioeconomico,Índice de riqueza e contexto socioeconômico,3A,3,KEWI3ADT.zip,115,
Quênia,KEIR03FL.DTA,KEIR03FL,IR,mulher_nucleo,Entrevista individual da mulher; fonte principal,03,1644,KEIR03DT.zip,20,
Quênia,KEIR33FL.DTA,KEIR33FL,IR,mulher_nucleo,Entrevista individual da mulher; fonte principal,33,2153,KEIR33DT.zip,56,
Quênia,KEIR3AFL.DTA,KEIR3AFL,IR,mulher_nucleo,Entrevista individual da mulher; fonte principal,3A,2756,KEIR3ADT.zip,115,
Quênia,KEIR42FL.DTA,KEIR42FL,IR,mulher_nucleo,Entrevista individual da mulher; fonte principal,42,4148,KEIR42DT.zip,216,
Quênia,KEIR52FL.DTA,KEIR52FL,IR,mulher_nucleo,Entrevista individual da mulher; fonte principal,52,4339,KEIR52DT.zip,300,
Quênia,KEIR72FL.DTA,KEIR72FL,IR,mulher_nucleo,Entrevista individual da mulher; fonte principal,72,4805,KEIR72DT.zip,451,
Quênia,KEIR7AFL.DTA,KEIR7AFL,IR,mulher_nucleo,Entrevista individual da mulher; fonte principal,7A,1406,KEIR7ADT.zip,493,
Quênia,KEIR81FL.DTA,KEIR81FL,IR,mulher_nucleo,Entrevista individual da mulher; fonte principal,81,1672,KEIR81DT.zip,579,
Quênia,KEIR8CFL.DTA,KEIR8CFL,IR,mulher_nucleo,Entrevista individual da mulher; fonte principal,8C,5925,KEIR8CDT.zip,566,
Quênia,KESQ30FL.DTA,KESQ30FL,SQ,servicos_saude,Disponibilidade e infraestrutura de serviços,30,96,KESQ30DT.zip,56,
República Centro-Africana,CFHW31FL.DTA,CFHW31FL,HW,antropometria,"Peso, altura, anemia e medidas corporais",31,7,CFHW31DT.zip,66,
República Centro-Africana,CFCR31FL.DTA,CFCR31FL,CR,casal_parceiro,Informações conjugais e do parceiro,31,1519,CFCR31DT.zip,66,
República Centro-Africana,CFKR31FL.DTA,CFKR31FL,KR,saude_infantil,"Saúde, nutrição e vacinação de crianças",31,795,CFKR31DT.zip,66,
República Centro-Africana,CFHR31FL.DTA,CFHR31FL,HR,domicilio_contexto,"Domicílio, saneamento, bens e contexto",31,746,CFHR31DT.zip,66,
República Centro-Africana,CFMR31FL.DTA,CFMR31FL,MR,casal_parceiro,Informações masculinas relacionadas ao casal,31,441,CFMR31DT.zip,66,
República Centro-Africana,CFPR31FL.DTA,CFPR31FL,PR,moradores_contexto,Moradores do domicílio e composição familiar,31,81,CFPR31DT.zip,66,
República Centro-Africana,CFBR31FL.dta,CFBR31FL,BR,gestacao_parto,"Nascimentos, gestações e histórico obstétrico",31,794,CFBR31DT.zip,66,
República Centro-Africana,CFWI31FL.DTA,CFWI31FL,WI,socioeconomico,Índice de riqueza e contexto socioeconômico,31,3,CFWI31DT.zip,66,
República Centro-Africana,CFIR31FL.DTA,CFIR31FL,IR,mulher_nucleo,Entrevista individual da mulher; fonte principal,31,3238,CFIR31DT.zip,66,
República Centro-Africana,CFSQ33FL.DTA,CFSQ33FL,SQ,servicos_saude,Disponibilidade e infraestrutura de serviços,33,195,CFSQ33DT.zip,66,
Ruanda,RWHW21FL.DTA,RWHW21FL,HW,antropometria,"Peso, altura, anemia e medidas corporais",21,7,RWHW21DT.zip,43,
Ruanda,RWHW41FL.DTA,RWHW41FL,HW,antropometria,"Peso, altura, anemia e medidas corporais",41,7,RWHW41DT.zip,165,
Ruanda,RWHW52FL.DTA,RWHW52FL,HW,antropometria,"Peso, altura, anemia e medidas corporais",52,7,RWHW52DT.zip,252,
Ruanda,RWCR21FL.DTA,RWCR21FL,CR,casal_parceiro,Informações conjugais e do parceiro,21,1011,RWCR21DT.zip,43,
Ruanda,RWCR41FL.DTA,RWCR41FL,CR,casal_parceiro,Informações conjugais e do parceiro,41,2071,RWCR41DT.zip,165,
Ruanda,RWCR53FL.DTA,RWCR53FL,CR,casal_parceiro,Informações conjugais e do parceiro,53,2426,RWCR53DT.zip,252,
Ruanda,RWCR61FL.DTA,RWCR61FL,CR,casal_parceiro,Informações conjugais e do parceiro,61,2311,RWCR61DT.zip,364,
Ruanda,RWCR70FL.DTA,RWCR70FL,CR,casal_parceiro,Informações conjugais e do parceiro,70,2507,RWCR70DT.zip,468,
Ruanda,RWCR81FL.DTA,RWCR81FL,CR,casal_parceiro,Informações conjugais e do parceiro,81,2776,RWCR81DT.zip,554,
Ruanda,RWCR91FL.dta,RWCR91FL,CR,casal_parceiro,Informações conjugais e do parceiro,91,1910,RWCR91DT.zip,624,
Ruanda,RWKR21FL.DTA,RWKR21FL,KR,saude_infantil,"Saúde, nutrição e vacinação de crianças",21,594,RWKR21DT.zip,43,
Ruanda,RWKR41FL.DTA,RWKR41FL,KR,saude_infantil,"Saúde, nutrição e vacinação de crianças",41,934,RWKR41DT.zip,165,
Ruanda,RWKR53FL.DTA,RWKR53FL,KR,saude_infantil,"Saúde, nutrição e vacinação de crianças",53,1077,RWKR53DT.zip,252,
Ruanda,RWKR5AFL.DTA,RWKR5AFL,KR,saude_infantil,"Saúde, nutrição e vacinação de crianças",5A,913,RWKR5ADT.zip,323,
Ruanda,RWKR61FL.DTA,RWKR61FL,KR,saude_infantil,"Saúde, nutrição e vacinação de crianças",61,1021,RWKR61DT.zip,364,
Ruanda,RWKR6IFL.DTA,RWKR6IFL,KR,saude_infantil,"Saúde, nutrição e vacinação de crianças",6I,336,RWKR6IDT.zip,449,
Ruanda,RWKR70FL.DTA,RWKR70FL,KR,saude_infantil,"Saúde, nutrição e vacinação de crianças",70,1078,RWKR70DT.zip,468,
Ruanda,RWKR7AFL.DTA,RWKR7AFL,KR,saude_infantil,"Saúde, nutrição e vacinação de crianças",7A,319,RWKR7ADT.zip,540,
Ruanda,RWKR81FL.DTA,RWKR81FL,KR,saude_infantil,"Saúde, nutrição e vacinação de crianças",81,1216,RWKR81DT.zip,554,
Ruanda,RWKR8AFL.DTA,RWKR8AFL,KR,saude_infantil,"Saúde, nutrição e vacinação de crianças",8A,343,RWKR8ADT.zip,607,
Ruanda,RWKR91FL.dta,RWKR91FL,KR,saude_infantil,"Saúde, nutrição e vacinação de crianças",91,1295,RWKR91DT.zip,624,
Ruanda,RWHR21FL.DTA,RWHR21FL,HR,domicilio_contexto,"Domicílio, saneamento, bens e contexto",21,651,RWHR21DT.zip,43,
Ruanda,RWHR41FL.DTA,RWHR41FL,HR,domicilio_contexto,"Domicílio, saneamento, bens e contexto",41,1812,RWHR41DT.zip,165,
Ruanda,RWHR53FL.DTA,RWHR53FL,HR,domicilio_contexto,"Domicílio, saneamento, bens e contexto",53,1734,RWHR53DT.zip,252,
Ruanda,RWHR5AFL.DTA,RWHR5AFL,HR,domicilio_contexto,"Domicílio, saneamento, bens e contexto",5A,1615,RWHR5ADT.zip,323,
Ruanda,RWHR61FL.DTA,RWHR61FL,HR,domicilio_contexto,"Domicílio, saneamento, bens e contexto",61,3396,RWHR61DT.zip,364,
Ruanda,RWHR6IFL.DTA,RWHR6IFL,HR,domicilio_contexto,"Domicílio, saneamento, bens e contexto",6I,1031,RWHR6IDT.zip,449,
Ruanda,RWHR70FL.DTA,RWHR70FL,HR,domicilio_contexto,"Domicílio, saneamento, bens e contexto",70,2712,RWHR70DT.zip,468,
Ruanda,RWHR7AFL.DTA,RWHR7AFL,HR,domicilio_contexto,"Domicílio, saneamento, bens e contexto",7A,1050,RWHR7ADT.zip,540,
Ruanda,RWHR81FL.DTA,RWHR81FL,HR,domicilio_contexto,"Domicílio, saneamento, bens e contexto",81,3485,RWHR81DT.zip,554,
Ruanda,RWHR8AFL.DTA,RWHR8AFL,HR,domicilio_contexto,"Domicílio, saneamento, bens e contexto",8A,1040,RWHR8ADT.zip,607,
Ruanda,RWHR91FL.dta,RWHR91FL,HR,domicilio_contexto,"Domicílio, saneamento, bens e contexto",91,2452,RWHR91DT.zip,624,
Ruanda,RWMR21FL.DTA,RWMR21FL,MR,casal_parceiro,Informações masculinas relacionadas ao casal,21,277,RWMR21DT.zip,43,
Ruanda,RWMR41FL.DTA,RWMR41FL,MR,casal_parceiro,Informações masculinas relacionadas ao casal,41,900,RWMR41DT.zip,165,
Ruanda,RWMR53FL.DTA,RWMR53FL,MR,casal_parceiro,Informações masculinas relacionadas ao casal,53,947,RWMR53DT.zip,252,
Ruanda,RWMR5AFL.DTA,RWMR5AFL,MR,casal_parceiro,Informações masculinas relacionadas ao casal,5A,502,RWMR5ADT.zip,323,
Ruanda,RWMR61FL.DTA,RWMR61FL,MR,casal_parceiro,Informações masculinas relacionadas ao casal,61,554,RWMR61DT.zip,364,
Ruanda,RWMR70FL.DTA,RWMR70FL,MR,casal_parceiro,Informações masculinas relacionadas ao casal,70,702,RWMR70DT.zip,468,
Ruanda,RWMR81FL.DTA,RWMR81FL,MR,casal_parceiro,Informações masculinas relacionadas ao casal,81,808,RWMR81DT.zip,554,
Ruanda,RWMR91FL.dta,RWMR91FL,MR,casal_parceiro,Informações masculinas relacionadas ao casal,91,778,RWMR91DT.zip,624,
Ruanda,RWHH6AFL.DTA,RWHH6AFL,HH,modulo_especial,Questionário domiciliar especial,6A,508,RWHH6ADT.zip,422,
Ruanda,RWPR21FL.DTA,RWPR21FL,PR,moradores_contexto,Moradores do domicílio e composição familiar,21,76,RWPR21DT.zip,43,
Ruanda,RWPR41FL.DTA,RWPR41FL,PR,moradores_contexto,Moradores do domicílio e composição familiar,41,175,RWPR41DT.zip,165,
Ruanda,RWPR53FL.DTA,RWPR53FL,PR,moradores_contexto,Moradores do domicílio e composição familiar,53,250,RWPR53DT.zip,252,
Ruanda,RWPR5AFL.DTA,RWPR5AFL,PR,moradores_contexto,Moradores do domicílio e composição familiar,5A,290,RWPR5ADT.zip,323,
Ruanda,RWPR61FL.DTA,RWPR61FL,PR,moradores_contexto,Moradores do domicílio e composição familiar,61,484,RWPR61DT.zip,364,
Ruanda,RWPR6IFL.DTA,RWPR6IFL,PR,moradores_contexto,Moradores do domicílio e composição familiar,6I,209,RWPR6IDT.zip,449,
Ruanda,RWPR70FL.DTA,RWPR70FL,PR,moradores_contexto,Moradores do domicílio e composição familiar,70,357,RWPR70DT.zip,468,
Ruanda,RWPR7AFL.DTA,RWPR7AFL,PR,moradores_contexto,Moradores do domicílio e composição familiar,7A,264,RWPR7ADT.zip,540,
Ruanda,RWPR81FL.DTA,RWPR81FL,PR,moradores_contexto,Moradores do domicílio e composição familiar,81,581,RWPR81DT.zip,554,
Ruanda,RWPR8AFL.DTA,RWPR8AFL,PR,moradores_contexto,Moradores do domicílio e composição familiar,8A,206,RWPR8ADT.zip,607,
Ruanda,RWPR91FL.dta,RWPR91FL,PR,moradores_contexto,Moradores do domicílio e composição familiar,91,426,RWPR91DT.zip,624,
Ruanda,RWBR21FL.dta,RWBR21FL,BR,gestacao_parto,"Nascimentos, gestações e histórico obstétrico",21,593,RWBR21DT.zip,43,
Ruanda,RWBR41FL.DTA,RWBR41FL,BR,gestacao_parto,"Nascimentos, gestações e histórico obstétrico",41,934,RWBR41DT.zip,165,
Ruanda,RWBR53FL.DTA,RWBR53FL,BR,gestacao_parto,"Nascimentos, gestações e histórico obstétrico",53,1077,RWBR53DT.zip,252,
Ruanda,RWBR5AFL.DTA,RWBR5AFL,BR,gestacao_parto,"Nascimentos, gestações e histórico obstétrico",5A,913,RWBR5ADT.zip,323,
Ruanda,RWBR61FL.DTA,RWBR61FL,BR,gestacao_parto,"Nascimentos, gestações e histórico obstétrico",61,1021,RWBR61DT.zip,364,
Ruanda,RWBR70FL.DTA,RWBR70FL,BR,gestacao_parto,"Nascimentos, gestações e histórico obstétrico",70,1078,RWBR70DT.zip,468,
Ruanda,RWBR81FL.DTA,RWBR81FL,BR,gestacao_parto,"Nascimentos, gestações e histórico obstétrico",81,1216,RWBR81DT.zip,554,
Ruanda,RWBR91FL.dta,RWBR91FL,BR,gestacao_parto,"Nascimentos, gestações e histórico obstétrico",91,1295,RWBR91DT.zip,624,
Ruanda,RWIQ6AFL.DTA,RWIQ6AFL,IQ,modulo_especial,Questionário individual especial,6A,352,RWIQ6ADT.zip,422,
Ruanda,RWWI21FL.DTA,RWWI21FL,WI,socioeconomico,Índice de riqueza e contexto socioeconômico,21,3,RWWI21DT.zip,43,
Ruanda,RWwi42fl.dta,RWWI42FL,WI,socioeconomico,Índice de riqueza e contexto socioeconômico,42,3,RWWI42DT.zip,165,
Ruanda,RWIR21FL.DTA,RWIR21FL,IR,mulher_nucleo,Entrevista individual da mulher; fonte principal,21,2234,RWIR21DT.zip,43,
Ruanda,RWIR41FL.DTA,RWIR41FL,IR,mulher_nucleo,Entrevista individual da mulher; fonte principal,41,3848,RWIR41DT.zip,165,
Ruanda,RWIR53FL.DTA,RWIR53FL,IR,mulher_nucleo,Entrevista individual da mulher; fonte principal,53,4372,RWIR53DT.zip,252,
Ruanda,RWIR5AFL.DTA,RWIR5AFL,IR,mulher_nucleo,Entrevista individual da mulher; fonte principal,5A,3584,RWIR5ADT.zip,323,
Ruanda,RWIR61FL.DTA,RWIR61FL,IR,mulher_nucleo,Entrevista individual da mulher; fonte principal,61,4470,RWIR61DT.zip,364,
Ruanda,RWIR6IFL.DTA,RWIR6IFL,IR,mulher_nucleo,Entrevista individual da mulher; fonte principal,6I,1331,RWIR6IDT.zip,449,
Ruanda,RWIR70FL.DTA,RWIR70FL,IR,mulher_nucleo,Entrevista individual da mulher; fonte principal,70,4572,RWIR70DT.zip,468,
Ruanda,RWIR7AFL.DTA,RWIR7AFL,IR,mulher_nucleo,Entrevista individual da mulher; fonte principal,7A,1351,RWIR7ADT.zip,540,
Ruanda,RWIR81FL.DTA,RWIR81FL,IR,mulher_nucleo,Entrevista individual da mulher; fonte principal,81,5117,RWIR81DT.zip,554,
Ruanda,RWIR8AFL.DTA,RWIR8AFL,IR,mulher_nucleo,Entrevista individual da mulher; fonte principal,8A,810,RWIR8ADT.zip,607,
Ruanda,RWIR91FL.dta,RWIR91FL,IR,mulher_nucleo,Entrevista individual da mulher; fonte principal,91,6070,RWIR91DT.zip,624,
Senegal,SNHW02FL.DTA,SNHW02FL,HW,antropometria,"Peso, altura, anemia e medidas corporais",02,7,SNHW02DT.zip,3,
Senegal,SNHW21FL.DTA,SNHW21FL,HW,antropometria,"Peso, altura, anemia e medidas corporais",21,7,SNHW21DT.zip,46,
Senegal,SNHW4AFL.DTA,SNHW4AFL,HW,antropometria,"Peso, altura, anemia e medidas corporais",4A,7,SNHW4ADT.zip,233,
Senegal,SNCR21FL.DTA,SNCR21FL,CR,casal_parceiro,Informações conjugais e do parceiro,21,1238,SNCR21DT.zip,46,
Senegal,SNCR31FL.DTA,SNCR31FL,CR,casal_parceiro,Informações conjugais e do parceiro,31,1737,SNCR31DT.zip,81,
Senegal,SNCR4AFL.DTA,SNCR4AFL,CR,casal_parceiro,Informações conjugais e do parceiro,4A,2514,SNCR4ADT.zip,233,
Senegal,SNCR61FL.DTA,SNCR61FL,CR,casal_parceiro,Informações conjugais e do parceiro,61,2161,SNCR61DT.zip,365,
Senegal,SNCR7AFL.DTA,SNCR7AFL,CR,casal_parceiro,Informações conjugais e do parceiro,7A,2134,SNCR7ADT.zip,489,
Senegal,SNCR7ZFL.DTA,SNCR7ZFL,CR,casal_parceiro,Informações conjugais e do parceiro,7Z,2548,SNCR7ZDT.zip,534,
Senegal,SNCR81FL.DTA,SNCR81FL,CR,casal_parceiro,Informações conjugais e do parceiro,81,2501,SNCR81DT.zip,580,
Senegal,SNCR8BFL.DTA,SNCR8BFL,CR,casal_parceiro,Informações conjugais e do parceiro,8B,2501,SNCR8BDT.zip,581,
Senegal,SNCR8SFL.DTA,SNCR8SFL,CR,casal_parceiro,Informações conjugais e do parceiro,8S,1591,SNCR8SDT.zip,611,
Senegal,SNKR01FL.DTA,SNKR01FL,KR,saude_infantil,"Saúde, nutrição e vacinação de crianças",01,413,SNKR01DT.zip,3,
Senegal,SNKR21FL.DTA,SNKR21FL,KR,saude_infantil,"Saúde, nutrição e vacinação de crianças",21,668,SNKR21DT.zip,46,
Senegal,SNKR32FL.DTA,SNKR32FL,KR,saude_infantil,"Saúde, nutrição e vacinação de crianças",32,814,SNKR32DT.zip,81,
Senegal,SNKR4AFL.DTA,SNKR4AFL,KR,saude_infantil,"Saúde, nutrição e vacinação de crianças",4A,1006,SNKR4ADT.zip,233,
Senegal,SNKR51FL.DTA,SNKR51FL,KR,saude_infantil,"Saúde, nutrição e vacinação de crianças",51,376,SNKR51DT.zip,293,
Senegal,SNKR5AFL.DTA,SNKR5AFL,KR,saude_infantil,"Saúde, nutrição e vacinação de crianças",5A,777,SNKR5ADT.zip,338,
Senegal,SNKR61FL.DTA,SNKR61FL,KR,saude_infantil,"Saúde, nutrição e vacinação de crianças",61,987,SNKR61DT.zip,365,
Senegal,SNKR6DFL.DTA,SNKR6DFL,KR,saude_infantil,"Saúde, nutrição e vacinação de crianças",6D,948,SNKR6DDT.zip,423,
Senegal,SNKR7AFL.DTA,SNKR7AFL,KR,saude_infantil,"Saúde, nutrição e vacinação de crianças",7A,986,SNKR7ADT.zip,489,
Senegal,SNKR7ZFL.DTA,SNKR7ZFL,KR,saude_infantil,"Saúde, nutrição e vacinação de crianças",7Z,1173,SNKR7ZDT.zip,534,
Senegal,SNKR81FL.DTA,SNKR81FL,KR,saude_infantil,"Saúde, nutrição e vacinação de crianças",81,1155,SNKR81DT.zip,580,
Senegal,SNKR8BFL.DTA,SNKR8BFL,KR,saude_infantil,"Saúde, nutrição e vacinação de crianças",8B,1155,SNKR8BDT.zip,581,
Senegal,SNKR8IFL.DTA,SNKR8IFL,KR,saude_infantil,"Saúde, nutrição e vacinação de crianças",8I,310,SNKR8IDT.zip,587,
Senegal,SNKR8SFL.DTA,SNKR8SFL,KR,saude_infantil,"Saúde, nutrição e vacinação de crianças",8S,1283,SNKR8SDT.zip,611,
Senegal,SNHR21FL.DTA,SNHR21FL,HR,domicilio_contexto,"Domicílio, saneamento, bens e contexto",21,1574,SNHR21DT.zip,46,
Senegal,SNHR32FL.DTA,SNHR32FL,HR,domicilio_contexto,"Domicílio, saneamento, bens e contexto",32,1279,SNHR32DT.zip,81,
Senegal,SNHR4AFL.DTA,SNHR4AFL,HR,domicilio_contexto,"Domicílio, saneamento, bens e contexto",4A,5788,SNHR4ADT.zip,233,
Senegal,SNHR51FL.DTA,SNHR51FL,HR,domicilio_contexto,"Domicílio, saneamento, bens e contexto",51,1917,SNHR51DT.zip,293,
Senegal,SNHR5AFL.DTA,SNHR5AFL,HR,domicilio_contexto,"Domicílio, saneamento, bens e contexto",5A,7565,SNHR5ADT.zip,338,
Senegal,SNHR61FL.DTA,SNHR61FL,HR,domicilio_contexto,"Domicílio, saneamento, bens e contexto",61,6840,SNHR61DT.zip,365,
Senegal,SNHR6DFL.DTA,SNHR6DFL,HR,domicilio_contexto,"Domicílio, saneamento, bens e contexto",6D,5892,SNHR6DDT.zip,423,
Senegal,SNHR7AFL.DTA,SNHR7AFL,HR,domicilio_contexto,"Domicílio, saneamento, bens e contexto",7A,8534,SNHR7ADT.zip,489,
Senegal,SNHR7ZFL.DTA,SNHR7ZFL,HR,domicilio_contexto,"Domicílio, saneamento, bens e contexto",7Z,7734,SNHR7ZDT.zip,534,
Senegal,SNHR81FL.DTA,SNHR81FL,HR,domicilio_contexto,"Domicílio, saneamento, bens e contexto",81,6701,SNHR81DT.zip,580,
Senegal,SNHR8BFL.DTA,SNHR8BFL,HR,domicilio_contexto,"Domicílio, saneamento, bens e contexto",8B,10869,SNHR8BDT.zip,581,
Senegal,SNHR8IFL.DTA,SNHR8IFL,HR,domicilio_contexto,"Domicílio, saneamento, bens e contexto",8I,4345,SNHR8IDT.zip,587,
Senegal,SNHR8SFL.DTA,SNHR8SFL,HR,domicilio_contexto,"Domicílio, saneamento, bens e contexto",8S,7285,SNHR8SDT.zip,611,
Senegal,SNMR21FL.DTA,SNMR21FL,MR,casal_parceiro,Informações masculinas relacionadas ao casal,21,416,SNMR21DT.zip,46,
Senegal,SNMR31FL.DTA,SNMR31FL,MR,casal_parceiro,Informações masculinas relacionadas ao casal,31,572,SNMR31DT.zip,81,
Senegal,SNMR4AFL.DTA,SNMR4AFL,MR,casal_parceiro,Informações masculinas relacionadas ao casal,4A,939,SNMR4ADT.zip,233,
Senegal,SNMR61FL.DTA,SNMR61FL,MR,casal_parceiro,Informações masculinas relacionadas ao casal,61,537,SNMR61DT.zip,365,
Senegal,SNMR7AFL.DTA,SNMR7AFL,MR,casal_parceiro,Informações masculinas relacionadas ao casal,7A,541,SNMR7ADT.zip,489,
Senegal,SNMR7ZFL.DTA,SNMR7ZFL,MR,casal_parceiro,Informações masculinas relacionadas ao casal,7Z,597,SNMR7ZDT.zip,534,
Senegal,SNMR81FL.DTA,SNMR81FL,MR,casal_parceiro,Informações masculinas relacionadas ao casal,81,597,SNMR81DT.zip,580,
Senegal,SNMR8BFL.DTA,SNMR8BFL,MR,casal_parceiro,Informações masculinas relacionadas ao casal,8B,597,SNMR8BDT.zip,581,
Senegal,SNMR8SFL.DTA,SNMR8SFL,MR,casal_parceiro,Informações masculinas relacionadas ao casal,8S,632,SNMR8SDT.zip,611,
Senegal,SNHH01FL.DTA,SNHH01FL,HH,modulo_especial,Questionário domiciliar especial,01,10,SNHH01DT.zip,3,
Senegal,SNHH41FL.DTA,SNHH41FL,HH,modulo_especial,Questionário domiciliar especial,41,1083,SNHH41DT.zip,166,
Senegal,snml41fl.dta,SNML41FL,ML,malaria,"Prevenção, diagnóstico e tratamento de malária",41,152,SNML41DT.zip,166,
Senegal,SNPR21FL.DTA,SNPR21FL,PR,moradores_contexto,Moradores do domicílio e composição familiar,21,73,SNPR21DT.zip,46,
Senegal,SNPR32FL.DTA,SNPR32FL,PR,moradores_contexto,Moradores do domicílio e composição familiar,32,82,SNPR32DT.zip,81,
Senegal,SNPR4AFL.DTA,SNPR4AFL,PR,moradores_contexto,Moradores do domicílio e composição familiar,4A,272,SNPR4ADT.zip,233,
Senegal,SNPR51FL.DTA,SNPR51FL,PR,moradores_contexto,Moradores do domicílio e composição familiar,51,262,SNPR51DT.zip,293,
Senegal,SNPR5AFL.DTA,SNPR5AFL,PR,moradores_contexto,Moradores do domicílio e composição familiar,5A,312,SNPR5ADT.zip,338,
Senegal,SNPR61FL.DTA,SNPR61FL,PR,moradores_contexto,Moradores do domicílio e composição familiar,61,383,SNPR61DT.zip,365,
Senegal,SNPR6DFL.DTA,SNPR6DFL,PR,moradores_contexto,Moradores do domicílio e composição familiar,6D,365,SNPR6DDT.zip,423,
Senegal,SNPR7AFL.DTA,SNPR7AFL,PR,moradores_contexto,Moradores do domicílio e composição familiar,7A,406,SNPR7ADT.zip,489,
Senegal,SNPR7ZFL.DTA,SNPR7ZFL,PR,moradores_contexto,Moradores do domicílio e composição familiar,7Z,451,SNPR7ZDT.zip,534,
Senegal,SNPR81FL.DTA,SNPR81FL,PR,moradores_contexto,Moradores do domicílio e composição familiar,81,414,SNPR81DT.zip,580,
Senegal,SNPR8BFL.DTA,SNPR8BFL,PR,moradores_contexto,Moradores do domicílio e composição familiar,8B,478,SNPR8BDT.zip,581,
Senegal,SNPR8IFL.DTA,SNPR8IFL,PR,moradores_contexto,Moradores do domicílio e composição familiar,8I,229,SNPR8IDT.zip,587,
Senegal,SNPR8SFL.DTA,SNPR8SFL,PR,moradores_contexto,Moradores do domicílio e composição familiar,8S,479,SNPR8SDT.zip,611,
Senegal,SNBR02FL.dta,SNBR02FL,BR,gestacao_parto,"Nascimentos, gestações e histórico obstétrico",02,402,SNBR02DT.zip,3,
Senegal,SNBR21FL.dta,SNBR21FL,BR,gestacao_parto,"Nascimentos, gestações e histórico obstétrico",21,667,SNBR21DT.zip,46,
Senegal,SNBR32FL.dta,SNBR32FL,BR,gestacao_parto,"Nascimentos, gestações e histórico obstétrico",32,814,SNBR32DT.zip,81,
Senegal,SNBR4AFL.DTA,SNBR4AFL,BR,gestacao_parto,"Nascimentos, gestações e histórico obstétrico",4A,1006,SNBR4ADT.zip,233,
Senegal,SNBR5AFL.DTA,SNBR5AFL,BR,gestacao_parto,"Nascimentos, gestações e histórico obstétrico",5A,777,SNBR5ADT.zip,338,
Senegal,SNBR61FL.DTA,SNBR61FL,BR,gestacao_parto,"Nascimentos, gestações e histórico obstétrico",61,1023,SNBR61DT.zip,365,
Senegal,SNBR6DFL.DTA,SNBR6DFL,BR,gestacao_parto,"Nascimentos, gestações e histórico obstétrico",6D,953,SNBR6DDT.zip,423,
Senegal,SNBR7AFL.DTA,SNBR7AFL,BR,gestacao_parto,"Nascimentos, gestações e histórico obstétrico",7A,1022,SNBR7ADT.zip,489,
Senegal,SNBR7ZFL.DTA,SNBR7ZFL,BR,gestacao_parto,"Nascimentos, gestações e histórico obstétrico",7Z,1209,SNBR7ZDT.zip,534,
Senegal,SNBR81FL.DTA,SNBR81FL,BR,gestacao_parto,"Nascimentos, gestações e histórico obstétrico",81,1191,SNBR81DT.zip,580,
Senegal,SNBR8BFL.DTA,SNBR8BFL,BR,gestacao_parto,"Nascimentos, gestações e histórico obstétrico",8B,1191,SNBR8BDT.zip,581,
Senegal,SNBR8SFL.DTA,SNBR8SFL,BR,gestacao_parto,"Nascimentos, gestações e histórico obstétrico",8S,1288,SNBR8SDT.zip,611,
Senegal,SNIQ41FL.DTA,SNIQ41FL,IQ,modulo_especial,Questionário individual especial,41,1183,SNIQ41DT.zip,166,
Senegal,SNWI32FL.DTA,SNWI32FL,WI,socioeconomico,Índice de riqueza e contexto socioeconômico,32,3,SNWI32DT.zip,81,
Senegal,SNIR02FL.DTA,SNIR02FL,IR,mulher_nucleo,Entrevista individual da mulher; fonte principal,02,1436,SNIR02DT.zip,3,
Senegal,SNIR21FL.DTA,SNIR21FL,IR,mulher_nucleo,Entrevista individual da mulher; fonte principal,21,2464,SNIR21DT.zip,46,
Senegal,SNIR32FL.DTA,SNIR32FL,IR,mulher_nucleo,Entrevista individual da mulher; fonte principal,32,2461,SNIR32DT.zip,81,
Senegal,SNIR4AFL.DTA,SNIR4AFL,IR,mulher_nucleo,Entrevista individual da mulher; fonte principal,4A,4360,SNIR4ADT.zip,233,
Senegal,SNIR51FL.DTA,SNIR51FL,IR,mulher_nucleo,Entrevista individual da mulher; fonte principal,51,1694,SNIR51DT.zip,293,
Senegal,SNIR5AFL.DTA,SNIR5AFL,IR,mulher_nucleo,Entrevista individual da mulher; fonte principal,5A,3279,SNIR5ADT.zip,338,
Senegal,SNIR61FL.DTA,SNIR61FL,IR,mulher_nucleo,Entrevista individual da mulher; fonte principal,61,4179,SNIR61DT.zip,365,
Senegal,SNIR6DFL.DTA,SNIR6DFL,IR,mulher_nucleo,Entrevista individual da mulher; fonte principal,6D,3779,SNIR6DDT.zip,423,
Senegal,SNIR7AFL.DTA,SNIR7AFL,IR,mulher_nucleo,Entrevista individual da mulher; fonte principal,7A,3998,SNIR7ADT.zip,489,
Senegal,SNIR7ZFL.DTA,SNIR7ZFL,IR,mulher_nucleo,Entrevista individual da mulher; fonte principal,7Z,5360,SNIR7ZDT.zip,534,
Senegal,SNIR81FL.DTA,SNIR81FL,IR,mulher_nucleo,Entrevista individual da mulher; fonte principal,81,4997,SNIR81DT.zip,580,
Senegal,SNIR8BFL.DTA,SNIR8BFL,IR,mulher_nucleo,Entrevista individual da mulher; fonte principal,8B,4997,SNIR8BDT.zip,581,
Senegal,SNIR8IFL.DTA,SNIR8IFL,IR,mulher_nucleo,Entrevista individual da mulher; fonte principal,8I,1542,SNIR8IDT.zip,587,
Senegal,SNIR8SFL.DTA,SNIR8SFL,IR,mulher_nucleo,Entrevista individual da mulher; fonte principal,8S,5997,SNIR8SDT.zip,611,
Senegal,SNSQ22FL.DTA,SNSQ22FL,SQ,servicos_saude,Disponibilidade e infraestrutura de serviços,22,337,SNSQ22DT.zip,46,
Serra Leoa,SLCR51FL.DTA,SLCR51FL,CR,casal_parceiro,Informações conjugais e do parceiro,51,2143,SLCR51DT.zip,324,
Serra Leoa,SLCR61FL.DTA,SLCR61FL,CR,casal_parceiro,Informações conjugais e do parceiro,61,2361,SLCR61DT.zip,450,
Serra Leoa,SLCR7AFL.DTA,SLCR7AFL,CR,casal_parceiro,Informações conjugais e do parceiro,7A,2552,SLCR7ADT.zip,545,
Serra Leoa,SLKR51FL.DTA,SLKR51FL,KR,saude_infantil,"Saúde, nutrição e vacinação de crianças",51,960,SLKR51DT.zip,324,
Serra Leoa,SLKR61FL.DTA,SLKR61FL,KR,saude_infantil,"Saúde, nutrição e vacinação de crianças",61,994,SLKR61DT.zip,450,
Serra Leoa,SLKR73FL.DTA,SLKR73FL,KR,saude_infantil,"Saúde, nutrição e vacinação de crianças",73,403,SLKR73DT.zip,515,
Serra Leoa,SLKR7AFL.DTA,SLKR7AFL,KR,saude_infantil,"Saúde, nutrição e vacinação de crianças",7A,1137,SLKR7ADT.zip,545,
Serra Leoa,SLHR51FL.DTA,SLHR51FL,HR,domicilio_contexto,"Domicílio, saneamento, bens e contexto",51,2666,SLHR51DT.zip,324,
Serra Leoa,SLHR61FL.DTA,SLHR61FL,HR,domicilio_contexto,"Domicílio, saneamento, bens e contexto",61,7738,SLHR61DT.zip,450,
Serra Leoa,SLHR73FL.DTA,SLHR73FL,HR,domicilio_contexto,"Domicílio, saneamento, bens e contexto",73,2311,SLHR73DT.zip,515,
Serra Leoa,SLHR7AFL.DTA,SLHR7AFL,HR,domicilio_contexto,"Domicílio, saneamento, bens e contexto",7A,3455,SLHR7ADT.zip,545,
Serra Leoa,SLMR51FL.DTA,SLMR51FL,MR,casal_parceiro,Informações masculinas relacionadas ao casal,51,553,SLMR51DT.zip,324,
Serra Leoa,SLMR61FL.DTA,SLMR61FL,MR,casal_parceiro,Informações masculinas relacionadas ao casal,61,605,SLMR61DT.zip,450,
Serra Leoa,SLMR7AFL.DTA,SLMR7AFL,MR,casal_parceiro,Informações masculinas relacionadas ao casal,7A,596,SLMR7ADT.zip,545,
Serra Leoa,SLPR51FL.DTA,SLPR51FL,PR,moradores_contexto,Moradores do domicílio e composição familiar,51,313,SLPR51DT.zip,324,
Serra Leoa,SLPR61FL.DTA,SLPR61FL,PR,moradores_contexto,Moradores do domicílio e composição familiar,61,348,SLPR61DT.zip,450,
Serra Leoa,SLPR73FL.DTA,SLPR73FL,PR,moradores_contexto,Moradores do domicílio e composição familiar,73,282,SLPR73DT.zip,515,
Serra Leoa,SLPR7AFL.DTA,SLPR7AFL,PR,moradores_contexto,Moradores do domicílio e composição familiar,7A,372,SLPR7ADT.zip,545,
Serra Leoa,SLBR51FL.DTA,SLBR51FL,BR,gestacao_parto,"Nascimentos, gestações e histórico obstétrico",51,960,SLBR51DT.zip,324,
Serra Leoa,SLBR61FL.DTA,SLBR61FL,BR,gestacao_parto,"Nascimentos, gestações e histórico obstétrico",61,994,SLBR61DT.zip,450,
Serra Leoa,SLBR7AFL.DTA,SLBR7AFL,BR,gestacao_parto,"Nascimentos, gestações e histórico obstétrico",7A,1173,SLBR7ADT.zip,545,
Serra Leoa,SLIR51FL.DTA,SLIR51FL,IR,mulher_nucleo,Entrevista individual da mulher; fonte principal,51,3985,SLIR51DT.zip,324,
Serra Leoa,SLIR61FL.DTA,SLIR61FL,IR,mulher_nucleo,Entrevista individual da mulher; fonte principal,61,4499,SLIR61DT.zip,450,
Serra Leoa,SLIR73FL.DTA,SLIR73FL,IR,mulher_nucleo,Entrevista individual da mulher; fonte principal,73,1449,SLIR73DT.zip,515,
Serra Leoa,SLIR7AFL.DTA,SLIR7AFL,IR,mulher_nucleo,Entrevista individual da mulher; fonte principal,7A,5119,SLIR7ADT.zip,545,
Sudão,SDKR01FL.DTA,SDKR01FL,KR,saude_infantil,"Saúde, nutrição e vacinação de crianças",01,476,SDKR01DT.zip,29,
Sudão,SDHH01FL.DTA,SDHH01FL,HH,modulo_especial,Questionário domiciliar especial,01,467,SDHH01DT.zip,29,
Sudão,SDBR02FL.dta,SDBR02FL,BR,gestacao_parto,"Nascimentos, gestações e histórico obstétrico",02,465,SDBR02DT.zip,29,
Sudão,SDIR02FL.DTA,SDIR02FL,IR,mulher_nucleo,Entrevista individual da mulher; fonte principal,02,1848,SDIR02DT.zip,29,
São Tomé e Príncipe,STCR51FL.DTA,STCR51FL,CR,casal_parceiro,Informações conjugais e do parceiro,51,2376,STCR51DT.zip,318,
São Tomé e Príncipe,STKR51FL.DTA,STKR51FL,KR,saude_infantil,"Saúde, nutrição e vacinação de crianças",51,1061,STKR51DT.zip,318,
São Tomé e Príncipe,STHR51FL.DTA,STHR51FL,HR,domicilio_contexto,"Domicílio, saneamento, bens e contexto",51,3537,STHR51DT.zip,318,
São Tomé e Príncipe,STMR51FL.DTA,STMR51FL,MR,casal_parceiro,Informações masculinas relacionadas ao casal,51,574,STMR51DT.zip,318,
São Tomé e Príncipe,STPR51FL.DTA,STPR51FL,PR,moradores_contexto,Moradores do domicílio e composição familiar,51,321,STPR51DT.zip,318,
São Tomé e Príncipe,STBR51FL.DTA,STBR51FL,BR,gestacao_parto,"Nascimentos, gestações e histórico obstétrico",51,1061,STBR51DT.zip,318,
São Tomé e Príncipe,STIR51FL.DTA,STIR51FL,IR,mulher_nucleo,Entrevista individual da mulher; fonte principal,51,4365,STIR51DT.zip,318,
Tanzânia,TZHW21FL.DTA,TZHW21FL,HW,antropometria,"Peso, altura, anemia e medidas corporais",21,7,TZHW21DT.zip,41,
Tanzânia,TZHW3AFL.DTA,TZHW3AFL,HW,antropometria,"Peso, altura, anemia e medidas corporais",3A,7,TZHW3ADT.zip,82,
Tanzânia,TZHW41FL.DTA,TZHW41FL,HW,antropometria,"Peso, altura, anemia e medidas corporais",41,7,TZHW41DT.zip,167,
Tanzânia,TZHW4IFL.DTA,TZHW4IFL,HW,antropometria,"Peso, altura, anemia e medidas corporais",4I,7,TZHW4IDT.zip,253,
Tanzânia,TZCR21FL.DTA,TZCR21FL,CR,casal_parceiro,Informações conjugais e do parceiro,21,1221,TZCR21DT.zip,41,
Tanzânia,TZCR3AFL.DTA,TZCR3AFL,CR,casal_parceiro,Informações conjugais e do parceiro,3A,1660,TZCR3ADT.zip,82,
Tanzânia,TZCR41FL.DTA,TZCR41FL,CR,casal_parceiro,Informações conjugais e do parceiro,41,1683,TZCR41DT.zip,167,
Tanzânia,TZCR4IFL.DTA,TZCR4IFL,CR,casal_parceiro,Informações conjugais e do parceiro,4I,2319,TZCR4IDT.zip,253,
Tanzânia,TZCR63FL.DTA,TZCR63FL,CR,casal_parceiro,Informações conjugais e do parceiro,63,2383,TZCR63DT.zip,345,
Tanzânia,TZCR7BFL.DTA,TZCR7BFL,CR,casal_parceiro,Informações conjugais e do parceiro,7B,2622,TZCR7BDT.zip,485,
Tanzânia,TZCR82FL.DTA,TZCR82FL,CR,casal_parceiro,Informações conjugais e do parceiro,82,1777,TZCR82DT.zip,578,
Tanzânia,TZKR21FL.DTA,TZKR21FL,KR,saude_infantil,"Saúde, nutrição e vacinação de crianças",21,605,TZKR21DT.zip,41,
Tanzânia,TZKR3AFL.DTA,TZKR3AFL,KR,saude_infantil,"Saúde, nutrição e vacinação de crianças",3A,771,TZKR3ADT.zip,82,
Tanzânia,TZKR41FL.DTA,TZKR41FL,KR,saude_infantil,"Saúde, nutrição e vacinação de crianças",41,811,TZKR41DT.zip,167,
Tanzânia,TZKR4IFL.DTA,TZKR4IFL,KR,saude_infantil,"Saúde, nutrição e vacinação de crianças",4I,1053,TZKR4IDT.zip,253,
Tanzânia,TZKR51FL.DTA,TZKR51FL,KR,saude_infantil,"Saúde, nutrição e vacinação de crianças",51,847,TZKR51DT.zip,304,
Tanzânia,TZKR63FL.DTA,TZKR63FL,KR,saude_infantil,"Saúde, nutrição e vacinação de crianças",63,1051,TZKR63DT.zip,345,
Tanzânia,TZKR6AFL.DTA,TZKR6AFL,KR,saude_infantil,"Saúde, nutrição e vacinação de crianças",6A,499,TZKR6ADT.zip,393,
Tanzânia,TZKR7BFL.DTA,TZKR7BFL,KR,saude_infantil,"Saúde, nutrição e vacinação de crianças",7B,1240,TZKR7BDT.zip,485,
Tanzânia,TZKR7IFL.DTA,TZKR7IFL,KR,saude_infantil,"Saúde, nutrição e vacinação de crianças",7I,374,TZKR7IDT.zip,529,
Tanzânia,TZKR82FL.DTA,TZKR82FL,KR,saude_infantil,"Saúde, nutrição e vacinação de crianças",82,1324,TZKR82DT.zip,578,
Tanzânia,TZHR21FL.DTA,TZHR21FL,HR,domicilio_contexto,"Domicílio, saneamento, bens e contexto",21,929,TZHR21DT.zip,41,
Tanzânia,TZHR3AFL.DTA,TZHR3AFL,HR,domicilio_contexto,"Domicílio, saneamento, bens e contexto",3A,767,TZHR3ADT.zip,82,
Tanzânia,TZHR41FL.DTA,TZHR41FL,HR,domicilio_contexto,"Domicílio, saneamento, bens e contexto",41,1121,TZHR41DT.zip,167,
Tanzânia,tzhr4afl.dta,TZHR4AFL,HR,domicilio_contexto,"Domicílio, saneamento, bens e contexto",4A,2049,TZHR4ADT.zip,234,
Tanzânia,TZHR4IFL.DTA,TZHR4IFL,HR,domicilio_contexto,"Domicílio, saneamento, bens e contexto",4I,3309,TZHR4IDT.zip,253,
Tanzânia,TZHR51FL.DTA,TZHR51FL,HR,domicilio_contexto,"Domicílio, saneamento, bens e contexto",51,3462,TZHR51DT.zip,304,
Tanzânia,TZHR63FL.DTA,TZHR63FL,HR,domicilio_contexto,"Domicílio, saneamento, bens e contexto",63,3331,TZHR63DT.zip,345,
Tanzânia,TZHR6AFL.DTA,TZHR6AFL,HR,domicilio_contexto,"Domicílio, saneamento, bens e contexto",6A,3896,TZHR6ADT.zip,393,
Tanzânia,TZHR7BFL.DTA,TZHR7BFL,HR,domicilio_contexto,"Domicílio, saneamento, bens e contexto",7B,5212,TZHR7BDT.zip,485,
Tanzânia,TZHR7IFL.DTA,TZHR7IFL,HR,domicilio_contexto,"Domicílio, saneamento, bens e contexto",7I,2421,TZHR7IDT.zip,529,
Tanzânia,TZHR82FL.DTA,TZHR82FL,HR,domicilio_contexto,"Domicílio, saneamento, bens e contexto",82,9246,TZHR82DT.zip,578,
Tanzânia,TZMR21FL.DTA,TZMR21FL,MR,casal_parceiro,Informações masculinas relacionadas ao casal,21,463,TZMR21DT.zip,41,
Tanzânia,TZMR3AFL.DTA,TZMR3AFL,MR,casal_parceiro,Informações masculinas relacionadas ao casal,3A,811,TZMR3ADT.zip,82,
Tanzânia,TZMR41FL.DTA,TZMR41FL,MR,casal_parceiro,Informações masculinas relacionadas ao casal,41,554,TZMR41DT.zip,167,
Tanzânia,TZMR4IFL.DTA,TZMR4IFL,MR,casal_parceiro,Informações masculinas relacionadas ao casal,4I,974,TZMR4IDT.zip,253,
Tanzânia,TZMR61FL.DTA,TZMR61FL,MR,casal_parceiro,Informações masculinas relacionadas ao casal,61,575,TZMR61DT.zip,345,
Tanzânia,TZMR7BFL.DTA,TZMR7BFL,MR,casal_parceiro,Informações masculinas relacionadas ao casal,7B,641,TZMR7BDT.zip,485,
Tanzânia,TZMR82FL.DTA,TZMR82FL,MR,casal_parceiro,Informações masculinas relacionadas ao casal,82,647,TZMR82DT.zip,578,
Tanzânia,TZHH31FL.DTA,TZHH31FL,HH,modulo_especial,Questionário domiciliar especial,31,677,TZHH31DT.zip,67,
Tanzânia,TZML31FL.DTA,TZML31FL,ML,malaria,"Prevenção, diagnóstico e tratamento de malária",31,314,TZML31DT.zip,67,
Tanzânia,TZPR21FL.DTA,TZPR21FL,PR,moradores_contexto,Moradores do domicílio e composição familiar,21,74,TZPR21DT.zip,41,
Tanzânia,TZPR3AFL.DTA,TZPR3AFL,PR,moradores_contexto,Moradores do domicílio e composição familiar,3A,85,TZPR3ADT.zip,82,
Tanzânia,TZPR41FL.DTA,TZPR41FL,PR,moradores_contexto,Moradores do domicílio e composição familiar,41,129,TZPR41DT.zip,167,
Tanzânia,tzpr4afl.dta,TZPR4AFL,PR,moradores_contexto,Moradores do domicílio e composição familiar,4A,129,TZPR4ADT.zip,234,
Tanzânia,TZPR4IFL.DTA,TZPR4IFL,PR,moradores_contexto,Moradores do domicílio e composição familiar,4I,216,TZPR4IDT.zip,253,
Tanzânia,TZPR51FL.DTA,TZPR51FL,PR,moradores_contexto,Moradores do domicílio e composição familiar,51,342,TZPR51DT.zip,304,
Tanzânia,TZPR63FL.DTA,TZPR63FL,PR,moradores_contexto,Moradores do domicílio e composição familiar,63,312,TZPR63DT.zip,345,
Tanzânia,TZPR6AFL.DTA,TZPR6AFL,PR,moradores_contexto,Moradores do domicílio e composição familiar,6A,311,TZPR6ADT.zip,393,
Tanzânia,TZPR7BFL.DTA,TZPR7BFL,PR,moradores_contexto,Moradores do domicílio e composição familiar,7B,428,TZPR7BDT.zip,485,
Tanzânia,TZPR7IFL.DTA,TZPR7IFL,PR,moradores_contexto,Moradores do domicílio e composição familiar,7I,225,TZPR7IDT.zip,529,
Tanzânia,TZPR82FL.DTA,TZPR82FL,PR,moradores_contexto,Moradores do domicílio e composição familiar,82,657,TZPR82DT.zip,578,
Tanzânia,TZBR21FL.dta,TZBR21FL,BR,gestacao_parto,"Nascimentos, gestações e histórico obstétrico",21,604,TZBR21DT.zip,41,
Tanzânia,TZBR3AFL.dta,TZBR3AFL,BR,gestacao_parto,"Nascimentos, gestações e histórico obstétrico",3A,770,TZBR3ADT.zip,82,
Tanzânia,TZBR41FL.dta,TZBR41FL,BR,gestacao_parto,"Nascimentos, gestações e histórico obstétrico",41,811,TZBR41DT.zip,167,
Tanzânia,TZBR4IFL.DTA,TZBR4IFL,BR,gestacao_parto,"Nascimentos, gestações e histórico obstétrico",4I,1053,TZBR4IDT.zip,253,
Tanzânia,TZBR51FL.DTA,TZBR51FL,BR,gestacao_parto,"Nascimentos, gestações e histórico obstétrico",51,847,TZBR51DT.zip,304,
Tanzânia,TZBR63FL.DTA,TZBR63FL,BR,gestacao_parto,"Nascimentos, gestações e histórico obstétrico",63,1051,TZBR63DT.zip,345,
Tanzânia,TZBR6AFL.DTA,TZBR6AFL,BR,gestacao_parto,"Nascimentos, gestações e histórico obstétrico",6A,499,TZBR6ADT.zip,393,
Tanzânia,TZBR7BFL.DTA,TZBR7BFL,BR,gestacao_parto,"Nascimentos, gestações e histórico obstétrico",7B,1276,TZBR7BDT.zip,485,
Tanzânia,TZBR82FL.DTA,TZBR82FL,BR,gestacao_parto,"Nascimentos, gestações e histórico obstétrico",82,1350,TZBR82DT.zip,578,
Tanzânia,TZIQ31FL.DTA,TZIQ31FL,IQ,modulo_especial,Questionário individual especial,31,324,TZIQ31DT.zip,67,
Tanzânia,TZWI3AFL.DTA,TZWI3AFL,WI,socioeconomico,Índice de riqueza e contexto socioeconômico,3A,3,TZWI3ADT.zip,82,
Tanzânia,TZWI41FL.DTA,TZWI41FL,WI,socioeconomico,Índice de riqueza e contexto socioeconômico,41,3,TZWI41DT.zip,167,
Tanzânia,TZIR21FL.DTA,TZIR21FL,IR,mulher_nucleo,Entrevista individual da mulher; fonte principal,21,2096,TZIR21DT.zip,41,
Tanzânia,TZIR3AFL.DTA,TZIR3AFL,IR,mulher_nucleo,Entrevista individual da mulher; fonte principal,3A,2914,TZIR3ADT.zip,82,
Tanzânia,TZIR41FL.DTA,TZIR41FL,IR,mulher_nucleo,Entrevista individual da mulher; fonte principal,41,2783,TZIR41DT.zip,167,
Tanzânia,tzir4afl.dta,TZIR4AFL,IR,mulher_nucleo,Entrevista individual da mulher; fonte principal,4A,420,TZIR4ADT.zip,234,
Tanzânia,TZIR4IFL.DTA,TZIR4IFL,IR,mulher_nucleo,Entrevista individual da mulher; fonte principal,4I,4184,TZIR4IDT.zip,253,
Tanzânia,TZIR51FL.DTA,TZIR51FL,IR,mulher_nucleo,Entrevista individual da mulher; fonte principal,51,3441,TZIR51DT.zip,304,
Tanzânia,TZIR63FL.DTA,TZIR63FL,IR,mulher_nucleo,Entrevista individual da mulher; fonte principal,63,4467,TZIR63DT.zip,345,
Tanzânia,TZIR6AFL.DTA,TZIR6AFL,IR,mulher_nucleo,Entrevista individual da mulher; fonte principal,6A,1970,TZIR6ADT.zip,393,
Tanzânia,TZIR7BFL.DTA,TZIR7BFL,IR,mulher_nucleo,Entrevista individual da mulher; fonte principal,7B,5648,TZIR7BDT.zip,485,
Tanzânia,TZIR7IFL.DTA,TZIR7IFL,IR,mulher_nucleo,Entrevista individual da mulher; fonte principal,7I,1656,TZIR7IDT.zip,529,
Tanzânia,TZIR82FL.DTA,TZIR82FL,IR,mulher_nucleo,Entrevista individual da mulher; fonte principal,82,6379,TZIR82DT.zip,578,
Tanzânia,TZSQ21FL.DTA,TZSQ21FL,SQ,servicos_saude,Disponibilidade e infraestrutura de serviços,21,764,TZSQ21DT.zip,41,
Togo,TGHW01FL.DTA,TGHW01FL,HW,antropometria,"Peso, altura, anemia e medidas corporais",01,7,TGHW01DT.zip,22,
Togo,TGHW31FL.DTA,TGHW31FL,HW,antropometria,"Peso, altura, anemia e medidas corporais",31,7,TGHW31DT.zip,114,
Togo,TGCR31FL.DTA,TGCR31FL,CR,casal_parceiro,Informações conjugais e do parceiro,31,1595,TGCR31DT.zip,114,
Togo,TGCR61FL.DTA,TGCR61FL,CR,casal_parceiro,Informações conjugais e do parceiro,61,2354,TGCR61DT.zip,328,
Togo,TGKR01FL.DTA,TGKR01FL,KR,saude_infantil,"Saúde, nutrição e vacinação de crianças",01,447,TGKR01DT.zip,22,
Togo,TGKR31FL.DTA,TGKR31FL,KR,saude_infantil,"Saúde, nutrição e vacinação de crianças",31,633,TGKR31DT.zip,114,
Togo,TGKR61FL.DTA,TGKR61FL,KR,saude_infantil,"Saúde, nutrição e vacinação de crianças",61,1018,TGKR61DT.zip,328,
Togo,TGKR71FL.DTA,TGKR71FL,KR,saude_infantil,"Saúde, nutrição e vacinação de crianças",71,361,TGKR71DT.zip,497,
Togo,TGHR31FL.DTA,TGHR31FL,HR,domicilio_contexto,"Domicílio, saneamento, bens e contexto",31,919,TGHR31DT.zip,114,
Togo,TGHR61FL.DTA,TGHR61FL,HR,domicilio_contexto,"Domicílio, saneamento, bens e contexto",61,4881,TGHR61DT.zip,328,
Togo,TGHR71FL.DTA,TGHR71FL,HR,domicilio_contexto,"Domicílio, saneamento, bens e contexto",71,2527,TGHR71DT.zip,497,
Togo,TGMR31FL.DTA,TGMR31FL,MR,casal_parceiro,Informações masculinas relacionadas ao casal,31,512,TGMR31DT.zip,114,
Togo,TGMR61FL.DTA,TGMR61FL,MR,casal_parceiro,Informações masculinas relacionadas ao casal,61,534,TGMR61DT.zip,328,
Togo,TGHH01FL.DTA,TGHH01FL,HH,modulo_especial,Questionário domiciliar especial,01,232,TGHH01DT.zip,22,
Togo,TGPR31FL.DTA,TGPR31FL,PR,moradores_contexto,Moradores do domicílio e composição familiar,31,91,TGPR31DT.zip,114,
Togo,TGPR61FL.DTA,TGPR61FL,PR,moradores_contexto,Moradores do domicílio e composição familiar,61,389,TGPR61DT.zip,328,
Togo,TGPR71FL.DTA,TGPR71FL,PR,moradores_contexto,Moradores do domicílio e composição familiar,71,239,TGPR71DT.zip,497,
Togo,TGBR01FL.dta,TGBR01FL,BR,gestacao_parto,"Nascimentos, gestações e histórico obstétrico",01,436,TGBR01DT.zip,22,
Togo,TGBR31FL.dta,TGBR31FL,BR,gestacao_parto,"Nascimentos, gestações e histórico obstétrico",31,633,TGBR31DT.zip,114,
Togo,TGBR61FL.DTA,TGBR61FL,BR,gestacao_parto,"Nascimentos, gestações e histórico obstétrico",61,1054,TGBR61DT.zip,328,
Togo,TGWI31FL.DTA,TGWI31FL,WI,socioeconomico,Índice de riqueza e contexto socioeconômico,31,3,TGWI31DT.zip,114,
Togo,TGIR01FL.DTA,TGIR01FL,IR,mulher_nucleo,Entrevista individual da mulher; fonte principal,01,1701,TGIR01DT.zip,22,
Togo,TGIR31FL.DTA,TGIR31FL,IR,mulher_nucleo,Entrevista individual da mulher; fonte principal,31,2845,TGIR31DT.zip,114,
Togo,TGIR61FL.DTA,TGIR61FL,IR,mulher_nucleo,Entrevista individual da mulher; fonte principal,61,4573,TGIR61DT.zip,328,
Togo,TGIR71FL.DTA,TGIR71FL,IR,mulher_nucleo,Entrevista individual da mulher; fonte principal,71,1596,TGIR71DT.zip,497,
Togo,TGSQ01FL.DTA,TGSQ01FL,SQ,servicos_saude,Disponibilidade e infraestrutura de serviços,01,298,TGSQ01DT.zip,22,
Zimbábue,ZWHW01FL.DTA,ZWHW01FL,HW,antropometria,"Peso, altura, anemia e medidas corporais",01,7,ZWHW01DT.zip,21,
Zimbábue,ZWHW31FL.DTA,ZWHW31FL,HW,antropometria,"Peso, altura, anemia e medidas corporais",31,7,ZWHW31DT.zip,64,
Zimbábue,ZWHW41FL.DTA,ZWHW41FL,HW,antropometria,"Peso, altura, anemia e medidas corporais",41,7,ZWHW41DT.zip,184,
Zimbábue,ZWHW51FL.DTA,ZWHW51FL,HW,antropometria,"Peso, altura, anemia e medidas corporais",51,7,ZWHW51DT.zip,260,
Zimbábue,ZWCR31FL.DTA,ZWCR31FL,CR,casal_parceiro,Informações conjugais e do parceiro,31,1420,ZWCR31DT.zip,64,
Zimbábue,ZWCR41FL.DTA,ZWCR41FL,CR,casal_parceiro,Informações conjugais e do parceiro,41,1986,ZWCR41DT.zip,184,
Zimbábue,ZWCR52FL.DTA,ZWCR52FL,CR,casal_parceiro,Informações conjugais e do parceiro,52,2509,ZWCR52DT.zip,260,
Zimbábue,ZWCR62FL.DTA,ZWCR62FL,CR,casal_parceiro,Informações conjugais e do parceiro,62,2263,ZWCR62DT.zip,367,
Zimbábue,ZWCR72FL.DTA,ZWCR72FL,CR,casal_parceiro,Informações conjugais e do parceiro,72,2510,ZWCR72DT.zip,475,
Zimbábue,ZWKR01FL.DTA,ZWKR01FL,KR,saude_infantil,"Saúde, nutrição e vacinação de crianças",01,505,ZWKR01DT.zip,21,
Zimbábue,ZWKR31FL.DTA,ZWKR31FL,KR,saude_infantil,"Saúde, nutrição e vacinação de crianças",31,647,ZWKR31DT.zip,64,
Zimbábue,ZWKR42FL.DTA,ZWKR42FL,KR,saude_infantil,"Saúde, nutrição e vacinação de crianças",42,827,ZWKR42DT.zip,184,
Zimbábue,ZWKR52FL.DTA,ZWKR52FL,KR,saude_infantil,"Saúde, nutrição e vacinação de crianças",52,1031,ZWKR52DT.zip,260,
Zimbábue,ZWKR62FL.DTA,ZWKR62FL,KR,saude_infantil,"Saúde, nutrição e vacinação de crianças",62,967,ZWKR62DT.zip,367,
Zimbábue,ZWKR72FL.DTA,ZWKR72FL,KR,saude_infantil,"Saúde, nutrição e vacinação de crianças",72,1114,ZWKR72DT.zip,475,
Zimbábue,ZWHR31FL.DTA,ZWHR31FL,HR,domicilio_contexto,"Domicílio, saneamento, bens e contexto",31,572,ZWHR31DT.zip,64,
Zimbábue,ZWHR42FL.DTA,ZWHR42FL,HR,domicilio_contexto,"Domicílio, saneamento, bens e contexto",42,1086,ZWHR42DT.zip,184,
Zimbábue,ZWHR52FL.DTA,ZWHR52FL,HR,domicilio_contexto,"Domicílio, saneamento, bens e contexto",52,2862,ZWHR52DT.zip,260,
Zimbábue,ZWHR62FL.DTA,ZWHR62FL,HR,domicilio_contexto,"Domicílio, saneamento, bens e contexto",62,3994,ZWHR62DT.zip,367,
Zimbábue,ZWHR72FL.DTA,ZWHR72FL,HR,domicilio_contexto,"Domicílio, saneamento, bens e contexto",72,3683,ZWHR72DT.zip,475,
Zimbábue,ZWMR31FL.DTA,ZWMR31FL,MR,casal_parceiro,Informações masculinas relacionadas ao casal,31,754,ZWMR31DT.zip,64,
Zimbábue,ZWMR41FL.DTA,ZWMR41FL,MR,casal_parceiro,Informações masculinas relacionadas ao casal,41,851,ZWMR41DT.zip,184,
Zimbábue,ZWMR52FL.DTA,ZWMR52FL,MR,casal_parceiro,Informações masculinas relacionadas ao casal,52,753,ZWMR52DT.zip,260,
Zimbábue,ZWMR62FL.DTA,ZWMR62FL,MR,casal_parceiro,Informações masculinas relacionadas ao casal,62,542,ZWMR62DT.zip,367,
Zimbábue,ZWMR72FL.DTA,ZWMR72FL,MR,casal_parceiro,Informações masculinas relacionadas ao casal,72,609,ZWMR72DT.zip,475,
Zimbábue,ZWHH01FL.DTA,ZWHH01FL,HH,modulo_especial,Questionário domiciliar especial,01,170,ZWHH01DT.zip,21,
Zimbábue,ZWPR31FL.DTA,ZWPR31FL,PR,moradores_contexto,Moradores do domicílio e composição familiar,31,78,ZWPR31DT.zip,64,
Zimbábue,ZWPR42FL.DTA,ZWPR42FL,PR,moradores_contexto,Moradores do domicílio e composição familiar,42,163,ZWPR42DT.zip,184,
Zimbábue,ZWPR52FL.DTA,ZWPR52FL,PR,moradores_contexto,Moradores do domicílio e composição familiar,52,343,ZWPR52DT.zip,260,
Zimbábue,ZWPR52FL.DTA,ZWPR52FL,PR,moradores_contexto,Moradores do domicílio e composição familiar,52,343,ZWPR52DT.zip,260,
Zimbábue,ZWPR62FL.DTA,ZWPR62FL,PR,moradores_contexto,Moradores do domicílio e composição familiar,62,329,ZWPR62DT.zip,367,
Zimbábue,ZWPR72FL.DTA,ZWPR72FL,PR,moradores_contexto,Moradores do domicílio e composição familiar,72,392,ZWPR72DT.zip,475,
Zimbábue,ZWBR01FL.dta,ZWBR01FL,BR,gestacao_parto,"Nascimentos, gestações e histórico obstétrico",01,494,ZWBR01DT.zip,21,
Zimbábue,ZWBR31FL.dta,ZWBR31FL,BR,gestacao_parto,"Nascimentos, gestações e histórico obstétrico",31,646,ZWBR31DT.zip,64,
Zimbábue,ZWBR42FL.DTA,ZWBR42FL,BR,gestacao_parto,"Nascimentos, gestações e histórico obstétrico",42,827,ZWBR42DT.zip,184,
Zimbábue,ZWBR52FL.DTA,ZWBR52FL,BR,gestacao_parto,"Nascimentos, gestações e histórico obstétrico",52,1031,ZWBR52DT.zip,260,
Zimbábue,ZWBR62FL.DTA,ZWBR62FL,BR,gestacao_parto,"Nascimentos, gestações e histórico obstétrico",62,967,ZWBR62DT.zip,367,
Zimbábue,ZWBR72FL.DTA,ZWBR72FL,BR,gestacao_parto,"Nascimentos, gestações e histórico obstétrico",72,1114,ZWBR72DT.zip,475,
Zimbábue,ZWWI31FL.DTA,ZWWI31FL,WI,socioeconomico,Índice de riqueza e contexto socioeconômico,31,3,ZWWI31DT.zip,64,
Zimbábue,ZWwi42fl.dta,ZWWI42FL,WI,socioeconomico,Índice de riqueza e contexto socioeconômico,42,3,ZWWI42DT.zip,184,
Zimbábue,ZWIR01FL.DTA,ZWIR01FL,IR,mulher_nucleo,Entrevista individual da mulher; fonte principal,01,1589,ZWIR01DT.zip,21,
Zimbábue,ZWIR31FL.DTA,ZWIR31FL,IR,mulher_nucleo,Entrevista individual da mulher; fonte principal,31,2770,ZWIR31DT.zip,64,
Zimbábue,ZWIR42FL.DTA,ZWIR42FL,IR,mulher_nucleo,Entrevista individual da mulher; fonte principal,42,3391,ZWIR42DT.zip,184,
Zimbábue,ZWIR52FL.DTA,ZWIR52FL,IR,mulher_nucleo,Entrevista individual da mulher; fonte principal,52,4435,ZWIR52DT.zip,260,
Zimbábue,ZWIR62FL.DTA,ZWIR62FL,IR,mulher_nucleo,Entrevista individual da mulher; fonte principal,62,4354,ZWIR62DT.zip,367,
Zimbábue,ZWIR72FL.DTA,ZWIR72FL,IR,mulher_nucleo,Entrevista individual da mulher; fonte principal,72,4944,ZWIR72DT.zip,475,
Zimbábue,ZWSQ02FL.DTA,ZWSQ02FL,SQ,servicos_saude,Disponibilidade e infraestrutura de serviços,02,1238,ZWSQ02DT.zip,21,
Zimbábue,ZWSQ30FL.DTA,ZWSQ30FL,SQ,servicos_saude,Disponibilidade e infraestrutura de serviços,30,231,ZWSQ30DT.zip,64,
Zâmbia,ZMHW21FL.DTA,ZMHW21FL,HW,antropometria,"Peso, altura, anemia e medidas corporais",21,7,ZMHW21DT.zip,51,
Zâmbia,ZMHW31FL.DTA,ZMHW31FL,HW,antropometria,"Peso, altura, anemia e medidas corporais",31,7,ZMHW31DT.zip,90,
Zâmbia,ZMHW42FL.DTA,ZMHW42FL,HW,antropometria,"Peso, altura, anemia e medidas corporais",42,7,ZMHW42DT.zip,206,
Zâmbia,ZMCR31FL.DTA,ZMCR31FL,CR,casal_parceiro,Informações conjugais e do parceiro,31,1398,ZMCR31DT.zip,90,
Zâmbia,ZMCR42FL.DTA,ZMCR42FL,CR,casal_parceiro,Informações conjugais e do parceiro,42,2136,ZMCR42DT.zip,206,
Zâmbia,ZMCR51FL.DTA,ZMCR51FL,CR,casal_parceiro,Informações conjugais e do parceiro,51,2408,ZMCR51DT.zip,278,
Zâmbia,ZMCR61FL.DTA,ZMCR61FL,CR,casal_parceiro,Informações conjugais e do parceiro,61,2662,ZMCR61DT.zip,406,
Zâmbia,ZMCR71FL.DTA,ZMCR71FL,CR,casal_parceiro,Informações conjugais e do parceiro,71,2528,ZMCR71DT.zip,542,
Zâmbia,ZMCR81FL.dta,ZMCR81FL,CR,casal_parceiro,Informações conjugais e do parceiro,81,1753,ZMCR81DT.zip,610,
Zâmbia,ZMKR21FL.DTA,ZMKR21FL,KR,saude_infantil,"Saúde, nutrição e vacinação de crianças",21,587,ZMKR21DT.zip,51,
Zâmbia,ZMKR31FL.DTA,ZMKR31FL,KR,saude_infantil,"Saúde, nutrição e vacinação de crianças",31,654,ZMKR31DT.zip,90,
Zâmbia,ZMKR42FL.DTA,ZMKR42FL,KR,saude_infantil,"Saúde, nutrição e vacinação de crianças",42,1019,ZMKR42DT.zip,206,
Zâmbia,ZMKR51FL.DTA,ZMKR51FL,KR,saude_infantil,"Saúde, nutrição e vacinação de crianças",51,949,ZMKR51DT.zip,278,
Zâmbia,ZMKR61FL.DTA,ZMKR61FL,KR,saude_infantil,"Saúde, nutrição e vacinação de crianças",61,999,ZMKR61DT.zip,406,
Zâmbia,ZMKR71FL.DTA,ZMKR71FL,KR,saude_infantil,"Saúde, nutrição e vacinação de crianças",71,1135,ZMKR71DT.zip,542,
Zâmbia,ZMKR81FL.dta,ZMKR81FL,KR,saude_infantil,"Saúde, nutrição e vacinação de crianças",81,1242,ZMKR81DT.zip,610,
Zâmbia,ZMHR21FL.DTA,ZMHR21FL,HR,domicilio_contexto,"Domicílio, saneamento, bens e contexto",21,776,ZMHR21DT.zip,51,
Zâmbia,ZMHR31FL.DTA,ZMHR31FL,HR,domicilio_contexto,"Domicílio, saneamento, bens e contexto",31,671,ZMHR31DT.zip,90,
Zâmbia,ZMHR42FL.DTA,ZMHR42FL,HR,domicilio_contexto,"Domicílio, saneamento, bens e contexto",42,1818,ZMHR42DT.zip,206,
Zâmbia,ZMHR51FL.DTA,ZMHR51FL,HR,domicilio_contexto,"Domicílio, saneamento, bens e contexto",51,2637,ZMHR51DT.zip,278,
Zâmbia,ZMHR61FL.DTA,ZMHR61FL,HR,domicilio_contexto,"Domicílio, saneamento, bens e contexto",61,2689,ZMHR61DT.zip,406,
Zâmbia,ZMHR71FL.DTA,ZMHR71FL,HR,domicilio_contexto,"Domicílio, saneamento, bens e contexto",71,3300,ZMHR71DT.zip,542,
Zâmbia,ZMHR81FL.dta,ZMHR81FL,HR,domicilio_contexto,"Domicílio, saneamento, bens e contexto",81,4442,ZMHR81DT.zip,610,
Zâmbia,ZMMR31FL.DTA,ZMMR31FL,MR,casal_parceiro,Informações masculinas relacionadas ao casal,31,405,ZMMR31DT.zip,90,
Zâmbia,ZMMR41FL.DTA,ZMMR41FL,MR,casal_parceiro,Informações masculinas relacionadas ao casal,41,893,ZMMR41DT.zip,206,
Zâmbia,ZMMR51FL.DTA,ZMMR51FL,MR,casal_parceiro,Informações masculinas relacionadas ao casal,51,715,ZMMR51DT.zip,278,
Zâmbia,ZMMR61FL.DTA,ZMMR61FL,MR,casal_parceiro,Informações masculinas relacionadas ao casal,61,867,ZMMR61DT.zip,406,
Zâmbia,ZMMR71FL.DTA,ZMMR71FL,MR,casal_parceiro,Informações masculinas relacionadas ao casal,71,607,ZMMR71DT.zip,542,
Zâmbia,ZMMR81FL.dta,ZMMR81FL,MR,casal_parceiro,Informações masculinas relacionadas ao casal,81,607,ZMMR81DT.zip,610,
Zâmbia,ZMPR21FL.DTA,ZMPR21FL,PR,moradores_contexto,Moradores do domicílio e composição familiar,21,73,ZMPR21DT.zip,51,
Zâmbia,ZMPR31FL.DTA,ZMPR31FL,PR,moradores_contexto,Moradores do domicílio e composição familiar,31,82,ZMPR31DT.zip,90,
Zâmbia,ZMPR43FL.DTA,ZMPR43FL,PR,moradores_contexto,Moradores do domicílio e composição familiar,43,229,ZMPR43DT.zip,206,
Zâmbia,ZMPR51FL.DTA,ZMPR51FL,PR,moradores_contexto,Moradores do domicílio e composição familiar,51,374,ZMPR51DT.zip,278,
Zâmbia,ZMPR61FL.DTA,ZMPR61FL,PR,moradores_contexto,Moradores do domicílio e composição familiar,61,379,ZMPR61DT.zip,406,
Zâmbia,ZMPR71FL.DTA,ZMPR71FL,PR,moradores_contexto,Moradores do domicílio e composição familiar,71,384,ZMPR71DT.zip,542,
Zâmbia,ZMPR81FL.dta,ZMPR81FL,PR,moradores_contexto,Moradores do domicílio e composição familiar,81,463,ZMPR81DT.zip,610,
Zâmbia,ZMBR21FL.dta,ZMBR21FL,BR,gestacao_parto,"Nascimentos, gestações e histórico obstétrico",21,586,ZMBR21DT.zip,51,
Zâmbia,ZMBR31FL.dta,ZMBR31FL,BR,gestacao_parto,"Nascimentos, gestações e histórico obstétrico",31,653,ZMBR31DT.zip,90,
Zâmbia,ZMBR42FL.dta,ZMBR42FL,BR,gestacao_parto,"Nascimentos, gestações e histórico obstétrico",42,1019,ZMBR42DT.zip,206,
Zâmbia,ZMBR51FL.DTA,ZMBR51FL,BR,gestacao_parto,"Nascimentos, gestações e histórico obstétrico",51,949,ZMBR51DT.zip,278,
Zâmbia,ZMBR61FL.DTA,ZMBR61FL,BR,gestacao_parto,"Nascimentos, gestações e histórico obstétrico",61,999,ZMBR61DT.zip,406,
Zâmbia,ZMBR71FL.DTA,ZMBR71FL,BR,gestacao_parto,"Nascimentos, gestações e histórico obstétrico",71,1135,ZMBR71DT.zip,542,
Zâmbia,ZMBR81FL.dta,ZMBR81FL,BR,gestacao_parto,"Nascimentos, gestações e histórico obstétrico",81,1242,ZMBR81DT.zip,610,
Zâmbia,ZMWI31FL.DTA,ZMWI31FL,WI,socioeconomico,Índice de riqueza e contexto socioeconômico,31,3,ZMWI31DT.zip,90,
Zâmbia,ZMWI41FL.DTA,ZMWI41FL,WI,socioeconomico,Índice de riqueza e contexto socioeconômico,41,3,ZMWI41DT.zip,206,
Zâmbia,ZMIR21FL.DTA,ZMIR21FL,IR,mulher_nucleo,Entrevista individual da mulher; fonte principal,21,2013,ZMIR21DT.zip,51,
Zâmbia,ZMIR31FL.DTA,ZMIR31FL,IR,mulher_nucleo,Entrevista individual da mulher; fonte principal,31,2827,ZMIR31DT.zip,90,
Zâmbia,ZMIR42FL.DTA,ZMIR42FL,IR,mulher_nucleo,Entrevista individual da mulher; fonte principal,42,3985,ZMIR42DT.zip,206,
Zâmbia,ZMIR51FL.DTA,ZMIR51FL,IR,mulher_nucleo,Entrevista individual da mulher; fonte principal,51,4278,ZMIR51DT.zip,278,
Zâmbia,ZMIR61FL.DTA,ZMIR61FL,IR,mulher_nucleo,Entrevista individual da mulher; fonte principal,61,4268,ZMIR61DT.zip,406,
Zâmbia,ZMIR71FL.DTA,ZMIR71FL,IR,mulher_nucleo,Entrevista individual da mulher; fonte principal,71,5036,ZMIR71DT.zip,542,
Zâmbia,ZMIR81FL.dta,ZMIR81FL,IR,mulher_nucleo,Entrevista individual da mulher; fonte principal,81,6140,ZMIR81DT.zip,610,
África do Sul,ZACR71FL.DTA,ZACR71FL,CR,casal_parceiro,Informações conjugais e do parceiro,71,2048,ZACR71DT.zip,390,
África do Sul,ZAKR31FL.DTA,ZAKR31FL,KR,saude_infantil,"Saúde, nutrição e vacinação de crianças",31,746,ZAKR31DT.zip,113,
África do Sul,ZAKR71FL.DTA,ZAKR71FL,KR,saude_infantil,"Saúde, nutrição e vacinação de crianças",71,1040,ZAKR71DT.zip,390,
África do Sul,ZAHR31FL.DTA,ZAHR31FL,HR,domicilio_contexto,"Domicílio, saneamento, bens e contexto",31,839,ZAHR31DT.zip,113,
África do Sul,ZAHR71FL.DTA,ZAHR71FL,HR,domicilio_contexto,"Domicílio, saneamento, bens e contexto",71,6148,ZAHR71DT.zip,390,
África do Sul,ZAMR71FL.DTA,ZAMR71FL,MR,casal_parceiro,Informações masculinas relacionadas ao casal,71,577,ZAMR71DT.zip,390,
África do Sul,ZAPR31FL.DTA,ZAPR31FL,PR,moradores_contexto,Moradores do domicílio e composição familiar,31,111,ZAPR31DT.zip,113,
África do Sul,ZAPR71FL.DTA,ZAPR71FL,PR,moradores_contexto,Moradores do domicílio e composição familiar,71,441,ZAPR71DT.zip,390,
África do Sul,ZABR31FL.dta,ZABR31FL,BR,gestacao_parto,"Nascimentos, gestações e histórico obstétrico",31,746,ZABR31DT.zip,113,
África do Sul,ZABR71FL.DTA,ZABR71FL,BR,gestacao_parto,"Nascimentos, gestações e histórico obstétrico",71,1040,ZABR71DT.zip,390,
África do Sul,ZADV71FL.DTA,ZADV71FL,DV,violencia_genero,Módulo de violência doméstica,71,306,,,
África do Sul,ZAWI31FL.DTA,ZAWI31FL,WI,socioeconomico,Índice de riqueza e contexto socioeconômico,31,3,ZAWI31DT.zip,113,
África do Sul,ZAIR31FL.DTA,ZAIR31FL,IR,mulher_nucleo,Entrevista individual da mulher; fonte principal,31,3252,ZAIR31DT.zip,113,
África do Sul,ZAIR71FL.DTA,ZAIR71FL,IR,mulher_nucleo,Entrevista individual da mulher; fonte principal,71,4694,ZAIR71DT.zip,390,
África do Sul (Histórico/Outro),OSHW01FL.DTA,OSHW01FL,HW,antropometria,"Peso, altura, anemia e medidas corporais",01,7,OSHW01DT.zip,8,
África do Sul (Histórico/Outro),OSKR01FL.DTA,OSKR01FL,KR,saude_infantil,"Saúde, nutrição e vacinação de crianças",01,386,OSKR01DT.zip,8,
África do Sul (Histórico/Outro),OSHH01FL.DTA,OSHH01FL,HH,modulo_especial,Questionário domiciliar especial,01,308,OSHH01DT.zip,8,
África do Sul (Histórico/Outro),OSBR01FL.dta,OSBR01FL,BR,gestacao_parto,"Nascimentos, gestações e histórico obstétrico",01,375,OSBR01DT.zip,8,
África do Sul (Histórico/Outro),OSIR01FL.DTA,OSIR01FL,IR,mulher_nucleo,Entrevista individual da mulher; fonte principal,01,1382,OSIR01DT.zip,8,
