filename,country_code,country_name,recode_code,recode_name,recode_description,category_folder,phase_version,format,surv_id,url,relative_path
AOBR62DT.zip,AO,Angola,BR,Nascimentos (Births Recode),"Histórico de nascimentos das mulheres entrevistadas, partos, peso ao nascer e mortalidade infantil.",Nascimentos_BR,62,Stata (.dta),395,https://dhsprogram.com/customcf/legacy/data/download_dataset.cfm?Filename=AOBR62DT.zip&Tp=1&Ctry_Code=AO&surv_id=395&dm=1&dmode=nm,Angola/Nascimentos_BR/AOBR62DT.zip
AOBR71DT.zip,AO,Angola,BR,Nascimentos (Births Recode),"Histórico de nascimentos das mulheres entrevistadas, partos, peso ao nascer e mortalidade infantil.",Nascimentos_BR,71,Stata (.dta),477,https://dhsprogram.com/customcf/legacy/data/download_dataset.cfm?Filename=AOBR71DT.zip&Tp=1&Ctry_Code=AO&surv_id=477&dm=1&dmode=nm,Angola/Nascimentos_BR/AOBR71DT.zip
AOBR81DT.zip,AO,Angola,BR,Nascimentos (Births Recode),"Histórico de nascimentos das mulheres entrevistadas, partos, peso ao nascer e mortalidade infantil.",Nascimentos_BR,81,Stata (.dta),569,https://dhsprogram.com/customcf/legacy/data/download_dataset.cfm?Filename=AOBR81DT.zip&Tp=1&Ctry_Code=AO&surv_id=569&dm=1&dmode=nm,Angola/Nascimentos_BR/AOBR81DT.zip
AOCR71DT.zip,AO,Angola,CR,Casais (Couples Recode),Dados conjuntos de casais casados ou vivendo em união estável.,Casais_CR,71,Stata (.dta),477,https://dhsprogram.com/customcf/legacy/data/download_dataset.cfm?Filename=AOCR71DT.zip&Tp=1&Ctry_Code=AO&surv_id=477&dm=1&dmode=nm,Angola/Casais_CR/AOCR71DT.zip
AOCR81DT.zip,AO,Angola,CR,Casais (Couples Recode),Dados conjuntos de casais casados ou vivendo em união estável.,Casais_CR,81,Stata (.dta),569,https://dhsprogram.com/customcf/legacy/data/download_dataset.cfm?Filename=AOCR81DT.zip&Tp=1&Ctry_Code=AO&surv_id=569&dm=1&dmode=nm,Angola/Casais_CR/AOCR81DT.zip
AOHR51DT.zip,AO,Angola,HR,Domicílios (Household Recode),"Características do domicílio, saneamento básico, fontes de água, bens e bens duráveis.",Domicilios_HR,51,Stata (.dta),282,https://dhsprogram.com/customcf/legacy/data/download_dataset.cfm?Filename=AOHR51DT.zip&Tp=1&Ctry_Code=AO&surv_id=282&dm=1&dmode=nm,Angola/Domicilios_HR/AOHR51DT.zip
AOHR62DT.zip,AO,Angola,HR,Domicílios (Household Recode),"Características do domicílio, saneamento básico, fontes de água, bens e bens duráveis.",Domicilios_HR,62,Stata (.dta),395,https://dhsprogram.com/customcf/legacy/data/download_dataset.cfm?Filename=AOHR62DT.zip&Tp=1&Ctry_Code=AO&surv_id=395&dm=1&dmode=nm,Angola/Domicilios_HR/AOHR62DT.zip
AOHR71DT.zip,AO,Angola,HR,Domicílios (Household Recode),"Características do domicílio, saneamento básico, fontes de água, bens e bens duráveis.",Domicilios_HR,71,Stata (.dta),477,https://dhsprogram.com/customcf/legacy/data/download_dataset.cfm?Filename=AOHR71DT.zip&Tp=1&Ctry_Code=AO&surv_id=477&dm=1&dmode=nm,Angola/Domicilios_HR/AOHR71DT.zip
AOHR81DT.zip,AO,Angola,HR,Domicílios (Household Recode),"Características do domicílio, saneamento básico, fontes de água, bens e bens duráveis.",Domicilios_HR,81,Stata (.dta),569,https://dhsprogram.com/customcf/legacy/data/download_dataset.cfm?Filename=AOHR81DT.zip&Tp=1&Ctry_Code=AO&surv_id=569&dm=1&dmode=nm,Angola/Domicilios_HR/AOHR81DT.zip
AOIR51DT.zip,AO,Angola,IR,Mulheres (Individual Recode),"Dados individuais de mulheres (15-49 anos). Inclui saúde reprodutiva, maternidade, pré-natal, etc. [BÔNUS SAÚDE DA MULHER]",Saude_da_Mulher_IR,51,Stata (.dta),282,https://dhsprogram.com/customcf/legacy/data/download_dataset.cfm?Filename=AOIR51DT.zip&Tp=1&Ctry_Code=AO&surv_id=282&dm=1&dmode=nm,Angola/Saude_da_Mulher_IR/AOIR51DT.zip
AOIR62DT.zip,AO,Angola,IR,Mulheres (Individual Recode),"Dados individuais de mulheres (15-49 anos). Inclui saúde reprodutiva, maternidade, pré-natal, etc. [BÔNUS SAÚDE DA MULHER]",Saude_da_Mulher_IR,62,Stata (.dta),395,https://dhsprogram.com/customcf/legacy/data/download_dataset.cfm?Filename=AOIR62DT.zip&Tp=1&Ctry_Code=AO&surv_id=395&dm=1&dmode=nm,Angola/Saude_da_Mulher_IR/AOIR62DT.zip
AOIR71DT.zip,AO,Angola,IR,Mulheres (Individual Recode),"Dados individuais de mulheres (15-49 anos). Inclui saúde reprodutiva, maternidade, pré-natal, etc. [BÔNUS SAÚDE DA MULHER]",Saude_da_Mulher_IR,71,Stata (.dta),477,https://dhsprogram.com/customcf/legacy/data/download_dataset.cfm?Filename=AOIR71DT.zip&Tp=1&Ctry_Code=AO&surv_id=477&dm=1&dmode=nm,Angola/Saude_da_Mulher_IR/AOIR71DT.zip
AOIR81DT.zip,AO,Angola,IR,Mulheres (Individual Recode),"Dados individuais de mulheres (15-49 anos). Inclui saúde reprodutiva, maternidade, pré-natal, etc. [BÔNUS SAÚDE DA MULHER]",Saude_da_Mulher_IR,81,Stata (.dta),569,https://dhsprogram.com/customcf/legacy/data/download_dataset.cfm?Filename=AOIR81DT.zip&Tp=1&Ctry_Code=AO&surv_id=569&dm=1&dmode=nm,Angola/Saude_da_Mulher_IR/AOIR81DT.zip
AOKR51DT.zip,AO,Angola,KR,Crianças (Children's Recode),"Crianças menores de 5 anos de idade, vacinação, nutrição, amamentação e episódios de doenças.",Criancas_KR,51,Stata (.dta),282,https://dhsprogram.com/customcf/legacy/data/download_dataset.cfm?Filename=AOKR51DT.zip&Tp=1&Ctry_Code=AO&surv_id=282&dm=1&dmode=nm,Angola/Criancas_KR/AOKR51DT.zip
AOKR62DT.zip,AO,Angola,KR,Crianças (Children's Recode),"Crianças menores de 5 anos de idade, vacinação, nutrição, amamentação e episódios de doenças.",Criancas_KR,62,Stata (.dta),395,https://dhsprogram.com/customcf/legacy/data/download_dataset.cfm?Filename=AOKR62DT.zip&Tp=1&Ctry_Code=AO&surv_id=395&dm=1&dmode=nm,Angola/Criancas_KR/AOKR62DT.zip
AOKR71DT.zip,AO,Angola,KR,Crianças (Children's Recode),"Crianças menores de 5 anos de idade, vacinação, nutrição, amamentação e episódios de doenças.",Criancas_KR,71,Stata (.dta),477,https://dhsprogram.com/customcf/legacy/data/download_dataset.cfm?Filename=AOKR71DT.zip&Tp=1&Ctry_Code=AO&surv_id=477&dm=1&dmode=nm,Angola/Criancas_KR/AOKR71DT.zip
AOKR81DT.zip,AO,Angola,KR,Crianças (Children's Recode),"Crianças menores de 5 anos de idade, vacinação, nutrição, amamentação e episódios de doenças.",Criancas_KR,81,Stata (.dta),569,https://dhsprogram.com/customcf/legacy/data/download_dataset.cfm?Filename=AOKR81DT.zip&Tp=1&Ctry_Code=AO&surv_id=569&dm=1&dmode=nm,Angola/Criancas_KR/AOKR81DT.zip
AOMR71DT.zip,AO,Angola,MR,Homens (Men's Recode),"Dados individuais de homens (15-49/59 anos), trabalho, saúde e conhecimentos reprodutivos.",Homens_MR,71,Stata (.dta),477,https://dhsprogram.com/customcf/legacy/data/download_dataset.cfm?Filename=AOMR71DT.zip&Tp=1&Ctry_Code=AO&surv_id=477&dm=1&dmode=nm,Angola/Homens_MR/AOMR71DT.zip
AOMR81DT.zip,AO,Angola,MR,Homens (Men's Recode),"Dados individuais de homens (15-49/59 anos), trabalho, saúde e conhecimentos reprodutivos.",Homens_MR,81,Stata (.dta),569,https://dhsprogram.com/customcf/legacy/data/download_dataset.cfm?Filename=AOMR81DT.zip&Tp=1&Ctry_Code=AO&surv_id=569&dm=1&dmode=nm,Angola/Homens_MR/AOMR81DT.zip
AOPR51DT.zip,AO,Angola,PR,Moradores (Household Member Recode),"Informações demográficas de todos os moradores do domicílio (idade, sexo, educação).",Moradores_PR,51,Stata (.dta),282,https://dhsprogram.com/customcf/legacy/data/download_dataset.cfm?Filename=AOPR51DT.zip&Tp=1&Ctry_Code=AO&surv_id=282&dm=1&dmode=nm,Angola/Moradores_PR/AOPR51DT.zip
AOPR62DT.zip,AO,Angola,PR,Moradores (Household Member Recode),"Informações demográficas de todos os moradores do domicílio (idade, sexo, educação).",Moradores_PR,62,Stata (.dta),395,https://dhsprogram.com/customcf/legacy/data/download_dataset.cfm?Filename=AOPR62DT.zip&Tp=1&Ctry_Code=AO&surv_id=395&dm=1&dmode=nm,Angola/Moradores_PR/AOPR62DT.zip
AOPR71DT.zip,AO,Angola,PR,Moradores (Household Member Recode),"Informações demográficas de todos os moradores do domicílio (idade, sexo, educação).",Moradores_PR,71,Stata (.dta),477,https://dhsprogram.com/customcf/legacy/data/download_dataset.cfm?Filename=AOPR71DT.zip&Tp=1&Ctry_Code=AO&surv_id=477&dm=1&dmode=nm,Angola/Moradores_PR/AOPR71DT.zip
AOPR81DT.zip,AO,Angola,PR,Moradores (Household Member Recode),"Informações demográficas de todos os moradores do domicílio (idade, sexo, educação).",Moradores_PR,81,Stata (.dta),569,https://dhsprogram.com/customcf/legacy/data/download_dataset.cfm?Filename=AOPR81DT.zip&Tp=1&Ctry_Code=AO&surv_id=569&dm=1&dmode=nm,Angola/Moradores_PR/AOPR81DT.zip
BJBR31DT.zip,BJ,Benin,BR,Nascimentos (Births Recode),"Histórico de nascimentos das mulheres entrevistadas, partos, peso ao nascer e mortalidade infantil.",Nascimentos_BR,31,Stata (.dta),87,https://dhsprogram.com/customcf/legacy/data/download_dataset.cfm?Filename=BJBR31DT.zip&Tp=1&Ctry_Code=BJ&surv_id=87&dm=1&dmode=nm,Benin/Nascimentos_BR/BJBR31DT.zip
BJBR41DT.zip,BJ,Benin,BR,Nascimentos (Births Recode),"Histórico de nascimentos das mulheres entrevistadas, partos, peso ao nascer e mortalidade infantil.",Nascimentos_BR,41,Stata (.dta),211,https://dhsprogram.com/customcf/legacy/data/download_dataset.cfm?Filename=BJBR41DT.zip&Tp=1&Ctry_Code=BJ&surv_id=211&dm=1&dmode=nm,Benin/Nascimentos_BR/BJBR41DT.zip
BJBR51DT.zip,BJ,Benin,BR,Nascimentos (Births Recode),"Histórico de nascimentos das mulheres entrevistadas, partos, peso ao nascer e mortalidade infantil.",Nascimentos_BR,51,Stata (.dta),289,https://dhsprogram.com/customcf/legacy/data/download_dataset.cfm?Filename=BJBR51DT.zip&Tp=1&Ctry_Code=BJ&surv_id=289&dm=1&dmode=nm,Benin/Nascimentos_BR/BJBR51DT.zip
BJBR61DT.zip,BJ,Benin,BR,Nascimentos (Births Recode),"Histórico de nascimentos das mulheres entrevistadas, partos, peso ao nascer e mortalidade infantil.",Nascimentos_BR,61,Stata (.dta),420,https://dhsprogram.com/customcf/legacy/data/download_dataset.cfm?Filename=BJBR61DT.zip&Tp=1&Ctry_Code=BJ&surv_id=420&dm=1&dmode=nm,Benin/Nascimentos_BR/BJBR61DT.zip
BJBR71DT.zip,BJ,Benin,BR,Nascimentos (Births Recode),"Histórico de nascimentos das mulheres entrevistadas, partos, peso ao nascer e mortalidade infantil.",Nascimentos_BR,71,Stata (.dta),491,https://dhsprogram.com/customcf/legacy/data/download_dataset.cfm?Filename=BJBR71DT.zip&Tp=1&Ctry_Code=BJ&surv_id=491&dm=1&dmode=nm,Benin/Nascimentos_BR/BJBR71DT.zip
BJCR31DT.zip,BJ,Benin,CR,Casais (Couples Recode),Dados conjuntos de casais casados ou vivendo em união estável.,Casais_CR,31,Stata (.dta),87,https://dhsprogram.com/customcf/legacy/data/download_dataset.cfm?Filename=BJCR31DT.zip&Tp=1&Ctry_Code=BJ&surv_id=87&dm=1&dmode=nm,Benin/Casais_CR/BJCR31DT.zip
BJCR41DT.zip,BJ,Benin,CR,Casais (Couples Recode),Dados conjuntos de casais casados ou vivendo em união estável.,Casais_CR,41,Stata (.dta),211,https://dhsprogram.com/customcf/legacy/data/download_dataset.cfm?Filename=BJCR41DT.zip&Tp=1&Ctry_Code=BJ&surv_id=211&dm=1&dmode=nm,Benin/Casais_CR/BJCR41DT.zip
BJCR51DT.zip,BJ,Benin,CR,Casais (Couples Recode),Dados conjuntos de casais casados ou vivendo em união estável.,Casais_CR,51,Stata (.dta),289,https://dhsprogram.com/customcf/legacy/data/download_dataset.cfm?Filename=BJCR51DT.zip&Tp=1&Ctry_Code=BJ&surv_id=289&dm=1&dmode=nm,Benin/Casais_CR/BJCR51DT.zip
BJCR61DT.zip,BJ,Benin,CR,Casais (Couples Recode),Dados conjuntos de casais casados ou vivendo em união estável.,Casais_CR,61,Stata (.dta),420,https://dhsprogram.com/customcf/legacy/data/download_dataset.cfm?Filename=BJCR61DT.zip&Tp=1&Ctry_Code=BJ&surv_id=420&dm=1&dmode=nm,Benin/Casais_CR/BJCR61DT.zip
BJCR71DT.zip,BJ,Benin,CR,Casais (Couples Recode),Dados conjuntos de casais casados ou vivendo em união estável.,Casais_CR,71,Stata (.dta),491,https://dhsprogram.com/customcf/legacy/data/download_dataset.cfm?Filename=BJCR71DT.zip&Tp=1&Ctry_Code=BJ&surv_id=491&dm=1&dmode=nm,Benin/Casais_CR/BJCR71DT.zip
BJHR31DT.zip,BJ,Benin,HR,Domicílios (Household Recode),"Características do domicílio, saneamento básico, fontes de água, bens e bens duráveis.",Domicilios_HR,31,Stata (.dta),87,https://dhsprogram.com/customcf/legacy/data/download_dataset.cfm?Filename=BJHR31DT.zip&Tp=1&Ctry_Code=BJ&surv_id=87&dm=1&dmode=nm,Benin/Domicilios_HR/BJHR31DT.zip
BJHR41DT.zip,BJ,Benin,HR,Domicílios (Household Recode),"Características do domicílio, saneamento básico, fontes de água, bens e bens duráveis.",Domicilios_HR,41,Stata (.dta),211,https://dhsprogram.com/customcf/legacy/data/download_dataset.cfm?Filename=BJHR41DT.zip&Tp=1&Ctry_Code=BJ&surv_id=211&dm=1&dmode=nm,Benin/Domicilios_HR/BJHR41DT.zip
BJHR51DT.zip,BJ,Benin,HR,Domicílios (Household Recode),"Características do domicílio, saneamento básico, fontes de água, bens e bens duráveis.",Domicilios_HR,51,Stata (.dta),289,https://dhsprogram.com/customcf/legacy/data/download_dataset.cfm?Filename=BJHR51DT.zip&Tp=1&Ctry_Code=BJ&surv_id=289&dm=1&dmode=nm,Benin/Domicilios_HR/BJHR51DT.zip
BJHR61DT.zip,BJ,Benin,HR,Domicílios (Household Recode),"Características do domicílio, saneamento básico, fontes de água, bens e bens duráveis.",Domicilios_HR,61,Stata (.dta),420,https://dhsprogram.com/customcf/legacy/data/download_dataset.cfm?Filename=BJHR61DT.zip&Tp=1&Ctry_Code=BJ&surv_id=420&dm=1&dmode=nm,Benin/Domicilios_HR/BJHR61DT.zip
BJHR71DT.zip,BJ,Benin,HR,Domicílios (Household Recode),"Características do domicílio, saneamento básico, fontes de água, bens e bens duráveis.",Domicilios_HR,71,Stata (.dta),491,https://dhsprogram.com/customcf/legacy/data/download_dataset.cfm?Filename=BJHR71DT.zip&Tp=1&Ctry_Code=BJ&surv_id=491&dm=1&dmode=nm,Benin/Domicilios_HR/BJHR71DT.zip
BJHW31DT.zip,BJ,Benin,HW,Antropometria (Height and Weight),"Medições de altura, peso e escores nutricionais de mães e crianças.",Antropometria_HW,31,Stata (.dta),87,https://dhsprogram.com/customcf/legacy/data/download_dataset.cfm?Filename=BJHW31DT.zip&Tp=1&Ctry_Code=BJ&surv_id=87&dm=1&dmode=nm,Benin/Antropometria_HW/BJHW31DT.zip
BJHW41DT.zip,BJ,Benin,HW,Antropometria (Height and Weight),"Medições de altura, peso e escores nutricionais de mães e crianças.",Antropometria_HW,41,Stata (.dta),211,https://dhsprogram.com/customcf/legacy/data/download_dataset.cfm?Filename=BJHW41DT.zip&Tp=1&Ctry_Code=BJ&surv_id=211&dm=1&dmode=nm,Benin/Antropometria_HW/BJHW41DT.zip
BJIR31DT.zip,BJ,Benin,IR,Mulheres (Individual Recode),"Dados individuais de mulheres (15-49 anos). Inclui saúde reprodutiva, maternidade, pré-natal, etc. [BÔNUS SAÚDE DA MULHER]",Saude_da_Mulher_IR,31,Stata (.dta),87,https://dhsprogram.com/customcf/legacy/data/download_dataset.cfm?Filename=BJIR31DT.zip&Tp=1&Ctry_Code=BJ&surv_id=87&dm=1&dmode=nm,Benin/Saude_da_Mulher_IR/BJIR31DT.zip
BJIR41DT.zip,BJ,Benin,IR,Mulheres (Individual Recode),"Dados individuais de mulheres (15-49 anos). Inclui saúde reprodutiva, maternidade, pré-natal, etc. [BÔNUS SAÚDE DA MULHER]",Saude_da_Mulher_IR,41,Stata (.dta),211,https://dhsprogram.com/customcf/legacy/data/download_dataset.cfm?Filename=BJIR41DT.zip&Tp=1&Ctry_Code=BJ&surv_id=211&dm=1&dmode=nm,Benin/Saude_da_Mulher_IR/BJIR41DT.zip
BJIR51DT.zip,BJ,Benin,IR,Mulheres (Individual Recode),"Dados individuais de mulheres (15-49 anos). Inclui saúde reprodutiva, maternidade, pré-natal, etc. [BÔNUS SAÚDE DA MULHER]",Saude_da_Mulher_IR,51,Stata (.dta),289,https://dhsprogram.com/customcf/legacy/data/download_dataset.cfm?Filename=BJIR51DT.zip&Tp=1&Ctry_Code=BJ&surv_id=289&dm=1&dmode=nm,Benin/Saude_da_Mulher_IR/BJIR51DT.zip
BJIR61DT.zip,BJ,Benin,IR,Mulheres (Individual Recode),"Dados individuais de mulheres (15-49 anos). Inclui saúde reprodutiva, maternidade, pré-natal, etc. [BÔNUS SAÚDE DA MULHER]",Saude_da_Mulher_IR,61,Stata (.dta),420,https://dhsprogram.com/customcf/legacy/data/download_dataset.cfm?Filename=BJIR61DT.zip&Tp=1&Ctry_Code=BJ&surv_id=420&dm=1&dmode=nm,Benin/Saude_da_Mulher_IR/BJIR61DT.zip
BJIR71DT.zip,BJ,Benin,IR,Mulheres (Individual Recode),"Dados individuais de mulheres (15-49 anos). Inclui saúde reprodutiva, maternidade, pré-natal, etc. [BÔNUS SAÚDE DA MULHER]",Saude_da_Mulher_IR,71,Stata (.dta),491,https://dhsprogram.com/customcf/legacy/data/download_dataset.cfm?Filename=BJIR71DT.zip&Tp=1&Ctry_Code=BJ&surv_id=491&dm=1&dmode=nm,Benin/Saude_da_Mulher_IR/BJIR71DT.zip
BJKR31DT.zip,BJ,Benin,KR,Crianças (Children's Recode),"Crianças menores de 5 anos de idade, vacinação, nutrição, amamentação e episódios de doenças.",Criancas_KR,31,Stata (.dta),87,https://dhsprogram.com/customcf/legacy/data/download_dataset.cfm?Filename=BJKR31DT.zip&Tp=1&Ctry_Code=BJ&surv_id=87&dm=1&dmode=nm,Benin/Criancas_KR/BJKR31DT.zip
BJKR41DT.zip,BJ,Benin,KR,Crianças (Children's Recode),"Crianças menores de 5 anos de idade, vacinação, nutrição, amamentação e episódios de doenças.",Criancas_KR,41,Stata (.dta),211,https://dhsprogram.com/customcf/legacy/data/download_dataset.cfm?Filename=BJKR41DT.zip&Tp=1&Ctry_Code=BJ&surv_id=211&dm=1&dmode=nm,Benin/Criancas_KR/BJKR41DT.zip
BJKR51DT.zip,BJ,Benin,KR,Crianças (Children's Recode),"Crianças menores de 5 anos de idade, vacinação, nutrição, amamentação e episódios de doenças.",Criancas_KR,51,Stata (.dta),289,https://dhsprogram.com/customcf/legacy/data/download_dataset.cfm?Filename=BJKR51DT.zip&Tp=1&Ctry_Code=BJ&surv_id=289&dm=1&dmode=nm,Benin/Criancas_KR/BJKR51DT.zip
BJKR61DT.zip,BJ,Benin,KR,Crianças (Children's Recode),"Crianças menores de 5 anos de idade, vacinação, nutrição, amamentação e episódios de doenças.",Criancas_KR,61,Stata (.dta),420,https://dhsprogram.com/customcf/legacy/data/download_dataset.cfm?Filename=BJKR61DT.zip&Tp=1&Ctry_Code=BJ&surv_id=420&dm=1&dmode=nm,Benin/Criancas_KR/BJKR61DT.zip
BJKR71DT.zip,BJ,Benin,KR,Crianças (Children's Recode),"Crianças menores de 5 anos de idade, vacinação, nutrição, amamentação e episódios de doenças.",Criancas_KR,71,Stata (.dta),491,https://dhsprogram.com/customcf/legacy/data/download_dataset.cfm?Filename=BJKR71DT.zip&Tp=1&Ctry_Code=BJ&surv_id=491&dm=1&dmode=nm,Benin/Criancas_KR/BJKR71DT.zip
BJMR31DT.zip,BJ,Benin,MR,Homens (Men's Recode),"Dados individuais de homens (15-49/59 anos), trabalho, saúde e conhecimentos reprodutivos.",Homens_MR,31,Stata (.dta),87,https://dhsprogram.com/customcf/legacy/data/download_dataset.cfm?Filename=BJMR31DT.zip&Tp=1&Ctry_Code=BJ&surv_id=87&dm=1&dmode=nm,Benin/Homens_MR/BJMR31DT.zip
BJMR41DT.zip,BJ,Benin,MR,Homens (Men's Recode),"Dados individuais de homens (15-49/59 anos), trabalho, saúde e conhecimentos reprodutivos.",Homens_MR,41,Stata (.dta),211,https://dhsprogram.com/customcf/legacy/data/download_dataset.cfm?Filename=BJMR41DT.zip&Tp=1&Ctry_Code=BJ&surv_id=211&dm=1&dmode=nm,Benin/Homens_MR/BJMR41DT.zip
BJMR51DT.zip,BJ,Benin,MR,Homens (Men's Recode),"Dados individuais de homens (15-49/59 anos), trabalho, saúde e conhecimentos reprodutivos.",Homens_MR,51,Stata (.dta),289,https://dhsprogram.com/customcf/legacy/data/download_dataset.cfm?Filename=BJMR51DT.zip&Tp=1&Ctry_Code=BJ&surv_id=289&dm=1&dmode=nm,Benin/Homens_MR/BJMR51DT.zip
BJMR61DT.zip,BJ,Benin,MR,Homens (Men's Recode),"Dados individuais de homens (15-49/59 anos), trabalho, saúde e conhecimentos reprodutivos.",Homens_MR,61,Stata (.dta),420,https://dhsprogram.com/customcf/legacy/data/download_dataset.cfm?Filename=BJMR61DT.zip&Tp=1&Ctry_Code=BJ&surv_id=420&dm=1&dmode=nm,Benin/Homens_MR/BJMR61DT.zip
BJMR71DT.zip,BJ,Benin,MR,Homens (Men's Recode),"Dados individuais de homens (15-49/59 anos), trabalho, saúde e conhecimentos reprodutivos.",Homens_MR,71,Stata (.dta),491,https://dhsprogram.com/customcf/legacy/data/download_dataset.cfm?Filename=BJMR71DT.zip&Tp=1&Ctry_Code=BJ&surv_id=491&dm=1&dmode=nm,Benin/Homens_MR/BJMR71DT.zip
BJPR31DT.zip,BJ,Benin,PR,Moradores (Household Member Recode),"Informações demográficas de todos os moradores do domicílio (idade, sexo, educação).",Moradores_PR,31,Stata (.dta),87,https://dhsprogram.com/customcf/legacy/data/download_dataset.cfm?Filename=BJPR31DT.zip&Tp=1&Ctry_Code=BJ&surv_id=87&dm=1&dmode=nm,Benin/Moradores_PR/BJPR31DT.zip
BJPR41DT.zip,BJ,Benin,PR,Moradores (Household Member Recode),"Informações demográficas de todos os moradores do domicílio (idade, sexo, educação).",Moradores_PR,41,Stata (.dta),211,https://dhsprogram.com/customcf/legacy/data/download_dataset.cfm?Filename=BJPR41DT.zip&Tp=1&Ctry_Code=BJ&surv_id=211&dm=1&dmode=nm,Benin/Moradores_PR/BJPR41DT.zip
BJPR51DT.zip,BJ,Benin,PR,Moradores (Household Member Recode),"Informações demográficas de todos os moradores do domicílio (idade, sexo, educação).",Moradores_PR,51,Stata (.dta),289,https://dhsprogram.com/customcf/legacy/data/download_dataset.cfm?Filename=BJPR51DT.zip&Tp=1&Ctry_Code=BJ&surv_id=289&dm=1&dmode=nm,Benin/Moradores_PR/BJPR51DT.zip
BJPR61DT.zip,BJ,Benin,PR,Moradores (Household Member Recode),"Informações demográficas de todos os moradores do domicílio (idade, sexo, educação).",Moradores_PR,61,Stata (.dta),420,https://dhsprogram.com/customcf/legacy/data/download_dataset.cfm?Filename=BJPR61DT.zip&Tp=1&Ctry_Code=BJ&surv_id=420&dm=1&dmode=nm,Benin/Moradores_PR/BJPR61DT.zip
BJPR71DT.zip,BJ,Benin,PR,Moradores (Household Member Recode),"Informações demográficas de todos os moradores do domicílio (idade, sexo, educação).",Moradores_PR,71,Stata (.dta),491,https://dhsprogram.com/customcf/legacy/data/download_dataset.cfm?Filename=BJPR71DT.zip&Tp=1&Ctry_Code=BJ&surv_id=491&dm=1&dmode=nm,Benin/Moradores_PR/BJPR71DT.zip
BJSQ38DT.zip,BJ,Benin,SQ,Serviços de Saúde (Service Questionnaire),Disponibilidade e infraestrutura dos serviços de saúde comunitários.,Servicos_Saude_SQ,38,Stata (.dta),87,https://dhsprogram.com/customcf/legacy/data/download_dataset.cfm?Filename=BJSQ38DT.zip&Tp=1&Ctry_Code=BJ&surv_id=87&dm=1&dmode=nm,Benin/Servicos_Saude_SQ/BJSQ38DT.zip
BJSQ41DT.zip,BJ,Benin,SQ,Serviços de Saúde (Service Questionnaire),Disponibilidade e infraestrutura dos serviços de saúde comunitários.,Servicos_Saude_SQ,41,Stata (.dta),211,https://dhsprogram.com/customcf/legacy/data/download_dataset.cfm?Filename=BJSQ41DT.zip&Tp=1&Ctry_Code=BJ&surv_id=211&dm=1&dmode=nm,Benin/Servicos_Saude_SQ/BJSQ41DT.zip
BJSQ51DT.zip,BJ,Benin,SQ,Serviços de Saúde (Service Questionnaire),Disponibilidade e infraestrutura dos serviços de saúde comunitários.,Servicos_Saude_SQ,51,Stata (.dta),289,https://dhsprogram.com/customcf/legacy/data/download_dataset.cfm?Filename=BJSQ51DT.zip&Tp=1&Ctry_Code=BJ&surv_id=289&dm=1&dmode=nm,Benin/Servicos_Saude_SQ/BJSQ51DT.zip
BJWI31DT.zip,BJ,Benin,WI,Índice de Riqueza (Wealth Index),Pontuação e quintil do índice de riqueza socioeconômica.,Riqueza_WI,31,Stata (.dta),87,https://dhsprogram.com/customcf/legacy/data/download_dataset.cfm?Filename=BJWI31DT.zip&Tp=1&Ctry_Code=BJ&surv_id=87&dm=1&dmode=nm,Benin/Riqueza_WI/BJWI31DT.zip
BJWI41DT.zip,BJ,Benin,WI,Índice de Riqueza (Wealth Index),Pontuação e quintil do índice de riqueza socioeconômica.,Riqueza_WI,41,Stata (.dta),211,https://dhsprogram.com/customcf/legacy/data/download_dataset.cfm?Filename=BJWI41DT.zip&Tp=1&Ctry_Code=BJ&surv_id=211&dm=1&dmode=nm,Benin/Riqueza_WI/BJWI41DT.zip
BFBR21DT.zip,BF,Burkina Faso,BR,Nascimentos (Births Recode),"Histórico de nascimentos das mulheres entrevistadas, partos, peso ao nascer e mortalidade infantil.",Nascimentos_BR,21,Stata (.dta),42,https://dhsprogram.com/customcf/legacy/data/download_dataset.cfm?Filename=BFBR21DT.zip&Tp=1&Ctry_Code=BF&surv_id=42&dm=1&dmode=nm,Burkina Faso/Nascimentos_BR/BFBR21DT.zip
BFBR31DT.zip,BF,Burkina Faso,BR,Nascimentos (Births Recode),"Histórico de nascimentos das mulheres entrevistadas, partos, peso ao nascer e mortalidade infantil.",Nascimentos_BR,31,Stata (.dta),116,https://dhsprogram.com/customcf/legacy/data/download_dataset.cfm?Filename=BFBR31DT.zip&Tp=1&Ctry_Code=BF&surv_id=116&dm=1&dmode=nm,Burkina Faso/Nascimentos_BR/BFBR31DT.zip
BFBR43DT.zip,BF,Burkina Faso,BR,Nascimentos (Births Recode),"Histórico de nascimentos das mulheres entrevistadas, partos, peso ao nascer e mortalidade infantil.",Nascimentos_BR,43,Stata (.dta),230,https://dhsprogram.com/customcf/legacy/data/download_dataset.cfm?Filename=BFBR43DT.zip&Tp=1&Ctry_Code=BF&surv_id=230&dm=1&dmode=nm,Burkina Faso/Nascimentos_BR/BFBR43DT.zip
BFBR62DT.zip,BF,Burkina Faso,BR,Nascimentos (Births Recode),"Histórico de nascimentos das mulheres entrevistadas, partos, peso ao nascer e mortalidade infantil.",Nascimentos_BR,62,Stata (.dta),329,https://dhsprogram.com/customcf/legacy/data/download_dataset.cfm?Filename=BFBR62DT.zip&Tp=1&Ctry_Code=BF&surv_id=329&dm=1&dmode=nm,Burkina Faso/Nascimentos_BR/BFBR62DT.zip
BFBR81DT.zip,BF,Burkina Faso,BR,Nascimentos (Births Recode),"Histórico de nascimentos das mulheres entrevistadas, partos, peso ao nascer e mortalidade infantil.",Nascimentos_BR,81,Stata (.dta),562,https://dhsprogram.com/customcf/legacy/data/download_dataset.cfm?Filename=BFBR81DT.zip&Tp=1&Ctry_Code=BF&surv_id=562&dm=1&dmode=nm,Burkina Faso/Nascimentos_BR/BFBR81DT.zip
BFCR21DT.zip,BF,Burkina Faso,CR,Casais (Couples Recode),Dados conjuntos de casais casados ou vivendo em união estável.,Casais_CR,21,Stata (.dta),42,https://dhsprogram.com/customcf/legacy/data/download_dataset.cfm?Filename=BFCR21DT.zip&Tp=1&Ctry_Code=BF&surv_id=42&dm=1&dmode=nm,Burkina Faso/Casais_CR/BFCR21DT.zip
BFCR31DT.zip,BF,Burkina Faso,CR,Casais (Couples Recode),Dados conjuntos de casais casados ou vivendo em união estável.,Casais_CR,31,Stata (.dta),116,https://dhsprogram.com/customcf/legacy/data/download_dataset.cfm?Filename=BFCR31DT.zip&Tp=1&Ctry_Code=BF&surv_id=116&dm=1&dmode=nm,Burkina Faso/Casais_CR/BFCR31DT.zip
BFCR41DT.zip,BF,Burkina Faso,CR,Casais (Couples Recode),Dados conjuntos de casais casados ou vivendo em união estável.,Casais_CR,41,Stata (.dta),230,https://dhsprogram.com/customcf/legacy/data/download_dataset.cfm?Filename=BFCR41DT.zip&Tp=1&Ctry_Code=BF&surv_id=230&dm=1&dmode=nm,Burkina Faso/Casais_CR/BFCR41DT.zip
BFCR62DT.zip,BF,Burkina Faso,CR,Casais (Couples Recode),Dados conjuntos de casais casados ou vivendo em união estável.,Casais_CR,62,Stata (.dta),329,https://dhsprogram.com/customcf/legacy/data/download_dataset.cfm?Filename=BFCR62DT.zip&Tp=1&Ctry_Code=BF&surv_id=329&dm=1&dmode=nm,Burkina Faso/Casais_CR/BFCR62DT.zip
BFCR81DT.zip,BF,Burkina Faso,CR,Casais (Couples Recode),Dados conjuntos de casais casados ou vivendo em união estável.,Casais_CR,81,Stata (.dta),562,https://dhsprogram.com/customcf/legacy/data/download_dataset.cfm?Filename=BFCR81DT.zip&Tp=1&Ctry_Code=BF&surv_id=562&dm=1&dmode=nm,Burkina Faso/Casais_CR/BFCR81DT.zip
BFHR21DT.zip,BF,Burkina Faso,HR,Domicílios (Household Recode),"Características do domicílio, saneamento básico, fontes de água, bens e bens duráveis.",Domicilios_HR,21,Stata (.dta),42,https://dhsprogram.com/customcf/legacy/data/download_dataset.cfm?Filename=BFHR21DT.zip&Tp=1&Ctry_Code=BF&surv_id=42&dm=1&dmode=nm,Burkina Faso/Domicilios_HR/BFHR21DT.zip
BFHR31DT.zip,BF,Burkina Faso,HR,Domicílios (Household Recode),"Características do domicílio, saneamento básico, fontes de água, bens e bens duráveis.",Domicilios_HR,31,Stata (.dta),116,https://dhsprogram.com/customcf/legacy/data/download_dataset.cfm?Filename=BFHR31DT.zip&Tp=1&Ctry_Code=BF&surv_id=116&dm=1&dmode=nm,Burkina Faso/Domicilios_HR/BFHR31DT.zip
BFHR43DT.zip,BF,Burkina Faso,HR,Domicílios (Household Recode),"Características do domicílio, saneamento básico, fontes de água, bens e bens duráveis.",Domicilios_HR,43,Stata (.dta),230,https://dhsprogram.com/customcf/legacy/data/download_dataset.cfm?Filename=BFHR43DT.zip&Tp=1&Ctry_Code=BF&surv_id=230&dm=1&dmode=nm,Burkina Faso/Domicilios_HR/BFHR43DT.zip
BFHR62DT.zip,BF,Burkina Faso,HR,Domicílios (Household Recode),"Características do domicílio, saneamento básico, fontes de água, bens e bens duráveis.",Domicilios_HR,62,Stata (.dta),329,https://dhsprogram.com/customcf/legacy/data/download_dataset.cfm?Filename=BFHR62DT.zip&Tp=1&Ctry_Code=BF&surv_id=329&dm=1&dmode=nm,Burkina Faso/Domicilios_HR/BFHR62DT.zip
BFHR71DT.zip,BF,Burkina Faso,HR,Domicílios (Household Recode),"Características do domicílio, saneamento básico, fontes de água, bens e bens duráveis.",Domicilios_HR,71,Stata (.dta),481,https://dhsprogram.com/customcf/legacy/data/download_dataset.cfm?Filename=BFHR71DT.zip&Tp=1&Ctry_Code=BF&surv_id=481&dm=1&dmode=nm,Burkina Faso/Domicilios_HR/BFHR71DT.zip
BFHR7ADT.zip,BF,Burkina Faso,HR,Domicílios (Household Recode),"Características do domicílio, saneamento básico, fontes de água, bens e bens duráveis.",Domicilios_HR,7A,Stata (.dta),526,https://dhsprogram.com/customcf/legacy/data/download_dataset.cfm?Filename=BFHR7ADT.zip&Tp=1&Ctry_Code=BF&surv_id=526&dm=1&dmode=nm,Burkina Faso/Domicilios_HR/BFHR7ADT.zip
BFHR81DT.zip,BF,Burkina Faso,HR,Domicílios (Household Recode),"Características do domicílio, saneamento básico, fontes de água, bens e bens duráveis.",Domicilios_HR,81,Stata (.dta),562,https://dhsprogram.com/customcf/legacy/data/download_dataset.cfm?Filename=BFHR81DT.zip&Tp=1&Ctry_Code=BF&surv_id=562&dm=1&dmode=nm,Burkina Faso/Domicilios_HR/BFHR81DT.zip
BFHW21DT.zip,BF,Burkina Faso,HW,Antropometria (Height and Weight),"Medições de altura, peso e escores nutricionais de mães e crianças.",Antropometria_HW,21,Stata (.dta),42,https://dhsprogram.com/customcf/legacy/data/download_dataset.cfm?Filename=BFHW21DT.zip&Tp=1&Ctry_Code=BF&surv_id=42&dm=1&dmode=nm,Burkina Faso/Antropometria_HW/BFHW21DT.zip
BFHW31DT.zip,BF,Burkina Faso,HW,Antropometria (Height and Weight),"Medições de altura, peso e escores nutricionais de mães e crianças.",Antropometria_HW,31,Stata (.dta),116,https://dhsprogram.com/customcf/legacy/data/download_dataset.cfm?Filename=BFHW31DT.zip&Tp=1&Ctry_Code=BF&surv_id=116&dm=1&dmode=nm,Burkina Faso/Antropometria_HW/BFHW31DT.zip
BFHW43DT.zip,BF,Burkina Faso,HW,Antropometria (Height and Weight),"Medições de altura, peso e escores nutricionais de mães e crianças.",Antropometria_HW,43,Stata (.dta),230,https://dhsprogram.com/customcf/legacy/data/download_dataset.cfm?Filename=BFHW43DT.zip&Tp=1&Ctry_Code=BF&surv_id=230&dm=1&dmode=nm,Burkina Faso/Antropometria_HW/BFHW43DT.zip
BFIR21DT.zip,BF,Burkina Faso,IR,Mulheres (Individual Recode),"Dados individuais de mulheres (15-49 anos). Inclui saúde reprodutiva, maternidade, pré-natal, etc. [BÔNUS SAÚDE DA MULHER]",Saude_da_Mulher_IR,21,Stata (.dta),42,https://dhsprogram.com/customcf/legacy/data/download_dataset.cfm?Filename=BFIR21DT.zip&Tp=1&Ctry_Code=BF&surv_id=42&dm=1&dmode=nm,Burkina Faso/Saude_da_Mulher_IR/BFIR21DT.zip
BFIR31DT.zip,BF,Burkina Faso,IR,Mulheres (Individual Recode),"Dados individuais de mulheres (15-49 anos). Inclui saúde reprodutiva, maternidade, pré-natal, etc. [BÔNUS SAÚDE DA MULHER]",Saude_da_Mulher_IR,31,Stata (.dta),116,https://dhsprogram.com/customcf/legacy/data/download_dataset.cfm?Filename=BFIR31DT.zip&Tp=1&Ctry_Code=BF&surv_id=116&dm=1&dmode=nm,Burkina Faso/Saude_da_Mulher_IR/BFIR31DT.zip
BFIR43DT.zip,BF,Burkina Faso,IR,Mulheres (Individual Recode),"Dados individuais de mulheres (15-49 anos). Inclui saúde reprodutiva, maternidade, pré-natal, etc. [BÔNUS SAÚDE DA MULHER]",Saude_da_Mulher_IR,43,Stata (.dta),230,https://dhsprogram.com/customcf/legacy/data/download_dataset.cfm?Filename=BFIR43DT.zip&Tp=1&Ctry_Code=BF&surv_id=230&dm=1&dmode=nm,Burkina Faso/Saude_da_Mulher_IR/BFIR43DT.zip
BFIR62DT.zip,BF,Burkina Faso,IR,Mulheres (Individual Recode),"Dados individuais de mulheres (15-49 anos). Inclui saúde reprodutiva, maternidade, pré-natal, etc. [BÔNUS SAÚDE DA MULHER]",Saude_da_Mulher_IR,62,Stata (.dta),329,https://dhsprogram.com/customcf/legacy/data/download_dataset.cfm?Filename=BFIR62DT.zip&Tp=1&Ctry_Code=BF&surv_id=329&dm=1&dmode=nm,Burkina Faso/Saude_da_Mulher_IR/BFIR62DT.zip
BFIR71DT.zip,BF,Burkina Faso,IR,Mulheres (Individual Recode),"Dados individuais de mulheres (15-49 anos). Inclui saúde reprodutiva, maternidade, pré-natal, etc. [BÔNUS SAÚDE DA MULHER]",Saude_da_Mulher_IR,71,Stata (.dta),481,https://dhsprogram.com/customcf/legacy/data/download_dataset.cfm?Filename=BFIR71DT.zip&Tp=1&Ctry_Code=BF&surv_id=481&dm=1&dmode=nm,Burkina Faso/Saude_da_Mulher_IR/BFIR71DT.zip
BFIR7ADT.zip,BF,Burkina Faso,IR,Mulheres (Individual Recode),"Dados individuais de mulheres (15-49 anos). Inclui saúde reprodutiva, maternidade, pré-natal, etc. [BÔNUS SAÚDE DA MULHER]",Saude_da_Mulher_IR,7A,Stata (.dta),526,https://dhsprogram.com/customcf/legacy/data/download_dataset.cfm?Filename=BFIR7ADT.zip&Tp=1&Ctry_Code=BF&surv_id=526&dm=1&dmode=nm,Burkina Faso/Saude_da_Mulher_IR/BFIR7ADT.zip
BFIR81DT.zip,BF,Burkina Faso,IR,Mulheres (Individual Recode),"Dados individuais de mulheres (15-49 anos). Inclui saúde reprodutiva, maternidade, pré-natal, etc. [BÔNUS SAÚDE DA MULHER]",Saude_da_Mulher_IR,81,Stata (.dta),562,https://dhsprogram.com/customcf/legacy/data/download_dataset.cfm?Filename=BFIR81DT.zip&Tp=1&Ctry_Code=BF&surv_id=562&dm=1&dmode=nm,Burkina Faso/Saude_da_Mulher_IR/BFIR81DT.zip
BFKR21DT.zip,BF,Burkina Faso,KR,Crianças (Children's Recode),"Crianças menores de 5 anos de idade, vacinação, nutrição, amamentação e episódios de doenças.",Criancas_KR,21,Stata (.dta),42,https://dhsprogram.com/customcf/legacy/data/download_dataset.cfm?Filename=BFKR21DT.zip&Tp=1&Ctry_Code=BF&surv_id=42&dm=1&dmode=nm,Burkina Faso/Criancas_KR/BFKR21DT.zip
BFKR31DT.zip,BF,Burkina Faso,KR,Crianças (Children's Recode),"Crianças menores de 5 anos de idade, vacinação, nutrição, amamentação e episódios de doenças.",Criancas_KR,31,Stata (.dta),116,https://dhsprogram.com/customcf/legacy/data/download_dataset.cfm?Filename=BFKR31DT.zip&Tp=1&Ctry_Code=BF&surv_id=116&dm=1&dmode=nm,Burkina Faso/Criancas_KR/BFKR31DT.zip
BFKR43DT.zip,BF,Burkina Faso,KR,Crianças (Children's Recode),"Crianças menores de 5 anos de idade, vacinação, nutrição, amamentação e episódios de doenças.",Criancas_KR,43,Stata (.dta),230,https://dhsprogram.com/customcf/legacy/data/download_dataset.cfm?Filename=BFKR43DT.zip&Tp=1&Ctry_Code=BF&surv_id=230&dm=1&dmode=nm,Burkina Faso/Criancas_KR/BFKR43DT.zip
BFKR62DT.zip,BF,Burkina Faso,KR,Crianças (Children's Recode),"Crianças menores de 5 anos de idade, vacinação, nutrição, amamentação e episódios de doenças.",Criancas_KR,62,Stata (.dta),329,https://dhsprogram.com/customcf/legacy/data/download_dataset.cfm?Filename=BFKR62DT.zip&Tp=1&Ctry_Code=BF&surv_id=329&dm=1&dmode=nm,Burkina Faso/Criancas_KR/BFKR62DT.zip
BFKR71DT.zip,BF,Burkina Faso,KR,Crianças (Children's Recode),"Crianças menores de 5 anos de idade, vacinação, nutrição, amamentação e episódios de doenças.",Criancas_KR,71,Stata (.dta),481,https://dhsprogram.com/customcf/legacy/data/download_dataset.cfm?Filename=BFKR71DT.zip&Tp=1&Ctry_Code=BF&surv_id=481&dm=1&dmode=nm,Burkina Faso/Criancas_KR/BFKR71DT.zip
BFKR7ADT.zip,BF,Burkina Faso,KR,Crianças (Children's Recode),"Crianças menores de 5 anos de idade, vacinação, nutrição, amamentação e episódios de doenças.",Criancas_KR,7A,Stata (.dta),526,https://dhsprogram.com/customcf/legacy/data/download_dataset.cfm?Filename=BFKR7ADT.zip&Tp=1&Ctry_Code=BF&surv_id=526&dm=1&dmode=nm,Burkina Faso/Criancas_KR/BFKR7ADT.zip
BFKR81DT.zip,BF,Burkina Faso,KR,Crianças (Children's Recode),"Crianças menores de 5 anos de idade, vacinação, nutrição, amamentação e episódios de doenças.",Criancas_KR,81,Stata (.dta),562,https://dhsprogram.com/customcf/legacy/data/download_dataset.cfm?Filename=BFKR81DT.zip&Tp=1&Ctry_Code=BF&surv_id=562&dm=1&dmode=nm,Burkina Faso/Criancas_KR/BFKR81DT.zip
BFMR21DT.zip,BF,Burkina Faso,MR,Homens (Men's Recode),"Dados individuais de homens (15-49/59 anos), trabalho, saúde e conhecimentos reprodutivos.",Homens_MR,21,Stata (.dta),42,https://dhsprogram.com/customcf/legacy/data/download_dataset.cfm?Filename=BFMR21DT.zip&Tp=1&Ctry_Code=BF&surv_id=42&dm=1&dmode=nm,Burkina Faso/Homens_MR/BFMR21DT.zip
BFMR31DT.zip,BF,Burkina Faso,MR,Homens (Men's Recode),"Dados individuais de homens (15-49/59 anos), trabalho, saúde e conhecimentos reprodutivos.",Homens_MR,31,Stata (.dta),116,https://dhsprogram.com/customcf/legacy/data/download_dataset.cfm?Filename=BFMR31DT.zip&Tp=1&Ctry_Code=BF&surv_id=116&dm=1&dmode=nm,Burkina Faso/Homens_MR/BFMR31DT.zip
BFMR41DT.zip,BF,Burkina Faso,MR,Homens (Men's Recode),"Dados individuais de homens (15-49/59 anos), trabalho, saúde e conhecimentos reprodutivos.",Homens_MR,41,Stata (.dta),230,https://dhsprogram.com/customcf/legacy/data/download_dataset.cfm?Filename=BFMR41DT.zip&Tp=1&Ctry_Code=BF&surv_id=230&dm=1&dmode=nm,Burkina Faso/Homens_MR/BFMR41DT.zip
BFMR62DT.zip,BF,Burkina Faso,MR,Homens (Men's Recode),"Dados individuais de homens (15-49/59 anos), trabalho, saúde e conhecimentos reprodutivos.",Homens_MR,62,Stata (.dta),329,https://dhsprogram.com/customcf/legacy/data/download_dataset.cfm?Filename=BFMR62DT.zip&Tp=1&Ctry_Code=BF&surv_id=329&dm=1&dmode=nm,Burkina Faso/Homens_MR/BFMR62DT.zip
BFMR81DT.zip,BF,Burkina Faso,MR,Homens (Men's Recode),"Dados individuais de homens (15-49/59 anos), trabalho, saúde e conhecimentos reprodutivos.",Homens_MR,81,Stata (.dta),562,https://dhsprogram.com/customcf/legacy/data/download_dataset.cfm?Filename=BFMR81DT.zip&Tp=1&Ctry_Code=BF&surv_id=562&dm=1&dmode=nm,Burkina Faso/Homens_MR/BFMR81DT.zip
BFPR21DT.zip,BF,Burkina Faso,PR,Moradores (Household Member Recode),"Informações demográficas de todos os moradores do domicílio (idade, sexo, educação).",Moradores_PR,21,Stata (.dta),42,https://dhsprogram.com/customcf/legacy/data/download_dataset.cfm?Filename=BFPR21DT.zip&Tp=1&Ctry_Code=BF&surv_id=42&dm=1&dmode=nm,Burkina Faso/Moradores_PR/BFPR21DT.zip
BFPR31DT.zip,BF,Burkina Faso,PR,Moradores (Household Member Recode),"Informações demográficas de todos os moradores do domicílio (idade, sexo, educação).",Moradores_PR,31,Stata (.dta),116,https://dhsprogram.com/customcf/legacy/data/download_dataset.cfm?Filename=BFPR31DT.zip&Tp=1&Ctry_Code=BF&surv_id=116&dm=1&dmode=nm,Burkina Faso/Moradores_PR/BFPR31DT.zip
BFPR44DT.zip,BF,Burkina Faso,PR,Moradores (Household Member Recode),"Informações demográficas de todos os moradores do domicílio (idade, sexo, educação).",Moradores_PR,44,Stata (.dta),230,https://dhsprogram.com/customcf/legacy/data/download_dataset.cfm?Filename=BFPR44DT.zip&Tp=1&Ctry_Code=BF&surv_id=230&dm=1&dmode=nm,Burkina Faso/Moradores_PR/BFPR44DT.zip
BFPR62DT.zip,BF,Burkina Faso,PR,Moradores (Household Member Recode),"Informações demográficas de todos os moradores do domicílio (idade, sexo, educação).",Moradores_PR,62,Stata (.dta),329,https://dhsprogram.com/customcf/legacy/data/download_dataset.cfm?Filename=BFPR62DT.zip&Tp=1&Ctry_Code=BF&surv_id=329&dm=1&dmode=nm,Burkina Faso/Moradores_PR/BFPR62DT.zip
BFPR71DT.zip,BF,Burkina Faso,PR,Moradores (Household Member Recode),"Informações demográficas de todos os moradores do domicílio (idade, sexo, educação).",Moradores_PR,71,Stata (.dta),481,https://dhsprogram.com/customcf/legacy/data/download_dataset.cfm?Filename=BFPR71DT.zip&Tp=1&Ctry_Code=BF&surv_id=481&dm=1&dmode=nm,Burkina Faso/Moradores_PR/BFPR71DT.zip
BFPR7ADT.zip,BF,Burkina Faso,PR,Moradores (Household Member Recode),"Informações demográficas de todos os moradores do domicílio (idade, sexo, educação).",Moradores_PR,7A,Stata (.dta),526,https://dhsprogram.com/customcf/legacy/data/download_dataset.cfm?Filename=BFPR7ADT.zip&Tp=1&Ctry_Code=BF&surv_id=526&dm=1&dmode=nm,Burkina Faso/Moradores_PR/BFPR7ADT.zip
BFPR81DT.zip,BF,Burkina Faso,PR,Moradores (Household Member Recode),"Informações demográficas de todos os moradores do domicílio (idade, sexo, educação).",Moradores_PR,81,Stata (.dta),562,https://dhsprogram.com/customcf/legacy/data/download_dataset.cfm?Filename=BFPR81DT.zip&Tp=1&Ctry_Code=BF&surv_id=562&dm=1&dmode=nm,Burkina Faso/Moradores_PR/BFPR81DT.zip
BFSQ22DT.zip,BF,Burkina Faso,SQ,Serviços de Saúde (Service Questionnaire),Disponibilidade e infraestrutura dos serviços de saúde comunitários.,Servicos_Saude_SQ,22,Stata (.dta),42,https://dhsprogram.com/customcf/legacy/data/download_dataset.cfm?Filename=BFSQ22DT.zip&Tp=1&Ctry_Code=BF&surv_id=42&dm=1&dmode=nm,Burkina Faso/Servicos_Saude_SQ/BFSQ22DT.zip
BFWI21DT.zip,BF,Burkina Faso,WI,Índice de Riqueza (Wealth Index),Pontuação e quintil do índice de riqueza socioeconômica.,Riqueza_WI,21,Stata (.dta),42,https://dhsprogram.com/customcf/legacy/data/download_dataset.cfm?Filename=BFWI21DT.zip&Tp=1&Ctry_Code=BF&surv_id=42&dm=1&dmode=nm,Burkina Faso/Riqueza_WI/BFWI21DT.zip
BFWI31DT.zip,BF,Burkina Faso,WI,Índice de Riqueza (Wealth Index),Pontuação e quintil do índice de riqueza socioeconômica.,Riqueza_WI,31,Stata (.dta),116,https://dhsprogram.com/customcf/legacy/data/download_dataset.cfm?Filename=BFWI31DT.zip&Tp=1&Ctry_Code=BF&surv_id=116&dm=1&dmode=nm,Burkina Faso/Riqueza_WI/BFWI31DT.zip
BUBR01DT.zip,BU,Burundi,BR,Nascimentos (Births Recode),"Histórico de nascimentos das mulheres entrevistadas, partos, peso ao nascer e mortalidade infantil.",Nascimentos_BR,01,Stata (.dta),16,https://dhsprogram.com/customcf/legacy/data/download_dataset.cfm?Filename=BUBR01DT.zip&Tp=1&Ctry_Code=BU&surv_id=16&dm=1&dmode=nm,Burundi/Nascimentos_BR/BUBR01DT.zip
BUBR61DT.zip,BU,Burundi,BR,Nascimentos (Births Recode),"Histórico de nascimentos das mulheres entrevistadas, partos, peso ao nascer e mortalidade infantil.",Nascimentos_BR,61,Stata (.dta),346,https://dhsprogram.com/customcf/legacy/data/download_dataset.cfm?Filename=BUBR61DT.zip&Tp=1&Ctry_Code=BU&surv_id=346&dm=1&dmode=nm,Burundi/Nascimentos_BR/BUBR61DT.zip
BUBR71DT.zip,BU,Burundi,BR,Nascimentos (Births Recode),"Histórico de nascimentos das mulheres entrevistadas, partos, peso ao nascer e mortalidade infantil.",Nascimentos_BR,71,Stata (.dta),463,https://dhsprogram.com/customcf/legacy/data/download_dataset.cfm?Filename=BUBR71DT.zip&Tp=1&Ctry_Code=BU&surv_id=463&dm=1&dmode=nm,Burundi/Nascimentos_BR/BUBR71DT.zip
BUCR61DT.zip,BU,Burundi,CR,Casais (Couples Recode),Dados conjuntos de casais casados ou vivendo em união estável.,Casais_CR,61,Stata (.dta),346,https://dhsprogram.com/customcf/legacy/data/download_dataset.cfm?Filename=BUCR61DT.zip&Tp=1&Ctry_Code=BU&surv_id=346&dm=1&dmode=nm,Burundi/Casais_CR/BUCR61DT.zip
BUCR71DT.zip,BU,Burundi,CR,Casais (Couples Recode),Dados conjuntos de casais casados ou vivendo em união estável.,Casais_CR,71,Stata (.dta),463,https://dhsprogram.com/customcf/legacy/data/download_dataset.cfm?Filename=BUCR71DT.zip&Tp=1&Ctry_Code=BU&surv_id=463&dm=1&dmode=nm,Burundi/Casais_CR/BUCR71DT.zip
BUHH02DT.zip,BU,Burundi,HH,Inquérito Domiciliar (Household Survey),Questionário domiciliar expandido / experimental.,Inquerito_Domiciliar_HH,02,Stata (.dta),16,https://dhsprogram.com/customcf/legacy/data/download_dataset.cfm?Filename=BUHH02DT.zip&Tp=1&Ctry_Code=BU&surv_id=16&dm=1&dmode=nm,Burundi/Inquerito_Domiciliar_HH/BUHH02DT.zip
BUHR61DT.zip,BU,Burundi,HR,Domicílios (Household Recode),"Características do domicílio, saneamento básico, fontes de água, bens e bens duráveis.",Domicilios_HR,61,Stata (.dta),346,https://dhsprogram.com/customcf/legacy/data/download_dataset.cfm?Filename=BUHR61DT.zip&Tp=1&Ctry_Code=BU&surv_id=346&dm=1&dmode=nm,Burundi/Domicilios_HR/BUHR61DT.zip
BUHR6ADT.zip,BU,Burundi,HR,Domicílios (Household Recode),"Características do domicílio, saneamento básico, fontes de água, bens e bens duráveis.",Domicilios_HR,6A,Stata (.dta),446,https://dhsprogram.com/customcf/legacy/data/download_dataset.cfm?Filename=BUHR6ADT.zip&Tp=1&Ctry_Code=BU&surv_id=446&dm=1&dmode=nm,Burundi/Domicilios_HR/BUHR6ADT.zip
BUHR71DT.zip,BU,Burundi,HR,Domicílios (Household Recode),"Características do domicílio, saneamento básico, fontes de água, bens e bens duráveis.",Domicilios_HR,71,Stata (.dta),463,https://dhsprogram.com/customcf/legacy/data/download_dataset.cfm?Filename=BUHR71DT.zip&Tp=1&Ctry_Code=BU&surv_id=463&dm=1&dmode=nm,Burundi/Domicilios_HR/BUHR71DT.zip
BUHW01DT.zip,BU,Burundi,HW,Antropometria (Height and Weight),"Medições de altura, peso e escores nutricionais de mães e crianças.",Antropometria_HW,01,Stata (.dta),16,https://dhsprogram.com/customcf/legacy/data/download_dataset.cfm?Filename=BUHW01DT.zip&Tp=1&Ctry_Code=BU&surv_id=16&dm=1&dmode=nm,Burundi/Antropometria_HW/BUHW01DT.zip
BUIR02DT.zip,BU,Burundi,IR,Mulheres (Individual Recode),"Dados individuais de mulheres (15-49 anos). Inclui saúde reprodutiva, maternidade, pré-natal, etc. [BÔNUS SAÚDE DA MULHER]",Saude_da_Mulher_IR,02,Stata (.dta),16,https://dhsprogram.com/customcf/legacy/data/download_dataset.cfm?Filename=BUIR02DT.zip&Tp=1&Ctry_Code=BU&surv_id=16&dm=1&dmode=nm,Burundi/Saude_da_Mulher_IR/BUIR02DT.zip
BUIR61DT.zip,BU,Burundi,IR,Mulheres (Individual Recode),"Dados individuais de mulheres (15-49 anos). Inclui saúde reprodutiva, maternidade, pré-natal, etc. [BÔNUS SAÚDE DA MULHER]",Saude_da_Mulher_IR,61,Stata (.dta),346,https://dhsprogram.com/customcf/legacy/data/download_dataset.cfm?Filename=BUIR61DT.zip&Tp=1&Ctry_Code=BU&surv_id=346&dm=1&dmode=nm,Burundi/Saude_da_Mulher_IR/BUIR61DT.zip
BUIR6ADT.zip,BU,Burundi,IR,Mulheres (Individual Recode),"Dados individuais de mulheres (15-49 anos). Inclui saúde reprodutiva, maternidade, pré-natal, etc. [BÔNUS SAÚDE DA MULHER]",Saude_da_Mulher_IR,6A,Stata (.dta),446,https://dhsprogram.com/customcf/legacy/data/download_dataset.cfm?Filename=BUIR6ADT.zip&Tp=1&Ctry_Code=BU&surv_id=446&dm=1&dmode=nm,Burundi/Saude_da_Mulher_IR/BUIR6ADT.zip
BUIR71DT.zip,BU,Burundi,IR,Mulheres (Individual Recode),"Dados individuais de mulheres (15-49 anos). Inclui saúde reprodutiva, maternidade, pré-natal, etc. [BÔNUS SAÚDE DA MULHER]",Saude_da_Mulher_IR,71,Stata (.dta),463,https://dhsprogram.com/customcf/legacy/data/download_dataset.cfm?Filename=BUIR71DT.zip&Tp=1&Ctry_Code=BU&surv_id=463&dm=1&dmode=nm,Burundi/Saude_da_Mulher_IR/BUIR71DT.zip
BUKR01DT.zip,BU,Burundi,KR,Crianças (Children's Recode),"Crianças menores de 5 anos de idade, vacinação, nutrição, amamentação e episódios de doenças.",Criancas_KR,01,Stata (.dta),16,https://dhsprogram.com/customcf/legacy/data/download_dataset.cfm?Filename=BUKR01DT.zip&Tp=1&Ctry_Code=BU&surv_id=16&dm=1&dmode=nm,Burundi/Criancas_KR/BUKR01DT.zip
BUKR61DT.zip,BU,Burundi,KR,Crianças (Children's Recode),"Crianças menores de 5 anos de idade, vacinação, nutrição, amamentação e episódios de doenças.",Criancas_KR,61,Stata (.dta),346,https://dhsprogram.com/customcf/legacy/data/download_dataset.cfm?Filename=BUKR61DT.zip&Tp=1&Ctry_Code=BU&surv_id=346&dm=1&dmode=nm,Burundi/Criancas_KR/BUKR61DT.zip
BUKR6ADT.zip,BU,Burundi,KR,Crianças (Children's Recode),"Crianças menores de 5 anos de idade, vacinação, nutrição, amamentação e episódios de doenças.",Criancas_KR,6A,Stata (.dta),446,https://dhsprogram.com/customcf/legacy/data/download_dataset.cfm?Filename=BUKR6ADT.zip&Tp=1&Ctry_Code=BU&surv_id=446&dm=1&dmode=nm,Burundi/Criancas_KR/BUKR6ADT.zip
BUKR71DT.zip,BU,Burundi,KR,Crianças (Children's Recode),"Crianças menores de 5 anos de idade, vacinação, nutrição, amamentação e episódios de doenças.",Criancas_KR,71,Stata (.dta),463,https://dhsprogram.com/customcf/legacy/data/download_dataset.cfm?Filename=BUKR71DT.zip&Tp=1&Ctry_Code=BU&surv_id=463&dm=1&dmode=nm,Burundi/Criancas_KR/BUKR71DT.zip
BUMR61DT.zip,BU,Burundi,MR,Homens (Men's Recode),"Dados individuais de homens (15-49/59 anos), trabalho, saúde e conhecimentos reprodutivos.",Homens_MR,61,Stata (.dta),346,https://dhsprogram.com/customcf/legacy/data/download_dataset.cfm?Filename=BUMR61DT.zip&Tp=1&Ctry_Code=BU&surv_id=346&dm=1&dmode=nm,Burundi/Homens_MR/BUMR61DT.zip
BUMR71DT.zip,BU,Burundi,MR,Homens (Men's Recode),"Dados individuais de homens (15-49/59 anos), trabalho, saúde e conhecimentos reprodutivos.",Homens_MR,71,Stata (.dta),463,https://dhsprogram.com/customcf/legacy/data/download_dataset.cfm?Filename=BUMR71DT.zip&Tp=1&Ctry_Code=BU&surv_id=463&dm=1&dmode=nm,Burundi/Homens_MR/BUMR71DT.zip
BUPR61DT.zip,BU,Burundi,PR,Moradores (Household Member Recode),"Informações demográficas de todos os moradores do domicílio (idade, sexo, educação).",Moradores_PR,61,Stata (.dta),346,https://dhsprogram.com/customcf/legacy/data/download_dataset.cfm?Filename=BUPR61DT.zip&Tp=1&Ctry_Code=BU&surv_id=346&dm=1&dmode=nm,Burundi/Moradores_PR/BUPR61DT.zip
BUPR6ADT.zip,BU,Burundi,PR,Moradores (Household Member Recode),"Informações demográficas de todos os moradores do domicílio (idade, sexo, educação).",Moradores_PR,6A,Stata (.dta),446,https://dhsprogram.com/customcf/legacy/data/download_dataset.cfm?Filename=BUPR6ADT.zip&Tp=1&Ctry_Code=BU&surv_id=446&dm=1&dmode=nm,Burundi/Moradores_PR/BUPR6ADT.zip
BUPR71DT.zip,BU,Burundi,PR,Moradores (Household Member Recode),"Informações demográficas de todos os moradores do domicílio (idade, sexo, educação).",Moradores_PR,71,Stata (.dta),463,https://dhsprogram.com/customcf/legacy/data/download_dataset.cfm?Filename=BUPR71DT.zip&Tp=1&Ctry_Code=BU&surv_id=463&dm=1&dmode=nm,Burundi/Moradores_PR/BUPR71DT.zip
BUSQ02DT.zip,BU,Burundi,SQ,Serviços de Saúde (Service Questionnaire),Disponibilidade e infraestrutura dos serviços de saúde comunitários.,Servicos_Saude_SQ,02,Stata (.dta),16,https://dhsprogram.com/customcf/legacy/data/download_dataset.cfm?Filename=BUSQ02DT.zip&Tp=1&Ctry_Code=BU&surv_id=16&dm=1&dmode=nm,Burundi/Servicos_Saude_SQ/BUSQ02DT.zip
CMBR22DT.zip,CM,Camarões,BR,Nascimentos (Births Recode),"Histórico de nascimentos das mulheres entrevistadas, partos, peso ao nascer e mortalidade infantil.",Nascimentos_BR,22,Stata (.dta),38,https://dhsprogram.com/customcf/legacy/data/download_dataset.cfm?Filename=CMBR22DT.zip&Tp=1&Ctry_Code=CM&surv_id=38&dm=1&dmode=nm,Camarões/Nascimentos_BR/CMBR22DT.zip
CMBR31DT.zip,CM,Camarões,BR,Nascimentos (Births Recode),"Histórico de nascimentos das mulheres entrevistadas, partos, peso ao nascer e mortalidade infantil.",Nascimentos_BR,31,Stata (.dta),101,https://dhsprogram.com/customcf/legacy/data/download_dataset.cfm?Filename=CMBR31DT.zip&Tp=1&Ctry_Code=CM&surv_id=101&dm=1&dmode=nm,Camarões/Nascimentos_BR/CMBR31DT.zip
CMBR44DT.zip,CM,Camarões,BR,Nascimentos (Births Recode),"Histórico de nascimentos das mulheres entrevistadas, partos, peso ao nascer e mortalidade infantil.",Nascimentos_BR,44,Stata (.dta),232,https://dhsprogram.com/customcf/legacy/data/download_dataset.cfm?Filename=CMBR44DT.zip&Tp=1&Ctry_Code=CM&surv_id=232&dm=1&dmode=nm,Camarões/Nascimentos_BR/CMBR44DT.zip
CMBR61DT.zip,CM,Camarões,BR,Nascimentos (Births Recode),"Histórico de nascimentos das mulheres entrevistadas, partos, peso ao nascer e mortalidade infantil.",Nascimentos_BR,61,Stata (.dta),337,https://dhsprogram.com/customcf/legacy/data/download_dataset.cfm?Filename=CMBR61DT.zip&Tp=1&Ctry_Code=CM&surv_id=337&dm=1&dmode=nm,Camarões/Nascimentos_BR/CMBR61DT.zip
CMBR71DT.zip,CM,Camarões,BR,Nascimentos (Births Recode),"Histórico de nascimentos das mulheres entrevistadas, partos, peso ao nascer e mortalidade infantil.",Nascimentos_BR,71,Stata (.dta),511,https://dhsprogram.com/customcf/legacy/data/download_dataset.cfm?Filename=CMBR71DT.zip&Tp=1&Ctry_Code=CM&surv_id=511&dm=1&dmode=nm,Camarões/Nascimentos_BR/CMBR71DT.zip
CMCR21DT.zip,CM,Camarões,CR,Casais (Couples Recode),Dados conjuntos de casais casados ou vivendo em união estável.,Casais_CR,21,Stata (.dta),38,https://dhsprogram.com/customcf/legacy/data/download_dataset.cfm?Filename=CMCR21DT.zip&Tp=1&Ctry_Code=CM&surv_id=38&dm=1&dmode=nm,Camarões/Casais_CR/CMCR21DT.zip
CMCR31DT.zip,CM,Camarões,CR,Casais (Couples Recode),Dados conjuntos de casais casados ou vivendo em união estável.,Casais_CR,31,Stata (.dta),101,https://dhsprogram.com/customcf/legacy/data/download_dataset.cfm?Filename=CMCR31DT.zip&Tp=1&Ctry_Code=CM&surv_id=101&dm=1&dmode=nm,Camarões/Casais_CR/CMCR31DT.zip
CMCR44DT.zip,CM,Camarões,CR,Casais (Couples Recode),Dados conjuntos de casais casados ou vivendo em união estável.,Casais_CR,44,Stata (.dta),232,https://dhsprogram.com/customcf/legacy/data/download_dataset.cfm?Filename=CMCR44DT.zip&Tp=1&Ctry_Code=CM&surv_id=232&dm=1&dmode=nm,Camarões/Casais_CR/CMCR44DT.zip
CMCR61DT.zip,CM,Camarões,CR,Casais (Couples Recode),Dados conjuntos de casais casados ou vivendo em união estável.,Casais_CR,61,Stata (.dta),337,https://dhsprogram.com/customcf/legacy/data/download_dataset.cfm?Filename=CMCR61DT.zip&Tp=1&Ctry_Code=CM&surv_id=337&dm=1&dmode=nm,Camarões/Casais_CR/CMCR61DT.zip
CMCR71DT.zip,CM,Camarões,CR,Casais (Couples Recode),Dados conjuntos de casais casados ou vivendo em união estável.,Casais_CR,71,Stata (.dta),511,https://dhsprogram.com/customcf/legacy/data/download_dataset.cfm?Filename=CMCR71DT.zip&Tp=1&Ctry_Code=CM&surv_id=511&dm=1&dmode=nm,Camarões/Casais_CR/CMCR71DT.zip
CMHR22DT.zip,CM,Camarões,HR,Domicílios (Household Recode),"Características do domicílio, saneamento básico, fontes de água, bens e bens duráveis.",Domicilios_HR,22,Stata (.dta),38,https://dhsprogram.com/customcf/legacy/data/download_dataset.cfm?Filename=CMHR22DT.zip&Tp=1&Ctry_Code=CM&surv_id=38&dm=1&dmode=nm,Camarões/Domicilios_HR/CMHR22DT.zip
CMHR31DT.zip,CM,Camarões,HR,Domicílios (Household Recode),"Características do domicílio, saneamento básico, fontes de água, bens e bens duráveis.",Domicilios_HR,31,Stata (.dta),101,https://dhsprogram.com/customcf/legacy/data/download_dataset.cfm?Filename=CMHR31DT.zip&Tp=1&Ctry_Code=CM&surv_id=101&dm=1&dmode=nm,Camarões/Domicilios_HR/CMHR31DT.zip
CMHR44DT.zip,CM,Camarões,HR,Domicílios (Household Recode),"Características do domicílio, saneamento básico, fontes de água, bens e bens duráveis.",Domicilios_HR,44,Stata (.dta),232,https://dhsprogram.com/customcf/legacy/data/download_dataset.cfm?Filename=CMHR44DT.zip&Tp=1&Ctry_Code=CM&surv_id=232&dm=1&dmode=nm,Camarões/Domicilios_HR/CMHR44DT.zip
CMHR61DT.zip,CM,Camarões,HR,Domicílios (Household Recode),"Características do domicílio, saneamento básico, fontes de água, bens e bens duráveis.",Domicilios_HR,61,Stata (.dta),337,https://dhsprogram.com/customcf/legacy/data/download_dataset.cfm?Filename=CMHR61DT.zip&Tp=1&Ctry_Code=CM&surv_id=337&dm=1&dmode=nm,Camarões/Domicilios_HR/CMHR61DT.zip
CMHR71DT.zip,CM,Camarões,HR,Domicílios (Household Recode),"Características do domicílio, saneamento básico, fontes de água, bens e bens duráveis.",Domicilios_HR,71,Stata (.dta),511,https://dhsprogram.com/customcf/legacy/data/download_dataset.cfm?Filename=CMHR71DT.zip&Tp=1&Ctry_Code=CM&surv_id=511&dm=1&dmode=nm,Camarões/Domicilios_HR/CMHR71DT.zip
CMHR82DT.zip,CM,Camarões,HR,Domicílios (Household Recode),"Características do domicílio, saneamento básico, fontes de água, bens e bens duráveis.",Domicilios_HR,82,Stata (.dta),563,https://dhsprogram.com/customcf/legacy/data/download_dataset.cfm?Filename=CMHR82DT.zip&Tp=1&Ctry_Code=CM&surv_id=563&dm=1&dmode=nm,Camarões/Domicilios_HR/CMHR82DT.zip
CMHW22DT.zip,CM,Camarões,HW,Antropometria (Height and Weight),"Medições de altura, peso e escores nutricionais de mães e crianças.",Antropometria_HW,22,Stata (.dta),38,https://dhsprogram.com/customcf/legacy/data/download_dataset.cfm?Filename=CMHW22DT.zip&Tp=1&Ctry_Code=CM&surv_id=38&dm=1&dmode=nm,Camarões/Antropometria_HW/CMHW22DT.zip
CMHW31DT.zip,CM,Camarões,HW,Antropometria (Height and Weight),"Medições de altura, peso e escores nutricionais de mães e crianças.",Antropometria_HW,31,Stata (.dta),101,https://dhsprogram.com/customcf/legacy/data/download_dataset.cfm?Filename=CMHW31DT.zip&Tp=1&Ctry_Code=CM&surv_id=101&dm=1&dmode=nm,Camarões/Antropometria_HW/CMHW31DT.zip
CMHW44DT.zip,CM,Camarões,HW,Antropometria (Height and Weight),"Medições de altura, peso e escores nutricionais de mães e crianças.",Antropometria_HW,44,Stata (.dta),232,https://dhsprogram.com/customcf/legacy/data/download_dataset.cfm?Filename=CMHW44DT.zip&Tp=1&Ctry_Code=CM&surv_id=232&dm=1&dmode=nm,Camarões/Antropometria_HW/CMHW44DT.zip
CMIR22DT.zip,CM,Camarões,IR,Mulheres (Individual Recode),"Dados individuais de mulheres (15-49 anos). Inclui saúde reprodutiva, maternidade, pré-natal, etc. [BÔNUS SAÚDE DA MULHER]",Saude_da_Mulher_IR,22,Stata (.dta),38,https://dhsprogram.com/customcf/legacy/data/download_dataset.cfm?Filename=CMIR22DT.zip&Tp=1&Ctry_Code=CM&surv_id=38&dm=1&dmode=nm,Camarões/Saude_da_Mulher_IR/CMIR22DT.zip
CMIR31DT.zip,CM,Camarões,IR,Mulheres (Individual Recode),"Dados individuais de mulheres (15-49 anos). Inclui saúde reprodutiva, maternidade, pré-natal, etc. [BÔNUS SAÚDE DA MULHER]",Saude_da_Mulher_IR,31,Stata (.dta),101,https://dhsprogram.com/customcf/legacy/data/download_dataset.cfm?Filename=CMIR31DT.zip&Tp=1&Ctry_Code=CM&surv_id=101&dm=1&dmode=nm,Camarões/Saude_da_Mulher_IR/CMIR31DT.zip
CMIR44DT.zip,CM,Camarões,IR,Mulheres (Individual Recode),"Dados individuais de mulheres (15-49 anos). Inclui saúde reprodutiva, maternidade, pré-natal, etc. [BÔNUS SAÚDE DA MULHER]",Saude_da_Mulher_IR,44,Stata (.dta),232,https://dhsprogram.com/customcf/legacy/data/download_dataset.cfm?Filename=CMIR44DT.zip&Tp=1&Ctry_Code=CM&surv_id=232&dm=1&dmode=nm,Camarões/Saude_da_Mulher_IR/CMIR44DT.zip
CMIR61DT.zip,CM,Camarões,IR,Mulheres (Individual Recode),"Dados individuais de mulheres (15-49 anos). Inclui saúde reprodutiva, maternidade, pré-natal, etc. [BÔNUS SAÚDE DA MULHER]",Saude_da_Mulher_IR,61,Stata (.dta),337,https://dhsprogram.com/customcf/legacy/data/download_dataset.cfm?Filename=CMIR61DT.zip&Tp=1&Ctry_Code=CM&surv_id=337&dm=1&dmode=nm,Camarões/Saude_da_Mulher_IR/CMIR61DT.zip
CMIR71DT.zip,CM,Camarões,IR,Mulheres (Individual Recode),"Dados individuais de mulheres (15-49 anos). Inclui saúde reprodutiva, maternidade, pré-natal, etc. [BÔNUS SAÚDE DA MULHER]",Saude_da_Mulher_IR,71,Stata (.dta),511,https://dhsprogram.com/customcf/legacy/data/download_dataset.cfm?Filename=CMIR71DT.zip&Tp=1&Ctry_Code=CM&surv_id=511&dm=1&dmode=nm,Camarões/Saude_da_Mulher_IR/CMIR71DT.zip
CMIR82DT.zip,CM,Camarões,IR,Mulheres (Individual Recode),"Dados individuais de mulheres (15-49 anos). Inclui saúde reprodutiva, maternidade, pré-natal, etc. [BÔNUS SAÚDE DA MULHER]",Saude_da_Mulher_IR,82,Stata (.dta),563,https://dhsprogram.com/customcf/legacy/data/download_dataset.cfm?Filename=CMIR82DT.zip&Tp=1&Ctry_Code=CM&surv_id=563&dm=1&dmode=nm,Camarões/Saude_da_Mulher_IR/CMIR82DT.zip
CMKR21DT.zip,CM,Camarões,KR,Crianças (Children's Recode),"Crianças menores de 5 anos de idade, vacinação, nutrição, amamentação e episódios de doenças.",Criancas_KR,21,Stata (.dta),38,https://dhsprogram.com/customcf/legacy/data/download_dataset.cfm?Filename=CMKR21DT.zip&Tp=1&Ctry_Code=CM&surv_id=38&dm=1&dmode=nm,Camarões/Criancas_KR/CMKR21DT.zip
CMKR31DT.zip,CM,Camarões,KR,Crianças (Children's Recode),"Crianças menores de 5 anos de idade, vacinação, nutrição, amamentação e episódios de doenças.",Criancas_KR,31,Stata (.dta),101,https://dhsprogram.com/customcf/legacy/data/download_dataset.cfm?Filename=CMKR31DT.zip&Tp=1&Ctry_Code=CM&surv_id=101&dm=1&dmode=nm,Camarões/Criancas_KR/CMKR31DT.zip
CMKR44DT.zip,CM,Camarões,KR,Crianças (Children's Recode),"Crianças menores de 5 anos de idade, vacinação, nutrição, amamentação e episódios de doenças.",Criancas_KR,44,Stata (.dta),232,https://dhsprogram.com/customcf/legacy/data/download_dataset.cfm?Filename=CMKR44DT.zip&Tp=1&Ctry_Code=CM&surv_id=232&dm=1&dmode=nm,Camarões/Criancas_KR/CMKR44DT.zip
CMKR61DT.zip,CM,Camarões,KR,Crianças (Children's Recode),"Crianças menores de 5 anos de idade, vacinação, nutrição, amamentação e episódios de doenças.",Criancas_KR,61,Stata (.dta),337,https://dhsprogram.com/customcf/legacy/data/download_dataset.cfm?Filename=CMKR61DT.zip&Tp=1&Ctry_Code=CM&surv_id=337&dm=1&dmode=nm,Camarões/Criancas_KR/CMKR61DT.zip
CMKR71DT.zip,CM,Camarões,KR,Crianças (Children's Recode),"Crianças menores de 5 anos de idade, vacinação, nutrição, amamentação e episódios de doenças.",Criancas_KR,71,Stata (.dta),511,https://dhsprogram.com/customcf/legacy/data/download_dataset.cfm?Filename=CMKR71DT.zip&Tp=1&Ctry_Code=CM&surv_id=511&dm=1&dmode=nm,Camarões/Criancas_KR/CMKR71DT.zip
CMKR82DT.zip,CM,Camarões,KR,Crianças (Children's Recode),"Crianças menores de 5 anos de idade, vacinação, nutrição, amamentação e episódios de doenças.",Criancas_KR,82,Stata (.dta),563,https://dhsprogram.com/customcf/legacy/data/download_dataset.cfm?Filename=CMKR82DT.zip&Tp=1&Ctry_Code=CM&surv_id=563&dm=1&dmode=nm,Camarões/Criancas_KR/CMKR82DT.zip
CMMR21DT.zip,CM,Camarões,MR,Homens (Men's Recode),"Dados individuais de homens (15-49/59 anos), trabalho, saúde e conhecimentos reprodutivos.",Homens_MR,21,Stata (.dta),38,https://dhsprogram.com/customcf/legacy/data/download_dataset.cfm?Filename=CMMR21DT.zip&Tp=1&Ctry_Code=CM&surv_id=38&dm=1&dmode=nm,Camarões/Homens_MR/CMMR21DT.zip
CMMR31DT.zip,CM,Camarões,MR,Homens (Men's Recode),"Dados individuais de homens (15-49/59 anos), trabalho, saúde e conhecimentos reprodutivos.",Homens_MR,31,Stata (.dta),101,https://dhsprogram.com/customcf/legacy/data/download_dataset.cfm?Filename=CMMR31DT.zip&Tp=1&Ctry_Code=CM&surv_id=101&dm=1&dmode=nm,Camarões/Homens_MR/CMMR31DT.zip
CMMR44DT.zip,CM,Camarões,MR,Homens (Men's Recode),"Dados individuais de homens (15-49/59 anos), trabalho, saúde e conhecimentos reprodutivos.",Homens_MR,44,Stata (.dta),232,https://dhsprogram.com/customcf/legacy/data/download_dataset.cfm?Filename=CMMR44DT.zip&Tp=1&Ctry_Code=CM&surv_id=232&dm=1&dmode=nm,Camarões/Homens_MR/CMMR44DT.zip
CMMR61DT.zip,CM,Camarões,MR,Homens (Men's Recode),"Dados individuais de homens (15-49/59 anos), trabalho, saúde e conhecimentos reprodutivos.",Homens_MR,61,Stata (.dta),337,https://dhsprogram.com/customcf/legacy/data/download_dataset.cfm?Filename=CMMR61DT.zip&Tp=1&Ctry_Code=CM&surv_id=337&dm=1&dmode=nm,Camarões/Homens_MR/CMMR61DT.zip
CMMR71DT.zip,CM,Camarões,MR,Homens (Men's Recode),"Dados individuais de homens (15-49/59 anos), trabalho, saúde e conhecimentos reprodutivos.",Homens_MR,71,Stata (.dta),511,https://dhsprogram.com/customcf/legacy/data/download_dataset.cfm?Filename=CMMR71DT.zip&Tp=1&Ctry_Code=CM&surv_id=511&dm=1&dmode=nm,Camarões/Homens_MR/CMMR71DT.zip
CMPR22DT.zip,CM,Camarões,PR,Moradores (Household Member Recode),"Informações demográficas de todos os moradores do domicílio (idade, sexo, educação).",Moradores_PR,22,Stata (.dta),38,https://dhsprogram.com/customcf/legacy/data/download_dataset.cfm?Filename=CMPR22DT.zip&Tp=1&Ctry_Code=CM&surv_id=38&dm=1&dmode=nm,Camarões/Moradores_PR/CMPR22DT.zip
CMPR31DT.zip,CM,Camarões,PR,Moradores (Household Member Recode),"Informações demográficas de todos os moradores do domicílio (idade, sexo, educação).",Moradores_PR,31,Stata (.dta),101,https://dhsprogram.com/customcf/legacy/data/download_dataset.cfm?Filename=CMPR31DT.zip&Tp=1&Ctry_Code=CM&surv_id=101&dm=1&dmode=nm,Camarões/Moradores_PR/CMPR31DT.zip
CMPR45DT.zip,CM,Camarões,PR,Moradores (Household Member Recode),"Informações demográficas de todos os moradores do domicílio (idade, sexo, educação).",Moradores_PR,45,Stata (.dta),232,https://dhsprogram.com/customcf/legacy/data/download_dataset.cfm?Filename=CMPR45DT.zip&Tp=1&Ctry_Code=CM&surv_id=232&dm=1&dmode=nm,Camarões/Moradores_PR/CMPR45DT.zip
CMPR61DT.zip,CM,Camarões,PR,Moradores (Household Member Recode),"Informações demográficas de todos os moradores do domicílio (idade, sexo, educação).",Moradores_PR,61,Stata (.dta),337,https://dhsprogram.com/customcf/legacy/data/download_dataset.cfm?Filename=CMPR61DT.zip&Tp=1&Ctry_Code=CM&surv_id=337&dm=1&dmode=nm,Camarões/Moradores_PR/CMPR61DT.zip
CMPR71DT.zip,CM,Camarões,PR,Moradores (Household Member Recode),"Informações demográficas de todos os moradores do domicílio (idade, sexo, educação).",Moradores_PR,71,Stata (.dta),511,https://dhsprogram.com/customcf/legacy/data/download_dataset.cfm?Filename=CMPR71DT.zip&Tp=1&Ctry_Code=CM&surv_id=511&dm=1&dmode=nm,Camarões/Moradores_PR/CMPR71DT.zip
CMPR82DT.zip,CM,Camarões,PR,Moradores (Household Member Recode),"Informações demográficas de todos os moradores do domicílio (idade, sexo, educação).",Moradores_PR,82,Stata (.dta),563,https://dhsprogram.com/customcf/legacy/data/download_dataset.cfm?Filename=CMPR82DT.zip&Tp=1&Ctry_Code=CM&surv_id=563&dm=1&dmode=nm,Camarões/Moradores_PR/CMPR82DT.zip
CMSQ21DT.zip,CM,Camarões,SQ,Serviços de Saúde (Service Questionnaire),Disponibilidade e infraestrutura dos serviços de saúde comunitários.,Servicos_Saude_SQ,21,Stata (.dta),38,https://dhsprogram.com/customcf/legacy/data/download_dataset.cfm?Filename=CMSQ21DT.zip&Tp=1&Ctry_Code=CM&surv_id=38&dm=1&dmode=nm,Camarões/Servicos_Saude_SQ/CMSQ21DT.zip
CMWI22DT.zip,CM,Camarões,WI,Índice de Riqueza (Wealth Index),Pontuação e quintil do índice de riqueza socioeconômica.,Riqueza_WI,22,Stata (.dta),38,https://dhsprogram.com/customcf/legacy/data/download_dataset.cfm?Filename=CMWI22DT.zip&Tp=1&Ctry_Code=CM&surv_id=38&dm=1&dmode=nm,Camarões/Riqueza_WI/CMWI22DT.zip
CMWI31DT.zip,CM,Camarões,WI,Índice de Riqueza (Wealth Index),Pontuação e quintil do índice de riqueza socioeconômica.,Riqueza_WI,31,Stata (.dta),101,https://dhsprogram.com/customcf/legacy/data/download_dataset.cfm?Filename=CMWI31DT.zip&Tp=1&Ctry_Code=CM&surv_id=101&dm=1&dmode=nm,Camarões/Riqueza_WI/CMWI31DT.zip
CFBR31DT.zip,CF,República Centro-Africana,BR,Nascimentos (Births Recode),"Histórico de nascimentos das mulheres entrevistadas, partos, peso ao nascer e mortalidade infantil.",Nascimentos_BR,31,Stata (.dta),66,https://dhsprogram.com/customcf/legacy/data/download_dataset.cfm?Filename=CFBR31DT.zip&Tp=1&Ctry_Code=CF&surv_id=66&dm=1&dmode=nm,República Centro-Africana/Nascimentos_BR/CFBR31DT.zip
CFCR31DT.zip,CF,República Centro-Africana,CR,Casais (Couples Recode),Dados conjuntos de casais casados ou vivendo em união estável.,Casais_CR,31,Stata (.dta),66,https://dhsprogram.com/customcf/legacy/data/download_dataset.cfm?Filename=CFCR31DT.zip&Tp=1&Ctry_Code=CF&surv_id=66&dm=1&dmode=nm,República Centro-Africana/Casais_CR/CFCR31DT.zip
CFHR31DT.zip,CF,República Centro-Africana,HR,Domicílios (Household Recode),"Características do domicílio, saneamento básico, fontes de água, bens e bens duráveis.",Domicilios_HR,31,Stata (.dta),66,https://dhsprogram.com/customcf/legacy/data/download_dataset.cfm?Filename=CFHR31DT.zip&Tp=1&Ctry_Code=CF&surv_id=66&dm=1&dmode=nm,República Centro-Africana/Domicilios_HR/CFHR31DT.zip
CFHW31DT.zip,CF,República Centro-Africana,HW,Antropometria (Height and Weight),"Medições de altura, peso e escores nutricionais de mães e crianças.",Antropometria_HW,31,Stata (.dta),66,https://dhsprogram.com/customcf/legacy/data/download_dataset.cfm?Filename=CFHW31DT.zip&Tp=1&Ctry_Code=CF&surv_id=66&dm=1&dmode=nm,República Centro-Africana/Antropometria_HW/CFHW31DT.zip
CFIR31DT.zip,CF,República Centro-Africana,IR,Mulheres (Individual Recode),"Dados individuais de mulheres (15-49 anos). Inclui saúde reprodutiva, maternidade, pré-natal, etc. [BÔNUS SAÚDE DA MULHER]",Saude_da_Mulher_IR,31,Stata (.dta),66,https://dhsprogram.com/customcf/legacy/data/download_dataset.cfm?Filename=CFIR31DT.zip&Tp=1&Ctry_Code=CF&surv_id=66&dm=1&dmode=nm,República Centro-Africana/Saude_da_Mulher_IR/CFIR31DT.zip
CFKR31DT.zip,CF,República Centro-Africana,KR,Crianças (Children's Recode),"Crianças menores de 5 anos de idade, vacinação, nutrição, amamentação e episódios de doenças.",Criancas_KR,31,Stata (.dta),66,https://dhsprogram.com/customcf/legacy/data/download_dataset.cfm?Filename=CFKR31DT.zip&Tp=1&Ctry_Code=CF&surv_id=66&dm=1&dmode=nm,República Centro-Africana/Criancas_KR/CFKR31DT.zip
CFMR31DT.zip,CF,República Centro-Africana,MR,Homens (Men's Recode),"Dados individuais de homens (15-49/59 anos), trabalho, saúde e conhecimentos reprodutivos.",Homens_MR,31,Stata (.dta),66,https://dhsprogram.com/customcf/legacy/data/download_dataset.cfm?Filename=CFMR31DT.zip&Tp=1&Ctry_Code=CF&surv_id=66&dm=1&dmode=nm,República Centro-Africana/Homens_MR/CFMR31DT.zip
CFPR31DT.zip,CF,República Centro-Africana,PR,Moradores (Household Member Recode),"Informações demográficas de todos os moradores do domicílio (idade, sexo, educação).",Moradores_PR,31,Stata (.dta),66,https://dhsprogram.com/customcf/legacy/data/download_dataset.cfm?Filename=CFPR31DT.zip&Tp=1&Ctry_Code=CF&surv_id=66&dm=1&dmode=nm,República Centro-Africana/Moradores_PR/CFPR31DT.zip
CFSQ33DT.zip,CF,República Centro-Africana,SQ,Serviços de Saúde (Service Questionnaire),Disponibilidade e infraestrutura dos serviços de saúde comunitários.,Servicos_Saude_SQ,33,Stata (.dta),66,https://dhsprogram.com/customcf/legacy/data/download_dataset.cfm?Filename=CFSQ33DT.zip&Tp=1&Ctry_Code=CF&surv_id=66&dm=1&dmode=nm,República Centro-Africana/Servicos_Saude_SQ/CFSQ33DT.zip
CFWI31DT.zip,CF,República Centro-Africana,WI,Índice de Riqueza (Wealth Index),Pontuação e quintil do índice de riqueza socioeconômica.,Riqueza_WI,31,Stata (.dta),66,https://dhsprogram.com/customcf/legacy/data/download_dataset.cfm?Filename=CFWI31DT.zip&Tp=1&Ctry_Code=CF&surv_id=66&dm=1&dmode=nm,República Centro-Africana/Riqueza_WI/CFWI31DT.zip
TDBR31DT.zip,TD,Chade,BR,Nascimentos (Births Recode),"Histórico de nascimentos das mulheres entrevistadas, partos, peso ao nascer e mortalidade infantil.",Nascimentos_BR,31,Stata (.dta),83,https://dhsprogram.com/customcf/legacy/data/download_dataset.cfm?Filename=TDBR31DT.zip&Tp=1&Ctry_Code=TD&surv_id=83&dm=1&dmode=nm,Chade/Nascimentos_BR/TDBR31DT.zip
TDBR41DT.zip,TD,Chade,BR,Nascimentos (Births Recode),"Histórico de nascimentos das mulheres entrevistadas, partos, peso ao nascer e mortalidade infantil.",Nascimentos_BR,41,Stata (.dta),215,https://dhsprogram.com/customcf/legacy/data/download_dataset.cfm?Filename=TDBR41DT.zip&Tp=1&Ctry_Code=TD&surv_id=215&dm=1&dmode=nm,Chade/Nascimentos_BR/TDBR41DT.zip
TDBR71DT.zip,TD,Chade,BR,Nascimentos (Births Recode),"Histórico de nascimentos das mulheres entrevistadas, partos, peso ao nascer e mortalidade infantil.",Nascimentos_BR,71,Stata (.dta),465,https://dhsprogram.com/customcf/legacy/data/download_dataset.cfm?Filename=TDBR71DT.zip&Tp=1&Ctry_Code=TD&surv_id=465&dm=1&dmode=nm,Chade/Nascimentos_BR/TDBR71DT.zip
TDCR31DT.zip,TD,Chade,CR,Casais (Couples Recode),Dados conjuntos de casais casados ou vivendo em união estável.,Casais_CR,31,Stata (.dta),83,https://dhsprogram.com/customcf/legacy/data/download_dataset.cfm?Filename=TDCR31DT.zip&Tp=1&Ctry_Code=TD&surv_id=83&dm=1&dmode=nm,Chade/Casais_CR/TDCR31DT.zip
TDCR41DT.zip,TD,Chade,CR,Casais (Couples Recode),Dados conjuntos de casais casados ou vivendo em união estável.,Casais_CR,41,Stata (.dta),215,https://dhsprogram.com/customcf/legacy/data/download_dataset.cfm?Filename=TDCR41DT.zip&Tp=1&Ctry_Code=TD&surv_id=215&dm=1&dmode=nm,Chade/Casais_CR/TDCR41DT.zip
TDCR71DT.zip,TD,Chade,CR,Casais (Couples Recode),Dados conjuntos de casais casados ou vivendo em união estável.,Casais_CR,71,Stata (.dta),465,https://dhsprogram.com/customcf/legacy/data/download_dataset.cfm?Filename=TDCR71DT.zip&Tp=1&Ctry_Code=TD&surv_id=465&dm=1&dmode=nm,Chade/Casais_CR/TDCR71DT.zip
TDHR31DT.zip,TD,Chade,HR,Domicílios (Household Recode),"Características do domicílio, saneamento básico, fontes de água, bens e bens duráveis.",Domicilios_HR,31,Stata (.dta),83,https://dhsprogram.com/customcf/legacy/data/download_dataset.cfm?Filename=TDHR31DT.zip&Tp=1&Ctry_Code=TD&surv_id=83&dm=1&dmode=nm,Chade/Domicilios_HR/TDHR31DT.zip
TDHR41DT.zip,TD,Chade,HR,Domicílios (Household Recode),"Características do domicílio, saneamento básico, fontes de água, bens e bens duráveis.",Domicilios_HR,41,Stata (.dta),215,https://dhsprogram.com/customcf/legacy/data/download_dataset.cfm?Filename=TDHR41DT.zip&Tp=1&Ctry_Code=TD&surv_id=215&dm=1&dmode=nm,Chade/Domicilios_HR/TDHR41DT.zip
TDHR71DT.zip,TD,Chade,HR,Domicílios (Household Recode),"Características do domicílio, saneamento básico, fontes de água, bens e bens duráveis.",Domicilios_HR,71,Stata (.dta),465,https://dhsprogram.com/customcf/legacy/data/download_dataset.cfm?Filename=TDHR71DT.zip&Tp=1&Ctry_Code=TD&surv_id=465&dm=1&dmode=nm,Chade/Domicilios_HR/TDHR71DT.zip
TDHW31DT.zip,TD,Chade,HW,Antropometria (Height and Weight),"Medições de altura, peso e escores nutricionais de mães e crianças.",Antropometria_HW,31,Stata (.dta),83,https://dhsprogram.com/customcf/legacy/data/download_dataset.cfm?Filename=TDHW31DT.zip&Tp=1&Ctry_Code=TD&surv_id=83&dm=1&dmode=nm,Chade/Antropometria_HW/TDHW31DT.zip
TDHW41DT.zip,TD,Chade,HW,Antropometria (Height and Weight),"Medições de altura, peso e escores nutricionais de mães e crianças.",Antropometria_HW,41,Stata (.dta),215,https://dhsprogram.com/customcf/legacy/data/download_dataset.cfm?Filename=TDHW41DT.zip&Tp=1&Ctry_Code=TD&surv_id=215&dm=1&dmode=nm,Chade/Antropometria_HW/TDHW41DT.zip
TDIR31DT.zip,TD,Chade,IR,Mulheres (Individual Recode),"Dados individuais de mulheres (15-49 anos). Inclui saúde reprodutiva, maternidade, pré-natal, etc. [BÔNUS SAÚDE DA MULHER]",Saude_da_Mulher_IR,31,Stata (.dta),83,https://dhsprogram.com/customcf/legacy/data/download_dataset.cfm?Filename=TDIR31DT.zip&Tp=1&Ctry_Code=TD&surv_id=83&dm=1&dmode=nm,Chade/Saude_da_Mulher_IR/TDIR31DT.zip
TDIR41DT.zip,TD,Chade,IR,Mulheres (Individual Recode),"Dados individuais de mulheres (15-49 anos). Inclui saúde reprodutiva, maternidade, pré-natal, etc. [BÔNUS SAÚDE DA MULHER]",Saude_da_Mulher_IR,41,Stata (.dta),215,https://dhsprogram.com/customcf/legacy/data/download_dataset.cfm?Filename=TDIR41DT.zip&Tp=1&Ctry_Code=TD&surv_id=215&dm=1&dmode=nm,Chade/Saude_da_Mulher_IR/TDIR41DT.zip
TDIR71DT.zip,TD,Chade,IR,Mulheres (Individual Recode),"Dados individuais de mulheres (15-49 anos). Inclui saúde reprodutiva, maternidade, pré-natal, etc. [BÔNUS SAÚDE DA MULHER]",Saude_da_Mulher_IR,71,Stata (.dta),465,https://dhsprogram.com/customcf/legacy/data/download_dataset.cfm?Filename=TDIR71DT.zip&Tp=1&Ctry_Code=TD&surv_id=465&dm=1&dmode=nm,Chade/Saude_da_Mulher_IR/TDIR71DT.zip
TDKR31DT.zip,TD,Chade,KR,Crianças (Children's Recode),"Crianças menores de 5 anos de idade, vacinação, nutrição, amamentação e episódios de doenças.",Criancas_KR,31,Stata (.dta),83,https://dhsprogram.com/customcf/legacy/data/download_dataset.cfm?Filename=TDKR31DT.zip&Tp=1&Ctry_Code=TD&surv_id=83&dm=1&dmode=nm,Chade/Criancas_KR/TDKR31DT.zip
TDKR41DT.zip,TD,Chade,KR,Crianças (Children's Recode),"Crianças menores de 5 anos de idade, vacinação, nutrição, amamentação e episódios de doenças.",Criancas_KR,41,Stata (.dta),215,https://dhsprogram.com/customcf/legacy/data/download_dataset.cfm?Filename=TDKR41DT.zip&Tp=1&Ctry_Code=TD&surv_id=215&dm=1&dmode=nm,Chade/Criancas_KR/TDKR41DT.zip
TDKR71DT.zip,TD,Chade,KR,Crianças (Children's Recode),"Crianças menores de 5 anos de idade, vacinação, nutrição, amamentação e episódios de doenças.",Criancas_KR,71,Stata (.dta),465,https://dhsprogram.com/customcf/legacy/data/download_dataset.cfm?Filename=TDKR71DT.zip&Tp=1&Ctry_Code=TD&surv_id=465&dm=1&dmode=nm,Chade/Criancas_KR/TDKR71DT.zip
TDMR31DT.zip,TD,Chade,MR,Homens (Men's Recode),"Dados individuais de homens (15-49/59 anos), trabalho, saúde e conhecimentos reprodutivos.",Homens_MR,31,Stata (.dta),83,https://dhsprogram.com/customcf/legacy/data/download_dataset.cfm?Filename=TDMR31DT.zip&Tp=1&Ctry_Code=TD&surv_id=83&dm=1&dmode=nm,Chade/Homens_MR/TDMR31DT.zip
TDMR41DT.zip,TD,Chade,MR,Homens (Men's Recode),"Dados individuais de homens (15-49/59 anos), trabalho, saúde e conhecimentos reprodutivos.",Homens_MR,41,Stata (.dta),215,https://dhsprogram.com/customcf/legacy/data/download_dataset.cfm?Filename=TDMR41DT.zip&Tp=1&Ctry_Code=TD&surv_id=215&dm=1&dmode=nm,Chade/Homens_MR/TDMR41DT.zip
TDMR71DT.zip,TD,Chade,MR,Homens (Men's Recode),"Dados individuais de homens (15-49/59 anos), trabalho, saúde e conhecimentos reprodutivos.",Homens_MR,71,Stata (.dta),465,https://dhsprogram.com/customcf/legacy/data/download_dataset.cfm?Filename=TDMR71DT.zip&Tp=1&Ctry_Code=TD&surv_id=465&dm=1&dmode=nm,Chade/Homens_MR/TDMR71DT.zip
TDPR31DT.zip,TD,Chade,PR,Moradores (Household Member Recode),"Informações demográficas de todos os moradores do domicílio (idade, sexo, educação).",Moradores_PR,31,Stata (.dta),83,https://dhsprogram.com/customcf/legacy/data/download_dataset.cfm?Filename=TDPR31DT.zip&Tp=1&Ctry_Code=TD&surv_id=83&dm=1&dmode=nm,Chade/Moradores_PR/TDPR31DT.zip
TDPR41DT.zip,TD,Chade,PR,Moradores (Household Member Recode),"Informações demográficas de todos os moradores do domicílio (idade, sexo, educação).",Moradores_PR,41,Stata (.dta),215,https://dhsprogram.com/customcf/legacy/data/download_dataset.cfm?Filename=TDPR41DT.zip&Tp=1&Ctry_Code=TD&surv_id=215&dm=1&dmode=nm,Chade/Moradores_PR/TDPR41DT.zip
TDPR71DT.zip,TD,Chade,PR,Moradores (Household Member Recode),"Informações demográficas de todos os moradores do domicílio (idade, sexo, educação).",Moradores_PR,71,Stata (.dta),465,https://dhsprogram.com/customcf/legacy/data/download_dataset.cfm?Filename=TDPR71DT.zip&Tp=1&Ctry_Code=TD&surv_id=465&dm=1&dmode=nm,Chade/Moradores_PR/TDPR71DT.zip
TDSQ32DT.zip,TD,Chade,SQ,Serviços de Saúde (Service Questionnaire),Disponibilidade e infraestrutura dos serviços de saúde comunitários.,Servicos_Saude_SQ,32,Stata (.dta),83,https://dhsprogram.com/customcf/legacy/data/download_dataset.cfm?Filename=TDSQ32DT.zip&Tp=1&Ctry_Code=TD&surv_id=83&dm=1&dmode=nm,Chade/Servicos_Saude_SQ/TDSQ32DT.zip
TDSQ41DT.zip,TD,Chade,SQ,Serviços de Saúde (Service Questionnaire),Disponibilidade e infraestrutura dos serviços de saúde comunitários.,Servicos_Saude_SQ,41,Stata (.dta),215,https://dhsprogram.com/customcf/legacy/data/download_dataset.cfm?Filename=TDSQ41DT.zip&Tp=1&Ctry_Code=TD&surv_id=215&dm=1&dmode=nm,Chade/Servicos_Saude_SQ/TDSQ41DT.zip
TDWI31DT.zip,TD,Chade,WI,Índice de Riqueza (Wealth Index),Pontuação e quintil do índice de riqueza socioeconômica.,Riqueza_WI,31,Stata (.dta),83,https://dhsprogram.com/customcf/legacy/data/download_dataset.cfm?Filename=TDWI31DT.zip&Tp=1&Ctry_Code=TD&surv_id=83&dm=1&dmode=nm,Chade/Riqueza_WI/TDWI31DT.zip
KMBR32DT.zip,KM,Comores,BR,Nascimentos (Births Recode),"Histórico de nascimentos das mulheres entrevistadas, partos, peso ao nascer e mortalidade infantil.",Nascimentos_BR,32,Stata (.dta),93,https://dhsprogram.com/customcf/legacy/data/download_dataset.cfm?Filename=KMBR32DT.zip&Tp=1&Ctry_Code=KM&surv_id=93&dm=1&dmode=nm,Comores/Nascimentos_BR/KMBR32DT.zip
KMBR61DT.zip,KM,Comores,BR,Nascimentos (Births Recode),"Histórico de nascimentos das mulheres entrevistadas, partos, peso ao nascer e mortalidade infantil.",Nascimentos_BR,61,Stata (.dta),443,https://dhsprogram.com/customcf/legacy/data/download_dataset.cfm?Filename=KMBR61DT.zip&Tp=1&Ctry_Code=KM&surv_id=443&dm=1&dmode=nm,Comores/Nascimentos_BR/KMBR61DT.zip
KMCR31DT.zip,KM,Comores,CR,Casais (Couples Recode),Dados conjuntos de casais casados ou vivendo em união estável.,Casais_CR,31,Stata (.dta),93,https://dhsprogram.com/customcf/legacy/data/download_dataset.cfm?Filename=KMCR31DT.zip&Tp=1&Ctry_Code=KM&surv_id=93&dm=1&dmode=nm,Comores/Casais_CR/KMCR31DT.zip
KMCR61DT.zip,KM,Comores,CR,Casais (Couples Recode),Dados conjuntos de casais casados ou vivendo em união estável.,Casais_CR,61,Stata (.dta),443,https://dhsprogram.com/customcf/legacy/data/download_dataset.cfm?Filename=KMCR61DT.zip&Tp=1&Ctry_Code=KM&surv_id=443&dm=1&dmode=nm,Comores/Casais_CR/KMCR61DT.zip
KMHR32DT.zip,KM,Comores,HR,Domicílios (Household Recode),"Características do domicílio, saneamento básico, fontes de água, bens e bens duráveis.",Domicilios_HR,32,Stata (.dta),93,https://dhsprogram.com/customcf/legacy/data/download_dataset.cfm?Filename=KMHR32DT.zip&Tp=1&Ctry_Code=KM&surv_id=93&dm=1&dmode=nm,Comores/Domicilios_HR/KMHR32DT.zip
KMHR61DT.zip,KM,Comores,HR,Domicílios (Household Recode),"Características do domicílio, saneamento básico, fontes de água, bens e bens duráveis.",Domicilios_HR,61,Stata (.dta),443,https://dhsprogram.com/customcf/legacy/data/download_dataset.cfm?Filename=KMHR61DT.zip&Tp=1&Ctry_Code=KM&surv_id=443&dm=1&dmode=nm,Comores/Domicilios_HR/KMHR61DT.zip
KMHW32DT.zip,KM,Comores,HW,Antropometria (Height and Weight),"Medições de altura, peso e escores nutricionais de mães e crianças.",Antropometria_HW,32,Stata (.dta),93,https://dhsprogram.com/customcf/legacy/data/download_dataset.cfm?Filename=KMHW32DT.zip&Tp=1&Ctry_Code=KM&surv_id=93&dm=1&dmode=nm,Comores/Antropometria_HW/KMHW32DT.zip
KMIR32DT.zip,KM,Comores,IR,Mulheres (Individual Recode),"Dados individuais de mulheres (15-49 anos). Inclui saúde reprodutiva, maternidade, pré-natal, etc. [BÔNUS SAÚDE DA MULHER]",Saude_da_Mulher_IR,32,Stata (.dta),93,https://dhsprogram.com/customcf/legacy/data/download_dataset.cfm?Filename=KMIR32DT.zip&Tp=1&Ctry_Code=KM&surv_id=93&dm=1&dmode=nm,Comores/Saude_da_Mulher_IR/KMIR32DT.zip
KMIR61DT.zip,KM,Comores,IR,Mulheres (Individual Recode),"Dados individuais de mulheres (15-49 anos). Inclui saúde reprodutiva, maternidade, pré-natal, etc. [BÔNUS SAÚDE DA MULHER]",Saude_da_Mulher_IR,61,Stata (.dta),443,https://dhsprogram.com/customcf/legacy/data/download_dataset.cfm?Filename=KMIR61DT.zip&Tp=1&Ctry_Code=KM&surv_id=443&dm=1&dmode=nm,Comores/Saude_da_Mulher_IR/KMIR61DT.zip
KMKR31DT.zip,KM,Comores,KR,Crianças (Children's Recode),"Crianças menores de 5 anos de idade, vacinação, nutrição, amamentação e episódios de doenças.",Criancas_KR,31,Stata (.dta),93,https://dhsprogram.com/customcf/legacy/data/download_dataset.cfm?Filename=KMKR31DT.zip&Tp=1&Ctry_Code=KM&surv_id=93&dm=1&dmode=nm,Comores/Criancas_KR/KMKR31DT.zip
KMKR61DT.zip,KM,Comores,KR,Crianças (Children's Recode),"Crianças menores de 5 anos de idade, vacinação, nutrição, amamentação e episódios de doenças.",Criancas_KR,61,Stata (.dta),443,https://dhsprogram.com/customcf/legacy/data/download_dataset.cfm?Filename=KMKR61DT.zip&Tp=1&Ctry_Code=KM&surv_id=443&dm=1&dmode=nm,Comores/Criancas_KR/KMKR61DT.zip
KMMR31DT.zip,KM,Comores,MR,Homens (Men's Recode),"Dados individuais de homens (15-49/59 anos), trabalho, saúde e conhecimentos reprodutivos.",Homens_MR,31,Stata (.dta),93,https://dhsprogram.com/customcf/legacy/data/download_dataset.cfm?Filename=KMMR31DT.zip&Tp=1&Ctry_Code=KM&surv_id=93&dm=1&dmode=nm,Comores/Homens_MR/KMMR31DT.zip
KMMR61DT.zip,KM,Comores,MR,Homens (Men's Recode),"Dados individuais de homens (15-49/59 anos), trabalho, saúde e conhecimentos reprodutivos.",Homens_MR,61,Stata (.dta),443,https://dhsprogram.com/customcf/legacy/data/download_dataset.cfm?Filename=KMMR61DT.zip&Tp=1&Ctry_Code=KM&surv_id=443&dm=1&dmode=nm,Comores/Homens_MR/KMMR61DT.zip
KMPR32DT.zip,KM,Comores,PR,Moradores (Household Member Recode),"Informações demográficas de todos os moradores do domicílio (idade, sexo, educação).",Moradores_PR,32,Stata (.dta),93,https://dhsprogram.com/customcf/legacy/data/download_dataset.cfm?Filename=KMPR32DT.zip&Tp=1&Ctry_Code=KM&surv_id=93&dm=1&dmode=nm,Comores/Moradores_PR/KMPR32DT.zip
KMPR61DT.zip,KM,Comores,PR,Moradores (Household Member Recode),"Informações demográficas de todos os moradores do domicílio (idade, sexo, educação).",Moradores_PR,61,Stata (.dta),443,https://dhsprogram.com/customcf/legacy/data/download_dataset.cfm?Filename=KMPR61DT.zip&Tp=1&Ctry_Code=KM&surv_id=443&dm=1&dmode=nm,Comores/Moradores_PR/KMPR61DT.zip
KMWI32DT.zip,KM,Comores,WI,Índice de Riqueza (Wealth Index),Pontuação e quintil do índice de riqueza socioeconômica.,Riqueza_WI,32,Stata (.dta),93,https://dhsprogram.com/customcf/legacy/data/download_dataset.cfm?Filename=KMWI32DT.zip&Tp=1&Ctry_Code=KM&surv_id=93&dm=1&dmode=nm,Comores/Riqueza_WI/KMWI32DT.zip
CGBR51DT.zip,CG,Congo (Brazzaville),BR,Nascimentos (Births Recode),"Histórico de nascimentos das mulheres entrevistadas, partos, peso ao nascer e mortalidade infantil.",Nascimentos_BR,51,Stata (.dta),267,https://dhsprogram.com/customcf/legacy/data/download_dataset.cfm?Filename=CGBR51DT.zip&Tp=1&Ctry_Code=CG&surv_id=267&dm=1&dmode=nm,Congo (Brazzaville)/Nascimentos_BR/CGBR51DT.zip
CGBR61DT.zip,CG,Congo (Brazzaville),BR,Nascimentos (Births Recode),"Histórico de nascimentos das mulheres entrevistadas, partos, peso ao nascer e mortalidade infantil.",Nascimentos_BR,61,Stata (.dta),388,https://dhsprogram.com/customcf/legacy/data/download_dataset.cfm?Filename=CGBR61DT.zip&Tp=1&Ctry_Code=CG&surv_id=388&dm=1&dmode=nm,Congo (Brazzaville)/Nascimentos_BR/CGBR61DT.zip
CGCR51DT.zip,CG,Congo (Brazzaville),CR,Casais (Couples Recode),Dados conjuntos de casais casados ou vivendo em união estável.,Casais_CR,51,Stata (.dta),267,https://dhsprogram.com/customcf/legacy/data/download_dataset.cfm?Filename=CGCR51DT.zip&Tp=1&Ctry_Code=CG&surv_id=267&dm=1&dmode=nm,Congo (Brazzaville)/Casais_CR/CGCR51DT.zip
CGCR61DT.zip,CG,Congo (Brazzaville),CR,Casais (Couples Recode),Dados conjuntos de casais casados ou vivendo em união estável.,Casais_CR,61,Stata (.dta),388,https://dhsprogram.com/customcf/legacy/data/download_dataset.cfm?Filename=CGCR61DT.zip&Tp=1&Ctry_Code=CG&surv_id=388&dm=1&dmode=nm,Congo (Brazzaville)/Casais_CR/CGCR61DT.zip
CGHR51DT.zip,CG,Congo (Brazzaville),HR,Domicílios (Household Recode),"Características do domicílio, saneamento básico, fontes de água, bens e bens duráveis.",Domicilios_HR,51,Stata (.dta),267,https://dhsprogram.com/customcf/legacy/data/download_dataset.cfm?Filename=CGHR51DT.zip&Tp=1&Ctry_Code=CG&surv_id=267&dm=1&dmode=nm,Congo (Brazzaville)/Domicilios_HR/CGHR51DT.zip
CGHR5ADT.zip,CG,Congo (Brazzaville),HR,Domicílios (Household Recode),"Características do domicílio, saneamento básico, fontes de água, bens e bens duráveis.",Domicilios_HR,5A,Stata (.dta),370,https://dhsprogram.com/customcf/legacy/data/download_dataset.cfm?Filename=CGHR5ADT.zip&Tp=1&Ctry_Code=CG&surv_id=370&dm=1&dmode=nm,Congo (Brazzaville)/Domicilios_HR/CGHR5ADT.zip
CGHR61DT.zip,CG,Congo (Brazzaville),HR,Domicílios (Household Recode),"Características do domicílio, saneamento básico, fontes de água, bens e bens duráveis.",Domicilios_HR,61,Stata (.dta),388,https://dhsprogram.com/customcf/legacy/data/download_dataset.cfm?Filename=CGHR61DT.zip&Tp=1&Ctry_Code=CG&surv_id=388&dm=1&dmode=nm,Congo (Brazzaville)/Domicilios_HR/CGHR61DT.zip
CGHW51DT.zip,CG,Congo (Brazzaville),HW,Antropometria (Height and Weight),"Medições de altura, peso e escores nutricionais de mães e crianças.",Antropometria_HW,51,Stata (.dta),267,https://dhsprogram.com/customcf/legacy/data/download_dataset.cfm?Filename=CGHW51DT.zip&Tp=1&Ctry_Code=CG&surv_id=267&dm=1&dmode=nm,Congo (Brazzaville)/Antropometria_HW/CGHW51DT.zip
CGIR51DT.zip,CG,Congo (Brazzaville),IR,Mulheres (Individual Recode),"Dados individuais de mulheres (15-49 anos). Inclui saúde reprodutiva, maternidade, pré-natal, etc. [BÔNUS SAÚDE DA MULHER]",Saude_da_Mulher_IR,51,Stata (.dta),267,https://dhsprogram.com/customcf/legacy/data/download_dataset.cfm?Filename=CGIR51DT.zip&Tp=1&Ctry_Code=CG&surv_id=267&dm=1&dmode=nm,Congo (Brazzaville)/Saude_da_Mulher_IR/CGIR51DT.zip
CGIR5ADT.zip,CG,Congo (Brazzaville),IR,Mulheres (Individual Recode),"Dados individuais de mulheres (15-49 anos). Inclui saúde reprodutiva, maternidade, pré-natal, etc. [BÔNUS SAÚDE DA MULHER]",Saude_da_Mulher_IR,5A,Stata (.dta),370,https://dhsprogram.com/customcf/legacy/data/download_dataset.cfm?Filename=CGIR5ADT.zip&Tp=1&Ctry_Code=CG&surv_id=370&dm=1&dmode=nm,Congo (Brazzaville)/Saude_da_Mulher_IR/CGIR5ADT.zip
CGIR61DT.zip,CG,Congo (Brazzaville),IR,Mulheres (Individual Recode),"Dados individuais de mulheres (15-49 anos). Inclui saúde reprodutiva, maternidade, pré-natal, etc. [BÔNUS SAÚDE DA MULHER]",Saude_da_Mulher_IR,61,Stata (.dta),388,https://dhsprogram.com/customcf/legacy/data/download_dataset.cfm?Filename=CGIR61DT.zip&Tp=1&Ctry_Code=CG&surv_id=388&dm=1&dmode=nm,Congo (Brazzaville)/Saude_da_Mulher_IR/CGIR61DT.zip
CGKR51DT.zip,CG,Congo (Brazzaville),KR,Crianças (Children's Recode),"Crianças menores de 5 anos de idade, vacinação, nutrição, amamentação e episódios de doenças.",Criancas_KR,51,Stata (.dta),267,https://dhsprogram.com/customcf/legacy/data/download_dataset.cfm?Filename=CGKR51DT.zip&Tp=1&Ctry_Code=CG&surv_id=267&dm=1&dmode=nm,Congo (Brazzaville)/Criancas_KR/CGKR51DT.zip
CGKR61DT.zip,CG,Congo (Brazzaville),KR,Crianças (Children's Recode),"Crianças menores de 5 anos de idade, vacinação, nutrição, amamentação e episódios de doenças.",Criancas_KR,61,Stata (.dta),388,https://dhsprogram.com/customcf/legacy/data/download_dataset.cfm?Filename=CGKR61DT.zip&Tp=1&Ctry_Code=CG&surv_id=388&dm=1&dmode=nm,Congo (Brazzaville)/Criancas_KR/CGKR61DT.zip
CGMR51DT.zip,CG,Congo (Brazzaville),MR,Homens (Men's Recode),"Dados individuais de homens (15-49/59 anos), trabalho, saúde e conhecimentos reprodutivos.",Homens_MR,51,Stata (.dta),267,https://dhsprogram.com/customcf/legacy/data/download_dataset.cfm?Filename=CGMR51DT.zip&Tp=1&Ctry_Code=CG&surv_id=267&dm=1&dmode=nm,Congo (Brazzaville)/Homens_MR/CGMR51DT.zip
CGMR61DT.zip,CG,Congo (Brazzaville),MR,Homens (Men's Recode),"Dados individuais de homens (15-49/59 anos), trabalho, saúde e conhecimentos reprodutivos.",Homens_MR,61,Stata (.dta),388,https://dhsprogram.com/customcf/legacy/data/download_dataset.cfm?Filename=CGMR61DT.zip&Tp=1&Ctry_Code=CG&surv_id=388&dm=1&dmode=nm,Congo (Brazzaville)/Homens_MR/CGMR61DT.zip
CGPR51DT.zip,CG,Congo (Brazzaville),PR,Moradores (Household Member Recode),"Informações demográficas de todos os moradores do domicílio (idade, sexo, educação).",Moradores_PR,51,Stata (.dta),267,https://dhsprogram.com/customcf/legacy/data/download_dataset.cfm?Filename=CGPR51DT.zip&Tp=1&Ctry_Code=CG&surv_id=267&dm=1&dmode=nm,Congo (Brazzaville)/Moradores_PR/CGPR51DT.zip
CGPR5ADT.zip,CG,Congo (Brazzaville),PR,Moradores (Household Member Recode),"Informações demográficas de todos os moradores do domicílio (idade, sexo, educação).",Moradores_PR,5A,Stata (.dta),370,https://dhsprogram.com/customcf/legacy/data/download_dataset.cfm?Filename=CGPR5ADT.zip&Tp=1&Ctry_Code=CG&surv_id=370&dm=1&dmode=nm,Congo (Brazzaville)/Moradores_PR/CGPR5ADT.zip
CGPR61DT.zip,CG,Congo (Brazzaville),PR,Moradores (Household Member Recode),"Informações demográficas de todos os moradores do domicílio (idade, sexo, educação).",Moradores_PR,61,Stata (.dta),388,https://dhsprogram.com/customcf/legacy/data/download_dataset.cfm?Filename=CGPR61DT.zip&Tp=1&Ctry_Code=CG&surv_id=388&dm=1&dmode=nm,Congo (Brazzaville)/Moradores_PR/CGPR61DT.zip
CDBR51DT.zip,CD,Congo (República Democrática),BR,Nascimentos (Births Recode),"Histórico de nascimentos das mulheres entrevistadas, partos, peso ao nascer e mortalidade infantil.",Nascimentos_BR,51,Stata (.dta),239,https://dhsprogram.com/customcf/legacy/data/download_dataset.cfm?Filename=CDBR51DT.zip&Tp=1&Ctry_Code=CD&surv_id=239&dm=1&dmode=nm,Congo (República Democrática)/Nascimentos_BR/CDBR51DT.zip
CDBR61DT.zip,CD,Congo (República Democrática),BR,Nascimentos (Births Recode),"Histórico de nascimentos das mulheres entrevistadas, partos, peso ao nascer e mortalidade infantil.",Nascimentos_BR,61,Stata (.dta),421,https://dhsprogram.com/customcf/legacy/data/download_dataset.cfm?Filename=CDBR61DT.zip&Tp=1&Ctry_Code=CD&surv_id=421&dm=1&dmode=nm,Congo (República Democrática)/Nascimentos_BR/CDBR61DT.zip
CDBR81DT.zip,CD,Congo (República Democrática),BR,Nascimentos (Births Recode),"Histórico de nascimentos das mulheres entrevistadas, partos, peso ao nascer e mortalidade infantil.",Nascimentos_BR,81,Stata (.dta),597,https://dhsprogram.com/customcf/legacy/data/download_dataset.cfm?Filename=CDBR81DT.zip&Tp=1&Ctry_Code=CD&surv_id=597&dm=1&dmode=nm,Congo (República Democrática)/Nascimentos_BR/CDBR81DT.zip
CDCR51DT.zip,CD,Congo (República Democrática),CR,Casais (Couples Recode),Dados conjuntos de casais casados ou vivendo em união estável.,Casais_CR,51,Stata (.dta),239,https://dhsprogram.com/customcf/legacy/data/download_dataset.cfm?Filename=CDCR51DT.zip&Tp=1&Ctry_Code=CD&surv_id=239&dm=1&dmode=nm,Congo (República Democrática)/Casais_CR/CDCR51DT.zip
CDCR61DT.zip,CD,Congo (República Democrática),CR,Casais (Couples Recode),Dados conjuntos de casais casados ou vivendo em união estável.,Casais_CR,61,Stata (.dta),421,https://dhsprogram.com/customcf/legacy/data/download_dataset.cfm?Filename=CDCR61DT.zip&Tp=1&Ctry_Code=CD&surv_id=421&dm=1&dmode=nm,Congo (República Democrática)/Casais_CR/CDCR61DT.zip
CDCR81DT.zip,CD,Congo (República Democrática),CR,Casais (Couples Recode),Dados conjuntos de casais casados ou vivendo em união estável.,Casais_CR,81,Stata (.dta),597,https://dhsprogram.com/customcf/legacy/data/download_dataset.cfm?Filename=CDCR81DT.zip&Tp=1&Ctry_Code=CD&surv_id=597&dm=1&dmode=nm,Congo (República Democrática)/Casais_CR/CDCR81DT.zip
CDHR51DT.zip,CD,Congo (República Democrática),HR,Domicílios (Household Recode),"Características do domicílio, saneamento básico, fontes de água, bens e bens duráveis.",Domicilios_HR,51,Stata (.dta),239,https://dhsprogram.com/customcf/legacy/data/download_dataset.cfm?Filename=CDHR51DT.zip&Tp=1&Ctry_Code=CD&surv_id=239&dm=1&dmode=nm,Congo (República Democrática)/Domicilios_HR/CDHR51DT.zip
CDHR61DT.zip,CD,Congo (República Democrática),HR,Domicílios (Household Recode),"Características do domicílio, saneamento básico, fontes de água, bens e bens duráveis.",Domicilios_HR,61,Stata (.dta),421,https://dhsprogram.com/customcf/legacy/data/download_dataset.cfm?Filename=CDHR61DT.zip&Tp=1&Ctry_Code=CD&surv_id=421&dm=1&dmode=nm,Congo (República Democrática)/Domicilios_HR/CDHR61DT.zip
CDHR81DT.zip,CD,Congo (República Democrática),HR,Domicílios (Household Recode),"Características do domicílio, saneamento básico, fontes de água, bens e bens duráveis.",Domicilios_HR,81,Stata (.dta),597,https://dhsprogram.com/customcf/legacy/data/download_dataset.cfm?Filename=CDHR81DT.zip&Tp=1&Ctry_Code=CD&surv_id=597&dm=1&dmode=nm,Congo (República Democrática)/Domicilios_HR/CDHR81DT.zip
CDIR51DT.zip,CD,Congo (República Democrática),IR,Mulheres (Individual Recode),"Dados individuais de mulheres (15-49 anos). Inclui saúde reprodutiva, maternidade, pré-natal, etc. [BÔNUS SAÚDE DA MULHER]",Saude_da_Mulher_IR,51,Stata (.dta),239,https://dhsprogram.com/customcf/legacy/data/download_dataset.cfm?Filename=CDIR51DT.zip&Tp=1&Ctry_Code=CD&surv_id=239&dm=1&dmode=nm,Congo (República Democrática)/Saude_da_Mulher_IR/CDIR51DT.zip
CDIR61DT.zip,CD,Congo (República Democrática),IR,Mulheres (Individual Recode),"Dados individuais de mulheres (15-49 anos). Inclui saúde reprodutiva, maternidade, pré-natal, etc. [BÔNUS SAÚDE DA MULHER]",Saude_da_Mulher_IR,61,Stata (.dta),421,https://dhsprogram.com/customcf/legacy/data/download_dataset.cfm?Filename=CDIR61DT.zip&Tp=1&Ctry_Code=CD&surv_id=421&dm=1&dmode=nm,Congo (República Democrática)/Saude_da_Mulher_IR/CDIR61DT.zip
CDIR81DT.zip,CD,Congo (República Democrática),IR,Mulheres (Individual Recode),"Dados individuais de mulheres (15-49 anos). Inclui saúde reprodutiva, maternidade, pré-natal, etc. [BÔNUS SAÚDE DA MULHER]",Saude_da_Mulher_IR,81,Stata (.dta),597,https://dhsprogram.com/customcf/legacy/data/download_dataset.cfm?Filename=CDIR81DT.zip&Tp=1&Ctry_Code=CD&surv_id=597&dm=1&dmode=nm,Congo (República Democrática)/Saude_da_Mulher_IR/CDIR81DT.zip
CDKR51DT.zip,CD,Congo (República Democrática),KR,Crianças (Children's Recode),"Crianças menores de 5 anos de idade, vacinação, nutrição, amamentação e episódios de doenças.",Criancas_KR,51,Stata (.dta),239,https://dhsprogram.com/customcf/legacy/data/download_dataset.cfm?Filename=CDKR51DT.zip&Tp=1&Ctry_Code=CD&surv_id=239&dm=1&dmode=nm,Congo (República Democrática)/Criancas_KR/CDKR51DT.zip
CDKR61DT.zip,CD,Congo (República Democrática),KR,Crianças (Children's Recode),"Crianças menores de 5 anos de idade, vacinação, nutrição, amamentação e episódios de doenças.",Criancas_KR,61,Stata (.dta),421,https://dhsprogram.com/customcf/legacy/data/download_dataset.cfm?Filename=CDKR61DT.zip&Tp=1&Ctry_Code=CD&surv_id=421&dm=1&dmode=nm,Congo (República Democrática)/Criancas_KR/CDKR61DT.zip
CDKR81DT.zip,CD,Congo (República Democrática),KR,Crianças (Children's Recode),"Crianças menores de 5 anos de idade, vacinação, nutrição, amamentação e episódios de doenças.",Criancas_KR,81,Stata (.dta),597,https://dhsprogram.com/customcf/legacy/data/download_dataset.cfm?Filename=CDKR81DT.zip&Tp=1&Ctry_Code=CD&surv_id=597&dm=1&dmode=nm,Congo (República Democrática)/Criancas_KR/CDKR81DT.zip
CDMR51DT.zip,CD,Congo (República Democrática),MR,Homens (Men's Recode),"Dados individuais de homens (15-49/59 anos), trabalho, saúde e conhecimentos reprodutivos.",Homens_MR,51,Stata (.dta),239,https://dhsprogram.com/customcf/legacy/data/download_dataset.cfm?Filename=CDMR51DT.zip&Tp=1&Ctry_Code=CD&surv_id=239&dm=1&dmode=nm,Congo (República Democrática)/Homens_MR/CDMR51DT.zip
CDMR61DT.zip,CD,Congo (República Democrática),MR,Homens (Men's Recode),"Dados individuais de homens (15-49/59 anos), trabalho, saúde e conhecimentos reprodutivos.",Homens_MR,61,Stata (.dta),421,https://dhsprogram.com/customcf/legacy/data/download_dataset.cfm?Filename=CDMR61DT.zip&Tp=1&Ctry_Code=CD&surv_id=421&dm=1&dmode=nm,Congo (República Democrática)/Homens_MR/CDMR61DT.zip
CDMR81DT.zip,CD,Congo (República Democrática),MR,Homens (Men's Recode),"Dados individuais de homens (15-49/59 anos), trabalho, saúde e conhecimentos reprodutivos.",Homens_MR,81,Stata (.dta),597,https://dhsprogram.com/customcf/legacy/data/download_dataset.cfm?Filename=CDMR81DT.zip&Tp=1&Ctry_Code=CD&surv_id=597&dm=1&dmode=nm,Congo (República Democrática)/Homens_MR/CDMR81DT.zip
CDPR51DT.zip,CD,Congo (República Democrática),PR,Moradores (Household Member Recode),"Informações demográficas de todos os moradores do domicílio (idade, sexo, educação).",Moradores_PR,51,Stata (.dta),239,https://dhsprogram.com/customcf/legacy/data/download_dataset.cfm?Filename=CDPR51DT.zip&Tp=1&Ctry_Code=CD&surv_id=239&dm=1&dmode=nm,Congo (República Democrática)/Moradores_PR/CDPR51DT.zip
CDPR61DT.zip,CD,Congo (República Democrática),PR,Moradores (Household Member Recode),"Informações demográficas de todos os moradores do domicílio (idade, sexo, educação).",Moradores_PR,61,Stata (.dta),421,https://dhsprogram.com/customcf/legacy/data/download_dataset.cfm?Filename=CDPR61DT.zip&Tp=1&Ctry_Code=CD&surv_id=421&dm=1&dmode=nm,Congo (República Democrática)/Moradores_PR/CDPR61DT.zip
CDPR81DT.zip,CD,Congo (República Democrática),PR,Moradores (Household Member Recode),"Informações demográficas de todos os moradores do domicílio (idade, sexo, educação).",Moradores_PR,81,Stata (.dta),597,https://dhsprogram.com/customcf/legacy/data/download_dataset.cfm?Filename=CDPR81DT.zip&Tp=1&Ctry_Code=CD&surv_id=597&dm=1&dmode=nm,Congo (República Democrática)/Moradores_PR/CDPR81DT.zip
CIBR35DT.zip,CI,Costa do Marfim,BR,Nascimentos (Births Recode),"Histórico de nascimentos das mulheres entrevistadas, partos, peso ao nascer e mortalidade infantil.",Nascimentos_BR,35,Stata (.dta),62,https://dhsprogram.com/customcf/legacy/data/download_dataset.cfm?Filename=CIBR35DT.zip&Tp=1&Ctry_Code=CI&surv_id=62&dm=1&dmode=nm,Costa do Marfim/Nascimentos_BR/CIBR35DT.zip
CIBR3ADT.zip,CI,Costa do Marfim,BR,Nascimentos (Births Recode),"Histórico de nascimentos das mulheres entrevistadas, partos, peso ao nascer e mortalidade infantil.",Nascimentos_BR,3A,Stata (.dta),106,https://dhsprogram.com/customcf/legacy/data/download_dataset.cfm?Filename=CIBR3ADT.zip&Tp=1&Ctry_Code=CI&surv_id=106&dm=1&dmode=nm,Costa do Marfim/Nascimentos_BR/CIBR3ADT.zip
CIBR51DT.zip,CI,Costa do Marfim,BR,Nascimentos (Births Recode),"Histórico de nascimentos das mulheres entrevistadas, partos, peso ao nascer e mortalidade infantil.",Nascimentos_BR,51,Stata (.dta),231,https://dhsprogram.com/customcf/legacy/data/download_dataset.cfm?Filename=CIBR51DT.zip&Tp=1&Ctry_Code=CI&surv_id=231&dm=1&dmode=nm,Costa do Marfim/Nascimentos_BR/CIBR51DT.zip
CIBR62DT.zip,CI,Costa do Marfim,BR,Nascimentos (Births Recode),"Histórico de nascimentos das mulheres entrevistadas, partos, peso ao nascer e mortalidade infantil.",Nascimentos_BR,62,Stata (.dta),311,https://dhsprogram.com/customcf/legacy/data/download_dataset.cfm?Filename=CIBR62DT.zip&Tp=1&Ctry_Code=CI&surv_id=311&dm=1&dmode=nm,Costa do Marfim/Nascimentos_BR/CIBR62DT.zip
CIBR81DT.zip,CI,Costa do Marfim,BR,Nascimentos (Births Recode),"Histórico de nascimentos das mulheres entrevistadas, partos, peso ao nascer e mortalidade infantil.",Nascimentos_BR,81,Stata (.dta),559,https://dhsprogram.com/customcf/legacy/data/download_dataset.cfm?Filename=CIBR81DT.zip&Tp=1&Ctry_Code=CI&surv_id=559&dm=1&dmode=nm,Costa do Marfim/Nascimentos_BR/CIBR81DT.zip
CICR35DT.zip,CI,Costa do Marfim,CR,Casais (Couples Recode),Dados conjuntos de casais casados ou vivendo em união estável.,Casais_CR,35,Stata (.dta),62,https://dhsprogram.com/customcf/legacy/data/download_dataset.cfm?Filename=CICR35DT.zip&Tp=1&Ctry_Code=CI&surv_id=62&dm=1&dmode=nm,Costa do Marfim/Casais_CR/CICR35DT.zip
CICR3ADT.zip,CI,Costa do Marfim,CR,Casais (Couples Recode),Dados conjuntos de casais casados ou vivendo em união estável.,Casais_CR,3A,Stata (.dta),106,https://dhsprogram.com/customcf/legacy/data/download_dataset.cfm?Filename=CICR3ADT.zip&Tp=1&Ctry_Code=CI&surv_id=106&dm=1&dmode=nm,Costa do Marfim/Casais_CR/CICR3ADT.zip
CICR62DT.zip,CI,Costa do Marfim,CR,Casais (Couples Recode),Dados conjuntos de casais casados ou vivendo em união estável.,Casais_CR,62,Stata (.dta),311,https://dhsprogram.com/customcf/legacy/data/download_dataset.cfm?Filename=CICR62DT.zip&Tp=1&Ctry_Code=CI&surv_id=311&dm=1&dmode=nm,Costa do Marfim/Casais_CR/CICR62DT.zip
CICR81DT.zip,CI,Costa do Marfim,CR,Casais (Couples Recode),Dados conjuntos de casais casados ou vivendo em união estável.,Casais_CR,81,Stata (.dta),559,https://dhsprogram.com/customcf/legacy/data/download_dataset.cfm?Filename=CICR81DT.zip&Tp=1&Ctry_Code=CI&surv_id=559&dm=1&dmode=nm,Costa do Marfim/Casais_CR/CICR81DT.zip
CIHR35DT.zip,CI,Costa do Marfim,HR,Domicílios (Household Recode),"Características do domicílio, saneamento básico, fontes de água, bens e bens duráveis.",Domicilios_HR,35,Stata (.dta),62,https://dhsprogram.com/customcf/legacy/data/download_dataset.cfm?Filename=CIHR35DT.zip&Tp=1&Ctry_Code=CI&surv_id=62&dm=1&dmode=nm,Costa do Marfim/Domicilios_HR/CIHR35DT.zip
CIHR3ADT.zip,CI,Costa do Marfim,HR,Domicílios (Household Recode),"Características do domicílio, saneamento básico, fontes de água, bens e bens duráveis.",Domicilios_HR,3A,Stata (.dta),106,https://dhsprogram.com/customcf/legacy/data/download_dataset.cfm?Filename=CIHR3ADT.zip&Tp=1&Ctry_Code=CI&surv_id=106&dm=1&dmode=nm,Costa do Marfim/Domicilios_HR/CIHR3ADT.zip
CIHR51DT.zip,CI,Costa do Marfim,HR,Domicílios (Household Recode),"Características do domicílio, saneamento básico, fontes de água, bens e bens duráveis.",Domicilios_HR,51,Stata (.dta),231,https://dhsprogram.com/customcf/legacy/data/download_dataset.cfm?Filename=CIHR51DT.zip&Tp=1&Ctry_Code=CI&surv_id=231&dm=1&dmode=nm,Costa do Marfim/Domicilios_HR/CIHR51DT.zip
CIHR62DT.zip,CI,Costa do Marfim,HR,Domicílios (Household Recode),"Características do domicílio, saneamento básico, fontes de água, bens e bens duráveis.",Domicilios_HR,62,Stata (.dta),311,https://dhsprogram.com/customcf/legacy/data/download_dataset.cfm?Filename=CIHR62DT.zip&Tp=1&Ctry_Code=CI&surv_id=311&dm=1&dmode=nm,Costa do Marfim/Domicilios_HR/CIHR62DT.zip
CIHR81DT.zip,CI,Costa do Marfim,HR,Domicílios (Household Recode),"Características do domicílio, saneamento básico, fontes de água, bens e bens duráveis.",Domicilios_HR,81,Stata (.dta),559,https://dhsprogram.com/customcf/legacy/data/download_dataset.cfm?Filename=CIHR81DT.zip&Tp=1&Ctry_Code=CI&surv_id=559&dm=1&dmode=nm,Costa do Marfim/Domicilios_HR/CIHR81DT.zip
CIHW35DT.zip,CI,Costa do Marfim,HW,Antropometria (Height and Weight),"Medições de altura, peso e escores nutricionais de mães e crianças.",Antropometria_HW,35,Stata (.dta),62,https://dhsprogram.com/customcf/legacy/data/download_dataset.cfm?Filename=CIHW35DT.zip&Tp=1&Ctry_Code=CI&surv_id=62&dm=1&dmode=nm,Costa do Marfim/Antropometria_HW/CIHW35DT.zip
CIHW3ADT.zip,CI,Costa do Marfim,HW,Antropometria (Height and Weight),"Medições de altura, peso e escores nutricionais de mães e crianças.",Antropometria_HW,3A,Stata (.dta),106,https://dhsprogram.com/customcf/legacy/data/download_dataset.cfm?Filename=CIHW3ADT.zip&Tp=1&Ctry_Code=CI&surv_id=106&dm=1&dmode=nm,Costa do Marfim/Antropometria_HW/CIHW3ADT.zip
CIIR35DT.zip,CI,Costa do Marfim,IR,Mulheres (Individual Recode),"Dados individuais de mulheres (15-49 anos). Inclui saúde reprodutiva, maternidade, pré-natal, etc. [BÔNUS SAÚDE DA MULHER]",Saude_da_Mulher_IR,35,Stata (.dta),62,https://dhsprogram.com/customcf/legacy/data/download_dataset.cfm?Filename=CIIR35DT.zip&Tp=1&Ctry_Code=CI&surv_id=62&dm=1&dmode=nm,Costa do Marfim/Saude_da_Mulher_IR/CIIR35DT.zip
CIIR3ADT.zip,CI,Costa do Marfim,IR,Mulheres (Individual Recode),"Dados individuais de mulheres (15-49 anos). Inclui saúde reprodutiva, maternidade, pré-natal, etc. [BÔNUS SAÚDE DA MULHER]",Saude_da_Mulher_IR,3A,Stata (.dta),106,https://dhsprogram.com/customcf/legacy/data/download_dataset.cfm?Filename=CIIR3ADT.zip&Tp=1&Ctry_Code=CI&surv_id=106&dm=1&dmode=nm,Costa do Marfim/Saude_da_Mulher_IR/CIIR3ADT.zip
CIIR51DT.zip,CI,Costa do Marfim,IR,Mulheres (Individual Recode),"Dados individuais de mulheres (15-49 anos). Inclui saúde reprodutiva, maternidade, pré-natal, etc. [BÔNUS SAÚDE DA MULHER]",Saude_da_Mulher_IR,51,Stata (.dta),231,https://dhsprogram.com/customcf/legacy/data/download_dataset.cfm?Filename=CIIR51DT.zip&Tp=1&Ctry_Code=CI&surv_id=231&dm=1&dmode=nm,Costa do Marfim/Saude_da_Mulher_IR/CIIR51DT.zip
CIIR62DT.zip,CI,Costa do Marfim,IR,Mulheres (Individual Recode),"Dados individuais de mulheres (15-49 anos). Inclui saúde reprodutiva, maternidade, pré-natal, etc. [BÔNUS SAÚDE DA MULHER]",Saude_da_Mulher_IR,62,Stata (.dta),311,https://dhsprogram.com/customcf/legacy/data/download_dataset.cfm?Filename=CIIR62DT.zip&Tp=1&Ctry_Code=CI&surv_id=311&dm=1&dmode=nm,Costa do Marfim/Saude_da_Mulher_IR/CIIR62DT.zip
CIIR81DT.zip,CI,Costa do Marfim,IR,Mulheres (Individual Recode),"Dados individuais de mulheres (15-49 anos). Inclui saúde reprodutiva, maternidade, pré-natal, etc. [BÔNUS SAÚDE DA MULHER]",Saude_da_Mulher_IR,81,Stata (.dta),559,https://dhsprogram.com/customcf/legacy/data/download_dataset.cfm?Filename=CIIR81DT.zip&Tp=1&Ctry_Code=CI&surv_id=559&dm=1&dmode=nm,Costa do Marfim/Saude_da_Mulher_IR/CIIR81DT.zip
CIKR35DT.zip,CI,Costa do Marfim,KR,Crianças (Children's Recode),"Crianças menores de 5 anos de idade, vacinação, nutrição, amamentação e episódios de doenças.",Criancas_KR,35,Stata (.dta),62,https://dhsprogram.com/customcf/legacy/data/download_dataset.cfm?Filename=CIKR35DT.zip&Tp=1&Ctry_Code=CI&surv_id=62&dm=1&dmode=nm,Costa do Marfim/Criancas_KR/CIKR35DT.zip
CIKR3ADT.zip,CI,Costa do Marfim,KR,Crianças (Children's Recode),"Crianças menores de 5 anos de idade, vacinação, nutrição, amamentação e episódios de doenças.",Criancas_KR,3A,Stata (.dta),106,https://dhsprogram.com/customcf/legacy/data/download_dataset.cfm?Filename=CIKR3ADT.zip&Tp=1&Ctry_Code=CI&surv_id=106&dm=1&dmode=nm,Costa do Marfim/Criancas_KR/CIKR3ADT.zip
CIKR51DT.zip,CI,Costa do Marfim,KR,Crianças (Children's Recode),"Crianças menores de 5 anos de idade, vacinação, nutrição, amamentação e episódios de doenças.",Criancas_KR,51,Stata (.dta),231,https://dhsprogram.com/customcf/legacy/data/download_dataset.cfm?Filename=CIKR51DT.zip&Tp=1&Ctry_Code=CI&surv_id=231&dm=1&dmode=nm,Costa do Marfim/Criancas_KR/CIKR51DT.zip
CIKR62DT.zip,CI,Costa do Marfim,KR,Crianças (Children's Recode),"Crianças menores de 5 anos de idade, vacinação, nutrição, amamentação e episódios de doenças.",Criancas_KR,62,Stata (.dta),311,https://dhsprogram.com/customcf/legacy/data/download_dataset.cfm?Filename=CIKR62DT.zip&Tp=1&Ctry_Code=CI&surv_id=311&dm=1&dmode=nm,Costa do Marfim/Criancas_KR/CIKR62DT.zip
CIKR81DT.zip,CI,Costa do Marfim,KR,Crianças (Children's Recode),"Crianças menores de 5 anos de idade, vacinação, nutrição, amamentação e episódios de doenças.",Criancas_KR,81,Stata (.dta),559,https://dhsprogram.com/customcf/legacy/data/download_dataset.cfm?Filename=CIKR81DT.zip&Tp=1&Ctry_Code=CI&surv_id=559&dm=1&dmode=nm,Costa do Marfim/Criancas_KR/CIKR81DT.zip
CIMR33DT.zip,CI,Costa do Marfim,MR,Homens (Men's Recode),"Dados individuais de homens (15-49/59 anos), trabalho, saúde e conhecimentos reprodutivos.",Homens_MR,33,Stata (.dta),62,https://dhsprogram.com/customcf/legacy/data/download_dataset.cfm?Filename=CIMR33DT.zip&Tp=1&Ctry_Code=CI&surv_id=62&dm=1&dmode=nm,Costa do Marfim/Homens_MR/CIMR33DT.zip
CIMR3ADT.zip,CI,Costa do Marfim,MR,Homens (Men's Recode),"Dados individuais de homens (15-49/59 anos), trabalho, saúde e conhecimentos reprodutivos.",Homens_MR,3A,Stata (.dta),106,https://dhsprogram.com/customcf/legacy/data/download_dataset.cfm?Filename=CIMR3ADT.zip&Tp=1&Ctry_Code=CI&surv_id=106&dm=1&dmode=nm,Costa do Marfim/Homens_MR/CIMR3ADT.zip
CIMR62DT.zip,CI,Costa do Marfim,MR,Homens (Men's Recode),"Dados individuais de homens (15-49/59 anos), trabalho, saúde e conhecimentos reprodutivos.",Homens_MR,62,Stata (.dta),311,https://dhsprogram.com/customcf/legacy/data/download_dataset.cfm?Filename=CIMR62DT.zip&Tp=1&Ctry_Code=CI&surv_id=311&dm=1&dmode=nm,Costa do Marfim/Homens_MR/CIMR62DT.zip
CIMR81DT.zip,CI,Costa do Marfim,MR,Homens (Men's Recode),"Dados individuais de homens (15-49/59 anos), trabalho, saúde e conhecimentos reprodutivos.",Homens_MR,81,Stata (.dta),559,https://dhsprogram.com/customcf/legacy/data/download_dataset.cfm?Filename=CIMR81DT.zip&Tp=1&Ctry_Code=CI&surv_id=559&dm=1&dmode=nm,Costa do Marfim/Homens_MR/CIMR81DT.zip
CIPR35DT.zip,CI,Costa do Marfim,PR,Moradores (Household Member Recode),"Informações demográficas de todos os moradores do domicílio (idade, sexo, educação).",Moradores_PR,35,Stata (.dta),62,https://dhsprogram.com/customcf/legacy/data/download_dataset.cfm?Filename=CIPR35DT.zip&Tp=1&Ctry_Code=CI&surv_id=62&dm=1&dmode=nm,Costa do Marfim/Moradores_PR/CIPR35DT.zip
CIPR3ADT.zip,CI,Costa do Marfim,PR,Moradores (Household Member Recode),"Informações demográficas de todos os moradores do domicílio (idade, sexo, educação).",Moradores_PR,3A,Stata (.dta),106,https://dhsprogram.com/customcf/legacy/data/download_dataset.cfm?Filename=CIPR3ADT.zip&Tp=1&Ctry_Code=CI&surv_id=106&dm=1&dmode=nm,Costa do Marfim/Moradores_PR/CIPR3ADT.zip
CIPR51DT.zip,CI,Costa do Marfim,PR,Moradores (Household Member Recode),"Informações demográficas de todos os moradores do domicílio (idade, sexo, educação).",Moradores_PR,51,Stata (.dta),231,https://dhsprogram.com/customcf/legacy/data/download_dataset.cfm?Filename=CIPR51DT.zip&Tp=1&Ctry_Code=CI&surv_id=231&dm=1&dmode=nm,Costa do Marfim/Moradores_PR/CIPR51DT.zip
CIPR62DT.zip,CI,Costa do Marfim,PR,Moradores (Household Member Recode),"Informações demográficas de todos os moradores do domicílio (idade, sexo, educação).",Moradores_PR,62,Stata (.dta),311,https://dhsprogram.com/customcf/legacy/data/download_dataset.cfm?Filename=CIPR62DT.zip&Tp=1&Ctry_Code=CI&surv_id=311&dm=1&dmode=nm,Costa do Marfim/Moradores_PR/CIPR62DT.zip
CIPR81DT.zip,CI,Costa do Marfim,PR,Moradores (Household Member Recode),"Informações demográficas de todos os moradores do domicílio (idade, sexo, educação).",Moradores_PR,81,Stata (.dta),559,https://dhsprogram.com/customcf/legacy/data/download_dataset.cfm?Filename=CIPR81DT.zip&Tp=1&Ctry_Code=CI&surv_id=559&dm=1&dmode=nm,Costa do Marfim/Moradores_PR/CIPR81DT.zip
CISQ33DT.zip,CI,Costa do Marfim,SQ,Serviços de Saúde (Service Questionnaire),Disponibilidade e infraestrutura dos serviços de saúde comunitários.,Servicos_Saude_SQ,33,Stata (.dta),62,https://dhsprogram.com/customcf/legacy/data/download_dataset.cfm?Filename=CISQ33DT.zip&Tp=1&Ctry_Code=CI&surv_id=62&dm=1&dmode=nm,Costa do Marfim/Servicos_Saude_SQ/CISQ33DT.zip
CIWI34DT.zip,CI,Costa do Marfim,WI,Índice de Riqueza (Wealth Index),Pontuação e quintil do índice de riqueza socioeconômica.,Riqueza_WI,34,Stata (.dta),62,https://dhsprogram.com/customcf/legacy/data/download_dataset.cfm?Filename=CIWI34DT.zip&Tp=1&Ctry_Code=CI&surv_id=62&dm=1&dmode=nm,Costa do Marfim/Riqueza_WI/CIWI34DT.zip
CIWI3ADT.zip,CI,Costa do Marfim,WI,Índice de Riqueza (Wealth Index),Pontuação e quintil do índice de riqueza socioeconômica.,Riqueza_WI,3A,Stata (.dta),106,https://dhsprogram.com/customcf/legacy/data/download_dataset.cfm?Filename=CIWI3ADT.zip&Tp=1&Ctry_Code=CI&surv_id=106&dm=1&dmode=nm,Costa do Marfim/Riqueza_WI/CIWI3ADT.zip
SZBR51DT.zip,SZ,Eswatini (Suazilândia),BR,Nascimentos (Births Recode),"Histórico de nascimentos das mulheres entrevistadas, partos, peso ao nascer e mortalidade infantil.",Nascimentos_BR,51,Stata (.dta),259,https://dhsprogram.com/customcf/legacy/data/download_dataset.cfm?Filename=SZBR51DT.zip&Tp=1&Ctry_Code=SZ&surv_id=259&dm=1&dmode=nm,Eswatini (Suazilândia)/Nascimentos_BR/SZBR51DT.zip
SZCR51DT.zip,SZ,Eswatini (Suazilândia),CR,Casais (Couples Recode),Dados conjuntos de casais casados ou vivendo em união estável.,Casais_CR,51,Stata (.dta),259,https://dhsprogram.com/customcf/legacy/data/download_dataset.cfm?Filename=SZCR51DT.zip&Tp=1&Ctry_Code=SZ&surv_id=259&dm=1&dmode=nm,Eswatini (Suazilândia)/Casais_CR/SZCR51DT.zip
SZHR51DT.zip,SZ,Eswatini (Suazilândia),HR,Domicílios (Household Recode),"Características do domicílio, saneamento básico, fontes de água, bens e bens duráveis.",Domicilios_HR,51,Stata (.dta),259,https://dhsprogram.com/customcf/legacy/data/download_dataset.cfm?Filename=SZHR51DT.zip&Tp=1&Ctry_Code=SZ&surv_id=259&dm=1&dmode=nm,Eswatini (Suazilândia)/Domicilios_HR/SZHR51DT.zip
SZIR51DT.zip,SZ,Eswatini (Suazilândia),IR,Mulheres (Individual Recode),"Dados individuais de mulheres (15-49 anos). Inclui saúde reprodutiva, maternidade, pré-natal, etc. [BÔNUS SAÚDE DA MULHER]",Saude_da_Mulher_IR,51,Stata (.dta),259,https://dhsprogram.com/customcf/legacy/data/download_dataset.cfm?Filename=SZIR51DT.zip&Tp=1&Ctry_Code=SZ&surv_id=259&dm=1&dmode=nm,Eswatini (Suazilândia)/Saude_da_Mulher_IR/SZIR51DT.zip
SZKR51DT.zip,SZ,Eswatini (Suazilândia),KR,Crianças (Children's Recode),"Crianças menores de 5 anos de idade, vacinação, nutrição, amamentação e episódios de doenças.",Criancas_KR,51,Stata (.dta),259,https://dhsprogram.com/customcf/legacy/data/download_dataset.cfm?Filename=SZKR51DT.zip&Tp=1&Ctry_Code=SZ&surv_id=259&dm=1&dmode=nm,Eswatini (Suazilândia)/Criancas_KR/SZKR51DT.zip
SZMR51DT.zip,SZ,Eswatini (Suazilândia),MR,Homens (Men's Recode),"Dados individuais de homens (15-49/59 anos), trabalho, saúde e conhecimentos reprodutivos.",Homens_MR,51,Stata (.dta),259,https://dhsprogram.com/customcf/legacy/data/download_dataset.cfm?Filename=SZMR51DT.zip&Tp=1&Ctry_Code=SZ&surv_id=259&dm=1&dmode=nm,Eswatini (Suazilândia)/Homens_MR/SZMR51DT.zip
SZPR52DT.zip,SZ,Eswatini (Suazilândia),PR,Moradores (Household Member Recode),"Informações demográficas de todos os moradores do domicílio (idade, sexo, educação).",Moradores_PR,52,Stata (.dta),259,https://dhsprogram.com/customcf/legacy/data/download_dataset.cfm?Filename=SZPR52DT.zip&Tp=1&Ctry_Code=SZ&surv_id=259&dm=1&dmode=nm,Eswatini (Suazilândia)/Moradores_PR/SZPR52DT.zip
ETBR41DT.zip,ET,Etiópia,BR,Nascimentos (Births Recode),"Histórico de nascimentos das mulheres entrevistadas, partos, peso ao nascer e mortalidade infantil.",Nascimentos_BR,41,Stata (.dta),147,https://dhsprogram.com/customcf/legacy/data/download_dataset.cfm?Filename=ETBR41DT.zip&Tp=1&Ctry_Code=ET&surv_id=147&dm=1&dmode=nm,Etiópia/Nascimentos_BR/ETBR41DT.zip
ETBR51DT.zip,ET,Etiópia,BR,Nascimentos (Births Recode),"Histórico de nascimentos das mulheres entrevistadas, partos, peso ao nascer e mortalidade infantil.",Nascimentos_BR,51,Stata (.dta),248,https://dhsprogram.com/customcf/legacy/data/download_dataset.cfm?Filename=ETBR51DT.zip&Tp=1&Ctry_Code=ET&surv_id=248&dm=1&dmode=nm,Etiópia/Nascimentos_BR/ETBR51DT.zip
ETBR61DT.zip,ET,Etiópia,BR,Nascimentos (Births Recode),"Histórico de nascimentos das mulheres entrevistadas, partos, peso ao nascer e mortalidade infantil.",Nascimentos_BR,61,Stata (.dta),359,https://dhsprogram.com/customcf/legacy/data/download_dataset.cfm?Filename=ETBR61DT.zip&Tp=1&Ctry_Code=ET&surv_id=359&dm=1&dmode=nm,Etiópia/Nascimentos_BR/ETBR61DT.zip
ETBR71DT.zip,ET,Etiópia,BR,Nascimentos (Births Recode),"Histórico de nascimentos das mulheres entrevistadas, partos, peso ao nascer e mortalidade infantil.",Nascimentos_BR,71,Stata (.dta),478,https://dhsprogram.com/customcf/legacy/data/download_dataset.cfm?Filename=ETBR71DT.zip&Tp=1&Ctry_Code=ET&surv_id=478&dm=1&dmode=nm,Etiópia/Nascimentos_BR/ETBR71DT.zip
ETBR81DT.zip,ET,Etiópia,BR,Nascimentos (Births Recode),"Histórico de nascimentos das mulheres entrevistadas, partos, peso ao nascer e mortalidade infantil.",Nascimentos_BR,81,Stata (.dta),551,https://dhsprogram.com/customcf/legacy/data/download_dataset.cfm?Filename=ETBR81DT.zip&Tp=1&Ctry_Code=ET&surv_id=551&dm=1&dmode=nm,Etiópia/Nascimentos_BR/ETBR81DT.zip
ETBR8ADT.zip,ET,Etiópia,BR,Nascimentos (Births Recode),"Histórico de nascimentos das mulheres entrevistadas, partos, peso ao nascer e mortalidade infantil.",Nascimentos_BR,8A,Stata (.dta),586,https://dhsprogram.com/customcf/legacy/data/download_dataset.cfm?Filename=ETBR8ADT.zip&Tp=1&Ctry_Code=ET&surv_id=586&dm=1&dmode=nm,Etiópia/Nascimentos_BR/ETBR8ADT.zip
ETCR41DT.zip,ET,Etiópia,CR,Casais (Couples Recode),Dados conjuntos de casais casados ou vivendo em união estável.,Casais_CR,41,Stata (.dta),147,https://dhsprogram.com/customcf/legacy/data/download_dataset.cfm?Filename=ETCR41DT.zip&Tp=1&Ctry_Code=ET&surv_id=147&dm=1&dmode=nm,Etiópia/Casais_CR/ETCR41DT.zip
ETCR51DT.zip,ET,Etiópia,CR,Casais (Couples Recode),Dados conjuntos de casais casados ou vivendo em união estável.,Casais_CR,51,Stata (.dta),248,https://dhsprogram.com/customcf/legacy/data/download_dataset.cfm?Filename=ETCR51DT.zip&Tp=1&Ctry_Code=ET&surv_id=248&dm=1&dmode=nm,Etiópia/Casais_CR/ETCR51DT.zip
ETCR61DT.zip,ET,Etiópia,CR,Casais (Couples Recode),Dados conjuntos de casais casados ou vivendo em união estável.,Casais_CR,61,Stata (.dta),359,https://dhsprogram.com/customcf/legacy/data/download_dataset.cfm?Filename=ETCR61DT.zip&Tp=1&Ctry_Code=ET&surv_id=359&dm=1&dmode=nm,Etiópia/Casais_CR/ETCR61DT.zip
ETCR71DT.zip,ET,Etiópia,CR,Casais (Couples Recode),Dados conjuntos de casais casados ou vivendo em união estável.,Casais_CR,71,Stata (.dta),478,https://dhsprogram.com/customcf/legacy/data/download_dataset.cfm?Filename=ETCR71DT.zip&Tp=1&Ctry_Code=ET&surv_id=478&dm=1&dmode=nm,Etiópia/Casais_CR/ETCR71DT.zip
ETCR8ADT.zip,ET,Etiópia,CR,Casais (Couples Recode),Dados conjuntos de casais casados ou vivendo em união estável.,Casais_CR,8A,Stata (.dta),586,https://dhsprogram.com/customcf/legacy/data/download_dataset.cfm?Filename=ETCR8ADT.zip&Tp=1&Ctry_Code=ET&surv_id=586&dm=1&dmode=nm,Etiópia/Casais_CR/ETCR8ADT.zip
ETHR41DT.zip,ET,Etiópia,HR,Domicílios (Household Recode),"Características do domicílio, saneamento básico, fontes de água, bens e bens duráveis.",Domicilios_HR,41,Stata (.dta),147,https://dhsprogram.com/customcf/legacy/data/download_dataset.cfm?Filename=ETHR41DT.zip&Tp=1&Ctry_Code=ET&surv_id=147&dm=1&dmode=nm,Etiópia/Domicilios_HR/ETHR41DT.zip
ETHR51DT.zip,ET,Etiópia,HR,Domicílios (Household Recode),"Características do domicílio, saneamento básico, fontes de água, bens e bens duráveis.",Domicilios_HR,51,Stata (.dta),248,https://dhsprogram.com/customcf/legacy/data/download_dataset.cfm?Filename=ETHR51DT.zip&Tp=1&Ctry_Code=ET&surv_id=248&dm=1&dmode=nm,Etiópia/Domicilios_HR/ETHR51DT.zip
ETHR61DT.zip,ET,Etiópia,HR,Domicílios (Household Recode),"Características do domicílio, saneamento básico, fontes de água, bens e bens duráveis.",Domicilios_HR,61,Stata (.dta),359,https://dhsprogram.com/customcf/legacy/data/download_dataset.cfm?Filename=ETHR61DT.zip&Tp=1&Ctry_Code=ET&surv_id=359&dm=1&dmode=nm,Etiópia/Domicilios_HR/ETHR61DT.zip
ETHR71DT.zip,ET,Etiópia,HR,Domicílios (Household Recode),"Características do domicílio, saneamento básico, fontes de água, bens e bens duráveis.",Domicilios_HR,71,Stata (.dta),478,https://dhsprogram.com/customcf/legacy/data/download_dataset.cfm?Filename=ETHR71DT.zip&Tp=1&Ctry_Code=ET&surv_id=478&dm=1&dmode=nm,Etiópia/Domicilios_HR/ETHR71DT.zip
ETHR81DT.zip,ET,Etiópia,HR,Domicílios (Household Recode),"Características do domicílio, saneamento básico, fontes de água, bens e bens duráveis.",Domicilios_HR,81,Stata (.dta),551,https://dhsprogram.com/customcf/legacy/data/download_dataset.cfm?Filename=ETHR81DT.zip&Tp=1&Ctry_Code=ET&surv_id=551&dm=1&dmode=nm,Etiópia/Domicilios_HR/ETHR81DT.zip
ETHR8ADT.zip,ET,Etiópia,HR,Domicílios (Household Recode),"Características do domicílio, saneamento básico, fontes de água, bens e bens duráveis.",Domicilios_HR,8A,Stata (.dta),586,https://dhsprogram.com/customcf/legacy/data/download_dataset.cfm?Filename=ETHR8ADT.zip&Tp=1&Ctry_Code=ET&surv_id=586&dm=1&dmode=nm,Etiópia/Domicilios_HR/ETHR8ADT.zip
ETHW41DT.zip,ET,Etiópia,HW,Antropometria (Height and Weight),"Medições de altura, peso e escores nutricionais de mães e crianças.",Antropometria_HW,41,Stata (.dta),147,https://dhsprogram.com/customcf/legacy/data/download_dataset.cfm?Filename=ETHW41DT.zip&Tp=1&Ctry_Code=ET&surv_id=147&dm=1&dmode=nm,Etiópia/Antropometria_HW/ETHW41DT.zip
ETHW51DT.zip,ET,Etiópia,HW,Antropometria (Height and Weight),"Medições de altura, peso e escores nutricionais de mães e crianças.",Antropometria_HW,51,Stata (.dta),248,https://dhsprogram.com/customcf/legacy/data/download_dataset.cfm?Filename=ETHW51DT.zip&Tp=1&Ctry_Code=ET&surv_id=248&dm=1&dmode=nm,Etiópia/Antropometria_HW/ETHW51DT.zip
ETIR41DT.zip,ET,Etiópia,IR,Mulheres (Individual Recode),"Dados individuais de mulheres (15-49 anos). Inclui saúde reprodutiva, maternidade, pré-natal, etc. [BÔNUS SAÚDE DA MULHER]",Saude_da_Mulher_IR,41,Stata (.dta),147,https://dhsprogram.com/customcf/legacy/data/download_dataset.cfm?Filename=ETIR41DT.zip&Tp=1&Ctry_Code=ET&surv_id=147&dm=1&dmode=nm,Etiópia/Saude_da_Mulher_IR/ETIR41DT.zip
ETIR51DT.zip,ET,Etiópia,IR,Mulheres (Individual Recode),"Dados individuais de mulheres (15-49 anos). Inclui saúde reprodutiva, maternidade, pré-natal, etc. [BÔNUS SAÚDE DA MULHER]",Saude_da_Mulher_IR,51,Stata (.dta),248,https://dhsprogram.com/customcf/legacy/data/download_dataset.cfm?Filename=ETIR51DT.zip&Tp=1&Ctry_Code=ET&surv_id=248&dm=1&dmode=nm,Etiópia/Saude_da_Mulher_IR/ETIR51DT.zip
ETIR61DT.zip,ET,Etiópia,IR,Mulheres (Individual Recode),"Dados individuais de mulheres (15-49 anos). Inclui saúde reprodutiva, maternidade, pré-natal, etc. [BÔNUS SAÚDE DA MULHER]",Saude_da_Mulher_IR,61,Stata (.dta),359,https://dhsprogram.com/customcf/legacy/data/download_dataset.cfm?Filename=ETIR61DT.zip&Tp=1&Ctry_Code=ET&surv_id=359&dm=1&dmode=nm,Etiópia/Saude_da_Mulher_IR/ETIR61DT.zip
ETIR71DT.zip,ET,Etiópia,IR,Mulheres (Individual Recode),"Dados individuais de mulheres (15-49 anos). Inclui saúde reprodutiva, maternidade, pré-natal, etc. [BÔNUS SAÚDE DA MULHER]",Saude_da_Mulher_IR,71,Stata (.dta),478,https://dhsprogram.com/customcf/legacy/data/download_dataset.cfm?Filename=ETIR71DT.zip&Tp=1&Ctry_Code=ET&surv_id=478&dm=1&dmode=nm,Etiópia/Saude_da_Mulher_IR/ETIR71DT.zip
ETIR81DT.zip,ET,Etiópia,IR,Mulheres (Individual Recode),"Dados individuais de mulheres (15-49 anos). Inclui saúde reprodutiva, maternidade, pré-natal, etc. [BÔNUS SAÚDE DA MULHER]",Saude_da_Mulher_IR,81,Stata (.dta),551,https://dhsprogram.com/customcf/legacy/data/download_dataset.cfm?Filename=ETIR81DT.zip&Tp=1&Ctry_Code=ET&surv_id=551&dm=1&dmode=nm,Etiópia/Saude_da_Mulher_IR/ETIR81DT.zip
ETIR8ADT.zip,ET,Etiópia,IR,Mulheres (Individual Recode),"Dados individuais de mulheres (15-49 anos). Inclui saúde reprodutiva, maternidade, pré-natal, etc. [BÔNUS SAÚDE DA MULHER]",Saude_da_Mulher_IR,8A,Stata (.dta),586,https://dhsprogram.com/customcf/legacy/data/download_dataset.cfm?Filename=ETIR8ADT.zip&Tp=1&Ctry_Code=ET&surv_id=586&dm=1&dmode=nm,Etiópia/Saude_da_Mulher_IR/ETIR8ADT.zip
ETKR41DT.zip,ET,Etiópia,KR,Crianças (Children's Recode),"Crianças menores de 5 anos de idade, vacinação, nutrição, amamentação e episódios de doenças.",Criancas_KR,41,Stata (.dta),147,https://dhsprogram.com/customcf/legacy/data/download_dataset.cfm?Filename=ETKR41DT.zip&Tp=1&Ctry_Code=ET&surv_id=147&dm=1&dmode=nm,Etiópia/Criancas_KR/ETKR41DT.zip
ETKR51DT.zip,ET,Etiópia,KR,Crianças (Children's Recode),"Crianças menores de 5 anos de idade, vacinação, nutrição, amamentação e episódios de doenças.",Criancas_KR,51,Stata (.dta),248,https://dhsprogram.com/customcf/legacy/data/download_dataset.cfm?Filename=ETKR51DT.zip&Tp=1&Ctry_Code=ET&surv_id=248&dm=1&dmode=nm,Etiópia/Criancas_KR/ETKR51DT.zip
ETKR61DT.zip,ET,Etiópia,KR,Crianças (Children's Recode),"Crianças menores de 5 anos de idade, vacinação, nutrição, amamentação e episódios de doenças.",Criancas_KR,61,Stata (.dta),359,https://dhsprogram.com/customcf/legacy/data/download_dataset.cfm?Filename=ETKR61DT.zip&Tp=1&Ctry_Code=ET&surv_id=359&dm=1&dmode=nm,Etiópia/Criancas_KR/ETKR61DT.zip
ETKR71DT.zip,ET,Etiópia,KR,Crianças (Children's Recode),"Crianças menores de 5 anos de idade, vacinação, nutrição, amamentação e episódios de doenças.",Criancas_KR,71,Stata (.dta),478,https://dhsprogram.com/customcf/legacy/data/download_dataset.cfm?Filename=ETKR71DT.zip&Tp=1&Ctry_Code=ET&surv_id=478&dm=1&dmode=nm,Etiópia/Criancas_KR/ETKR71DT.zip
ETKR81DT.zip,ET,Etiópia,KR,Crianças (Children's Recode),"Crianças menores de 5 anos de idade, vacinação, nutrição, amamentação e episódios de doenças.",Criancas_KR,81,Stata (.dta),551,https://dhsprogram.com/customcf/legacy/data/download_dataset.cfm?Filename=ETKR81DT.zip&Tp=1&Ctry_Code=ET&surv_id=551&dm=1&dmode=nm,Etiópia/Criancas_KR/ETKR81DT.zip
ETKR8ADT.zip,ET,Etiópia,KR,Crianças (Children's Recode),"Crianças menores de 5 anos de idade, vacinação, nutrição, amamentação e episódios de doenças.",Criancas_KR,8A,Stata (.dta),586,https://dhsprogram.com/customcf/legacy/data/download_dataset.cfm?Filename=ETKR8ADT.zip&Tp=1&Ctry_Code=ET&surv_id=586&dm=1&dmode=nm,Etiópia/Criancas_KR/ETKR8ADT.zip
ETMR41DT.zip,ET,Etiópia,MR,Homens (Men's Recode),"Dados individuais de homens (15-49/59 anos), trabalho, saúde e conhecimentos reprodutivos.",Homens_MR,41,Stata (.dta),147,https://dhsprogram.com/customcf/legacy/data/download_dataset.cfm?Filename=ETMR41DT.zip&Tp=1&Ctry_Code=ET&surv_id=147&dm=1&dmode=nm,Etiópia/Homens_MR/ETMR41DT.zip
ETMR51DT.zip,ET,Etiópia,MR,Homens (Men's Recode),"Dados individuais de homens (15-49/59 anos), trabalho, saúde e conhecimentos reprodutivos.",Homens_MR,51,Stata (.dta),248,https://dhsprogram.com/customcf/legacy/data/download_dataset.cfm?Filename=ETMR51DT.zip&Tp=1&Ctry_Code=ET&surv_id=248&dm=1&dmode=nm,Etiópia/Homens_MR/ETMR51DT.zip
ETMR61DT.zip,ET,Etiópia,MR,Homens (Men's Recode),"Dados individuais de homens (15-49/59 anos), trabalho, saúde e conhecimentos reprodutivos.",Homens_MR,61,Stata (.dta),359,https://dhsprogram.com/customcf/legacy/data/download_dataset.cfm?Filename=ETMR61DT.zip&Tp=1&Ctry_Code=ET&surv_id=359&dm=1&dmode=nm,Etiópia/Homens_MR/ETMR61DT.zip
ETMR71DT.zip,ET,Etiópia,MR,Homens (Men's Recode),"Dados individuais de homens (15-49/59 anos), trabalho, saúde e conhecimentos reprodutivos.",Homens_MR,71,Stata (.dta),478,https://dhsprogram.com/customcf/legacy/data/download_dataset.cfm?Filename=ETMR71DT.zip&Tp=1&Ctry_Code=ET&surv_id=478&dm=1&dmode=nm,Etiópia/Homens_MR/ETMR71DT.zip
ETMR8ADT.zip,ET,Etiópia,MR,Homens (Men's Recode),"Dados individuais de homens (15-49/59 anos), trabalho, saúde e conhecimentos reprodutivos.",Homens_MR,8A,Stata (.dta),586,https://dhsprogram.com/customcf/legacy/data/download_dataset.cfm?Filename=ETMR8ADT.zip&Tp=1&Ctry_Code=ET&surv_id=586&dm=1&dmode=nm,Etiópia/Homens_MR/ETMR8ADT.zip
ETPR41DT.zip,ET,Etiópia,PR,Moradores (Household Member Recode),"Informações demográficas de todos os moradores do domicílio (idade, sexo, educação).",Moradores_PR,41,Stata (.dta),147,https://dhsprogram.com/customcf/legacy/data/download_dataset.cfm?Filename=ETPR41DT.zip&Tp=1&Ctry_Code=ET&surv_id=147&dm=1&dmode=nm,Etiópia/Moradores_PR/ETPR41DT.zip
ETPR51DT.zip,ET,Etiópia,PR,Moradores (Household Member Recode),"Informações demográficas de todos os moradores do domicílio (idade, sexo, educação).",Moradores_PR,51,Stata (.dta),248,https://dhsprogram.com/customcf/legacy/data/download_dataset.cfm?Filename=ETPR51DT.zip&Tp=1&Ctry_Code=ET&surv_id=248&dm=1&dmode=nm,Etiópia/Moradores_PR/ETPR51DT.zip
ETPR61DT.zip,ET,Etiópia,PR,Moradores (Household Member Recode),"Informações demográficas de todos os moradores do domicílio (idade, sexo, educação).",Moradores_PR,61,Stata (.dta),359,https://dhsprogram.com/customcf/legacy/data/download_dataset.cfm?Filename=ETPR61DT.zip&Tp=1&Ctry_Code=ET&surv_id=359&dm=1&dmode=nm,Etiópia/Moradores_PR/ETPR61DT.zip
ETPR71DT.zip,ET,Etiópia,PR,Moradores (Household Member Recode),"Informações demográficas de todos os moradores do domicílio (idade, sexo, educação).",Moradores_PR,71,Stata (.dta),478,https://dhsprogram.com/customcf/legacy/data/download_dataset.cfm?Filename=ETPR71DT.zip&Tp=1&Ctry_Code=ET&surv_id=478&dm=1&dmode=nm,Etiópia/Moradores_PR/ETPR71DT.zip
ETPR81DT.zip,ET,Etiópia,PR,Moradores (Household Member Recode),"Informações demográficas de todos os moradores do domicílio (idade, sexo, educação).",Moradores_PR,81,Stata (.dta),551,https://dhsprogram.com/customcf/legacy/data/download_dataset.cfm?Filename=ETPR81DT.zip&Tp=1&Ctry_Code=ET&surv_id=551&dm=1&dmode=nm,Etiópia/Moradores_PR/ETPR81DT.zip
ETPR8ADT.zip,ET,Etiópia,PR,Moradores (Household Member Recode),"Informações demográficas de todos os moradores do domicílio (idade, sexo, educação).",Moradores_PR,8A,Stata (.dta),586,https://dhsprogram.com/customcf/legacy/data/download_dataset.cfm?Filename=ETPR8ADT.zip&Tp=1&Ctry_Code=ET&surv_id=586&dm=1&dmode=nm,Etiópia/Moradores_PR/ETPR8ADT.zip
ETWI41DT.zip,ET,Etiópia,WI,Índice de Riqueza (Wealth Index),Pontuação e quintil do índice de riqueza socioeconômica.,Riqueza_WI,41,Stata (.dta),147,https://dhsprogram.com/customcf/legacy/data/download_dataset.cfm?Filename=ETWI41DT.zip&Tp=1&Ctry_Code=ET&surv_id=147&dm=1&dmode=nm,Etiópia/Riqueza_WI/ETWI41DT.zip
GABR41DT.zip,GA,Gabão,BR,Nascimentos (Births Recode),"Histórico de nascimentos das mulheres entrevistadas, partos, peso ao nascer e mortalidade infantil.",Nascimentos_BR,41,Stata (.dta),148,https://dhsprogram.com/customcf/legacy/data/download_dataset.cfm?Filename=GABR41DT.zip&Tp=1&Ctry_Code=GA&surv_id=148&dm=1&dmode=nm,Gabão/Nascimentos_BR/GABR41DT.zip
GABR61DT.zip,GA,Gabão,BR,Nascimentos (Births Recode),"Histórico de nascimentos das mulheres entrevistadas, partos, peso ao nascer e mortalidade infantil.",Nascimentos_BR,61,Stata (.dta),402,https://dhsprogram.com/customcf/legacy/data/download_dataset.cfm?Filename=GABR61DT.zip&Tp=1&Ctry_Code=GA&surv_id=402&dm=1&dmode=nm,Gabão/Nascimentos_BR/GABR61DT.zip
GABR71DT.zip,GA,Gabão,BR,Nascimentos (Births Recode),"Histórico de nascimentos das mulheres entrevistadas, partos, peso ao nascer e mortalidade infantil.",Nascimentos_BR,71,Stata (.dta),546,https://dhsprogram.com/customcf/legacy/data/download_dataset.cfm?Filename=GABR71DT.zip&Tp=1&Ctry_Code=GA&surv_id=546&dm=1&dmode=nm,Gabão/Nascimentos_BR/GABR71DT.zip
GACR41DT.zip,GA,Gabão,CR,Casais (Couples Recode),Dados conjuntos de casais casados ou vivendo em união estável.,Casais_CR,41,Stata (.dta),148,https://dhsprogram.com/customcf/legacy/data/download_dataset.cfm?Filename=GACR41DT.zip&Tp=1&Ctry_Code=GA&surv_id=148&dm=1&dmode=nm,Gabão/Casais_CR/GACR41DT.zip
GACR61DT.zip,GA,Gabão,CR,Casais (Couples Recode),Dados conjuntos de casais casados ou vivendo em união estável.,Casais_CR,61,Stata (.dta),402,https://dhsprogram.com/customcf/legacy/data/download_dataset.cfm?Filename=GACR61DT.zip&Tp=1&Ctry_Code=GA&surv_id=402&dm=1&dmode=nm,Gabão/Casais_CR/GACR61DT.zip
GACR71DT.zip,GA,Gabão,CR,Casais (Couples Recode),Dados conjuntos de casais casados ou vivendo em união estável.,Casais_CR,71,Stata (.dta),546,https://dhsprogram.com/customcf/legacy/data/download_dataset.cfm?Filename=GACR71DT.zip&Tp=1&Ctry_Code=GA&surv_id=546&dm=1&dmode=nm,Gabão/Casais_CR/GACR71DT.zip
GAHR41DT.zip,GA,Gabão,HR,Domicílios (Household Recode),"Características do domicílio, saneamento básico, fontes de água, bens e bens duráveis.",Domicilios_HR,41,Stata (.dta),148,https://dhsprogram.com/customcf/legacy/data/download_dataset.cfm?Filename=GAHR41DT.zip&Tp=1&Ctry_Code=GA&surv_id=148&dm=1&dmode=nm,Gabão/Domicilios_HR/GAHR41DT.zip
GAHR61DT.zip,GA,Gabão,HR,Domicílios (Household Recode),"Características do domicílio, saneamento básico, fontes de água, bens e bens duráveis.",Domicilios_HR,61,Stata (.dta),402,https://dhsprogram.com/customcf/legacy/data/download_dataset.cfm?Filename=GAHR61DT.zip&Tp=1&Ctry_Code=GA&surv_id=402&dm=1&dmode=nm,Gabão/Domicilios_HR/GAHR61DT.zip
GAHR71DT.zip,GA,Gabão,HR,Domicílios (Household Recode),"Características do domicílio, saneamento básico, fontes de água, bens e bens duráveis.",Domicilios_HR,71,Stata (.dta),546,https://dhsprogram.com/customcf/legacy/data/download_dataset.cfm?Filename=GAHR71DT.zip&Tp=1&Ctry_Code=GA&surv_id=546&dm=1&dmode=nm,Gabão/Domicilios_HR/GAHR71DT.zip
GAHW41DT.zip,GA,Gabão,HW,Antropometria (Height and Weight),"Medições de altura, peso e escores nutricionais de mães e crianças.",Antropometria_HW,41,Stata (.dta),148,https://dhsprogram.com/customcf/legacy/data/download_dataset.cfm?Filename=GAHW41DT.zip&Tp=1&Ctry_Code=GA&surv_id=148&dm=1&dmode=nm,Gabão/Antropometria_HW/GAHW41DT.zip
GAIR41DT.zip,GA,Gabão,IR,Mulheres (Individual Recode),"Dados individuais de mulheres (15-49 anos). Inclui saúde reprodutiva, maternidade, pré-natal, etc. [BÔNUS SAÚDE DA MULHER]",Saude_da_Mulher_IR,41,Stata (.dta),148,https://dhsprogram.com/customcf/legacy/data/download_dataset.cfm?Filename=GAIR41DT.zip&Tp=1&Ctry_Code=GA&surv_id=148&dm=1&dmode=nm,Gabão/Saude_da_Mulher_IR/GAIR41DT.zip
GAIR61DT.zip,GA,Gabão,IR,Mulheres (Individual Recode),"Dados individuais de mulheres (15-49 anos). Inclui saúde reprodutiva, maternidade, pré-natal, etc. [BÔNUS SAÚDE DA MULHER]",Saude_da_Mulher_IR,61,Stata (.dta),402,https://dhsprogram.com/customcf/legacy/data/download_dataset.cfm?Filename=GAIR61DT.zip&Tp=1&Ctry_Code=GA&surv_id=402&dm=1&dmode=nm,Gabão/Saude_da_Mulher_IR/GAIR61DT.zip
GAIR71DT.zip,GA,Gabão,IR,Mulheres (Individual Recode),"Dados individuais de mulheres (15-49 anos). Inclui saúde reprodutiva, maternidade, pré-natal, etc. [BÔNUS SAÚDE DA MULHER]",Saude_da_Mulher_IR,71,Stata (.dta),546,https://dhsprogram.com/customcf/legacy/data/download_dataset.cfm?Filename=GAIR71DT.zip&Tp=1&Ctry_Code=GA&surv_id=546&dm=1&dmode=nm,Gabão/Saude_da_Mulher_IR/GAIR71DT.zip
GAKR41DT.zip,GA,Gabão,KR,Crianças (Children's Recode),"Crianças menores de 5 anos de idade, vacinação, nutrição, amamentação e episódios de doenças.",Criancas_KR,41,Stata (.dta),148,https://dhsprogram.com/customcf/legacy/data/download_dataset.cfm?Filename=GAKR41DT.zip&Tp=1&Ctry_Code=GA&surv_id=148&dm=1&dmode=nm,Gabão/Criancas_KR/GAKR41DT.zip
GAKR61DT.zip,GA,Gabão,KR,Crianças (Children's Recode),"Crianças menores de 5 anos de idade, vacinação, nutrição, amamentação e episódios de doenças.",Criancas_KR,61,Stata (.dta),402,https://dhsprogram.com/customcf/legacy/data/download_dataset.cfm?Filename=GAKR61DT.zip&Tp=1&Ctry_Code=GA&surv_id=402&dm=1&dmode=nm,Gabão/Criancas_KR/GAKR61DT.zip
GAKR71DT.zip,GA,Gabão,KR,Crianças (Children's Recode),"Crianças menores de 5 anos de idade, vacinação, nutrição, amamentação e episódios de doenças.",Criancas_KR,71,Stata (.dta),546,https://dhsprogram.com/customcf/legacy/data/download_dataset.cfm?Filename=GAKR71DT.zip&Tp=1&Ctry_Code=GA&surv_id=546&dm=1&dmode=nm,Gabão/Criancas_KR/GAKR71DT.zip
GAMR41DT.zip,GA,Gabão,MR,Homens (Men's Recode),"Dados individuais de homens (15-49/59 anos), trabalho, saúde e conhecimentos reprodutivos.",Homens_MR,41,Stata (.dta),148,https://dhsprogram.com/customcf/legacy/data/download_dataset.cfm?Filename=GAMR41DT.zip&Tp=1&Ctry_Code=GA&surv_id=148&dm=1&dmode=nm,Gabão/Homens_MR/GAMR41DT.zip
GAMR61DT.zip,GA,Gabão,MR,Homens (Men's Recode),"Dados individuais de homens (15-49/59 anos), trabalho, saúde e conhecimentos reprodutivos.",Homens_MR,61,Stata (.dta),402,https://dhsprogram.com/customcf/legacy/data/download_dataset.cfm?Filename=GAMR61DT.zip&Tp=1&Ctry_Code=GA&surv_id=402&dm=1&dmode=nm,Gabão/Homens_MR/GAMR61DT.zip
GAMR71DT.zip,GA,Gabão,MR,Homens (Men's Recode),"Dados individuais de homens (15-49/59 anos), trabalho, saúde e conhecimentos reprodutivos.",Homens_MR,71,Stata (.dta),546,https://dhsprogram.com/customcf/legacy/data/download_dataset.cfm?Filename=GAMR71DT.zip&Tp=1&Ctry_Code=GA&surv_id=546&dm=1&dmode=nm,Gabão/Homens_MR/GAMR71DT.zip
GAPR41DT.zip,GA,Gabão,PR,Moradores (Household Member Recode),"Informações demográficas de todos os moradores do domicílio (idade, sexo, educação).",Moradores_PR,41,Stata (.dta),148,https://dhsprogram.com/customcf/legacy/data/download_dataset.cfm?Filename=GAPR41DT.zip&Tp=1&Ctry_Code=GA&surv_id=148&dm=1&dmode=nm,Gabão/Moradores_PR/GAPR41DT.zip
GAPR61DT.zip,GA,Gabão,PR,Moradores (Household Member Recode),"Informações demográficas de todos os moradores do domicílio (idade, sexo, educação).",Moradores_PR,61,Stata (.dta),402,https://dhsprogram.com/customcf/legacy/data/download_dataset.cfm?Filename=GAPR61DT.zip&Tp=1&Ctry_Code=GA&surv_id=402&dm=1&dmode=nm,Gabão/Moradores_PR/GAPR61DT.zip
GAPR71DT.zip,GA,Gabão,PR,Moradores (Household Member Recode),"Informações demográficas de todos os moradores do domicílio (idade, sexo, educação).",Moradores_PR,71,Stata (.dta),546,https://dhsprogram.com/customcf/legacy/data/download_dataset.cfm?Filename=GAPR71DT.zip&Tp=1&Ctry_Code=GA&surv_id=546&dm=1&dmode=nm,Gabão/Moradores_PR/GAPR71DT.zip
GASQ41DT.zip,GA,Gabão,SQ,Serviços de Saúde (Service Questionnaire),Disponibilidade e infraestrutura dos serviços de saúde comunitários.,Servicos_Saude_SQ,41,Stata (.dta),148,https://dhsprogram.com/customcf/legacy/data/download_dataset.cfm?Filename=GASQ41DT.zip&Tp=1&Ctry_Code=GA&surv_id=148&dm=1&dmode=nm,Gabão/Servicos_Saude_SQ/GASQ41DT.zip
GAWI41DT.zip,GA,Gabão,WI,Índice de Riqueza (Wealth Index),Pontuação e quintil do índice de riqueza socioeconômica.,Riqueza_WI,41,Stata (.dta),148,https://dhsprogram.com/customcf/legacy/data/download_dataset.cfm?Filename=GAWI41DT.zip&Tp=1&Ctry_Code=GA&surv_id=148&dm=1&dmode=nm,Gabão/Riqueza_WI/GAWI41DT.zip
GMBR61DT.zip,GM,Gâmbia,BR,Nascimentos (Births Recode),"Histórico de nascimentos das mulheres entrevistadas, partos, peso ao nascer e mortalidade infantil.",Nascimentos_BR,61,Stata (.dta),425,https://dhsprogram.com/customcf/legacy/data/download_dataset.cfm?Filename=GMBR61DT.zip&Tp=1&Ctry_Code=GM&surv_id=425&dm=1&dmode=nm,Gâmbia/Nascimentos_BR/GMBR61DT.zip
GMBR81DT.zip,GM,Gâmbia,BR,Nascimentos (Births Recode),"Histórico de nascimentos das mulheres entrevistadas, partos, peso ao nascer e mortalidade infantil.",Nascimentos_BR,81,Stata (.dta),555,https://dhsprogram.com/customcf/legacy/data/download_dataset.cfm?Filename=GMBR81DT.zip&Tp=1&Ctry_Code=GM&surv_id=555&dm=1&dmode=nm,Gâmbia/Nascimentos_BR/GMBR81DT.zip
GMCR61DT.zip,GM,Gâmbia,CR,Casais (Couples Recode),Dados conjuntos de casais casados ou vivendo em união estável.,Casais_CR,61,Stata (.dta),425,https://dhsprogram.com/customcf/legacy/data/download_dataset.cfm?Filename=GMCR61DT.zip&Tp=1&Ctry_Code=GM&surv_id=425&dm=1&dmode=nm,Gâmbia/Casais_CR/GMCR61DT.zip
GMCR81DT.zip,GM,Gâmbia,CR,Casais (Couples Recode),Dados conjuntos de casais casados ou vivendo em união estável.,Casais_CR,81,Stata (.dta),555,https://dhsprogram.com/customcf/legacy/data/download_dataset.cfm?Filename=GMCR81DT.zip&Tp=1&Ctry_Code=GM&surv_id=555&dm=1&dmode=nm,Gâmbia/Casais_CR/GMCR81DT.zip
GMHR61DT.zip,GM,Gâmbia,HR,Domicílios (Household Recode),"Características do domicílio, saneamento básico, fontes de água, bens e bens duráveis.",Domicilios_HR,61,Stata (.dta),425,https://dhsprogram.com/customcf/legacy/data/download_dataset.cfm?Filename=GMHR61DT.zip&Tp=1&Ctry_Code=GM&surv_id=425&dm=1&dmode=nm,Gâmbia/Domicilios_HR/GMHR61DT.zip
GMHR81DT.zip,GM,Gâmbia,HR,Domicílios (Household Recode),"Características do domicílio, saneamento básico, fontes de água, bens e bens duráveis.",Domicilios_HR,81,Stata (.dta),555,https://dhsprogram.com/customcf/legacy/data/download_dataset.cfm?Filename=GMHR81DT.zip&Tp=1&Ctry_Code=GM&surv_id=555&dm=1&dmode=nm,Gâmbia/Domicilios_HR/GMHR81DT.zip
GMIR61DT.zip,GM,Gâmbia,IR,Mulheres (Individual Recode),"Dados individuais de mulheres (15-49 anos). Inclui saúde reprodutiva, maternidade, pré-natal, etc. [BÔNUS SAÚDE DA MULHER]",Saude_da_Mulher_IR,61,Stata (.dta),425,https://dhsprogram.com/customcf/legacy/data/download_dataset.cfm?Filename=GMIR61DT.zip&Tp=1&Ctry_Code=GM&surv_id=425&dm=1&dmode=nm,Gâmbia/Saude_da_Mulher_IR/GMIR61DT.zip
GMIR81DT.zip,GM,Gâmbia,IR,Mulheres (Individual Recode),"Dados individuais de mulheres (15-49 anos). Inclui saúde reprodutiva, maternidade, pré-natal, etc. [BÔNUS SAÚDE DA MULHER]",Saude_da_Mulher_IR,81,Stata (.dta),555,https://dhsprogram.com/customcf/legacy/data/download_dataset.cfm?Filename=GMIR81DT.zip&Tp=1&Ctry_Code=GM&surv_id=555&dm=1&dmode=nm,Gâmbia/Saude_da_Mulher_IR/GMIR81DT.zip
GMKR61DT.zip,GM,Gâmbia,KR,Crianças (Children's Recode),"Crianças menores de 5 anos de idade, vacinação, nutrição, amamentação e episódios de doenças.",Criancas_KR,61,Stata (.dta),425,https://dhsprogram.com/customcf/legacy/data/download_dataset.cfm?Filename=GMKR61DT.zip&Tp=1&Ctry_Code=GM&surv_id=425&dm=1&dmode=nm,Gâmbia/Criancas_KR/GMKR61DT.zip
GMKR81DT.zip,GM,Gâmbia,KR,Crianças (Children's Recode),"Crianças menores de 5 anos de idade, vacinação, nutrição, amamentação e episódios de doenças.",Criancas_KR,81,Stata (.dta),555,https://dhsprogram.com/customcf/legacy/data/download_dataset.cfm?Filename=GMKR81DT.zip&Tp=1&Ctry_Code=GM&surv_id=555&dm=1&dmode=nm,Gâmbia/Criancas_KR/GMKR81DT.zip
GMMR61DT.zip,GM,Gâmbia,MR,Homens (Men's Recode),"Dados individuais de homens (15-49/59 anos), trabalho, saúde e conhecimentos reprodutivos.",Homens_MR,61,Stata (.dta),425,https://dhsprogram.com/customcf/legacy/data/download_dataset.cfm?Filename=GMMR61DT.zip&Tp=1&Ctry_Code=GM&surv_id=425&dm=1&dmode=nm,Gâmbia/Homens_MR/GMMR61DT.zip
GMMR81DT.zip,GM,Gâmbia,MR,Homens (Men's Recode),"Dados individuais de homens (15-49/59 anos), trabalho, saúde e conhecimentos reprodutivos.",Homens_MR,81,Stata (.dta),555,https://dhsprogram.com/customcf/legacy/data/download_dataset.cfm?Filename=GMMR81DT.zip&Tp=1&Ctry_Code=GM&surv_id=555&dm=1&dmode=nm,Gâmbia/Homens_MR/GMMR81DT.zip
GMPR61DT.zip,GM,Gâmbia,PR,Moradores (Household Member Recode),"Informações demográficas de todos os moradores do domicílio (idade, sexo, educação).",Moradores_PR,61,Stata (.dta),425,https://dhsprogram.com/customcf/legacy/data/download_dataset.cfm?Filename=GMPR61DT.zip&Tp=1&Ctry_Code=GM&surv_id=425&dm=1&dmode=nm,Gâmbia/Moradores_PR/GMPR61DT.zip
GMPR81DT.zip,GM,Gâmbia,PR,Moradores (Household Member Recode),"Informações demográficas de todos os moradores do domicílio (idade, sexo, educação).",Moradores_PR,81,Stata (.dta),555,https://dhsprogram.com/customcf/legacy/data/download_dataset.cfm?Filename=GMPR81DT.zip&Tp=1&Ctry_Code=GM&surv_id=555&dm=1&dmode=nm,Gâmbia/Moradores_PR/GMPR81DT.zip
GHBR02DT.zip,GH,Gana,BR,Nascimentos (Births Recode),"Histórico de nascimentos das mulheres entrevistadas, partos, peso ao nascer e mortalidade infantil.",Nascimentos_BR,02,Stata (.dta),25,https://dhsprogram.com/customcf/legacy/data/download_dataset.cfm?Filename=GHBR02DT.zip&Tp=1&Ctry_Code=GH&surv_id=25&dm=1&dmode=nm,Gana/Nascimentos_BR/GHBR02DT.zip
GHBR31DT.zip,GH,Gana,BR,Nascimentos (Births Recode),"Histórico de nascimentos das mulheres entrevistadas, partos, peso ao nascer e mortalidade infantil.",Nascimentos_BR,31,Stata (.dta),58,https://dhsprogram.com/customcf/legacy/data/download_dataset.cfm?Filename=GHBR31DT.zip&Tp=1&Ctry_Code=GH&surv_id=58&dm=1&dmode=nm,Gana/Nascimentos_BR/GHBR31DT.zip
GHBR41DT.zip,GH,Gana,BR,Nascimentos (Births Recode),"Histórico de nascimentos das mulheres entrevistadas, partos, peso ao nascer e mortalidade infantil.",Nascimentos_BR,41,Stata (.dta),151,https://dhsprogram.com/customcf/legacy/data/download_dataset.cfm?Filename=GHBR41DT.zip&Tp=1&Ctry_Code=GH&surv_id=151&dm=1&dmode=nm,Gana/Nascimentos_BR/GHBR41DT.zip
GHBR4BDT.zip,GH,Gana,BR,Nascimentos (Births Recode),"Histórico de nascimentos das mulheres entrevistadas, partos, peso ao nascer e mortalidade infantil.",Nascimentos_BR,4B,Stata (.dta),235,https://dhsprogram.com/customcf/legacy/data/download_dataset.cfm?Filename=GHBR4BDT.zip&Tp=1&Ctry_Code=GH&surv_id=235&dm=1&dmode=nm,Gana/Nascimentos_BR/GHBR4BDT.zip
GHBR5ADT.zip,GH,Gana,BR,Nascimentos (Births Recode),"Histórico de nascimentos das mulheres entrevistadas, partos, peso ao nascer e mortalidade infantil.",Nascimentos_BR,5A,Stata (.dta),301,https://dhsprogram.com/customcf/legacy/data/download_dataset.cfm?Filename=GHBR5ADT.zip&Tp=1&Ctry_Code=GH&surv_id=301&dm=1&dmode=nm,Gana/Nascimentos_BR/GHBR5ADT.zip
GHBR72DT.zip,GH,Gana,BR,Nascimentos (Births Recode),"Histórico de nascimentos das mulheres entrevistadas, partos, peso ao nascer e mortalidade infantil.",Nascimentos_BR,72,Stata (.dta),437,https://dhsprogram.com/customcf/legacy/data/download_dataset.cfm?Filename=GHBR72DT.zip&Tp=1&Ctry_Code=GH&surv_id=437&dm=1&dmode=nm,Gana/Nascimentos_BR/GHBR72DT.zip
GHBR8CDT.zip,GH,Gana,BR,Nascimentos (Births Recode),"Histórico de nascimentos das mulheres entrevistadas, partos, peso ao nascer e mortalidade infantil.",Nascimentos_BR,8C,Stata (.dta),598,https://dhsprogram.com/customcf/legacy/data/download_dataset.cfm?Filename=GHBR8CDT.zip&Tp=1&Ctry_Code=GH&surv_id=598&dm=1&dmode=nm,Gana/Nascimentos_BR/GHBR8CDT.zip
GHCR31DT.zip,GH,Gana,CR,Casais (Couples Recode),Dados conjuntos de casais casados ou vivendo em união estável.,Casais_CR,31,Stata (.dta),58,https://dhsprogram.com/customcf/legacy/data/download_dataset.cfm?Filename=GHCR31DT.zip&Tp=1&Ctry_Code=GH&surv_id=58&dm=1&dmode=nm,Gana/Casais_CR/GHCR31DT.zip
GHCR41DT.zip,GH,Gana,CR,Casais (Couples Recode),Dados conjuntos de casais casados ou vivendo em união estável.,Casais_CR,41,Stata (.dta),151,https://dhsprogram.com/customcf/legacy/data/download_dataset.cfm?Filename=GHCR41DT.zip&Tp=1&Ctry_Code=GH&surv_id=151&dm=1&dmode=nm,Gana/Casais_CR/GHCR41DT.zip
GHCR4BDT.zip,GH,Gana,CR,Casais (Couples Recode),Dados conjuntos de casais casados ou vivendo em união estável.,Casais_CR,4B,Stata (.dta),235,https://dhsprogram.com/customcf/legacy/data/download_dataset.cfm?Filename=GHCR4BDT.zip&Tp=1&Ctry_Code=GH&surv_id=235&dm=1&dmode=nm,Gana/Casais_CR/GHCR4BDT.zip
GHCR5ADT.zip,GH,Gana,CR,Casais (Couples Recode),Dados conjuntos de casais casados ou vivendo em união estável.,Casais_CR,5A,Stata (.dta),301,https://dhsprogram.com/customcf/legacy/data/download_dataset.cfm?Filename=GHCR5ADT.zip&Tp=1&Ctry_Code=GH&surv_id=301&dm=1&dmode=nm,Gana/Casais_CR/GHCR5ADT.zip
GHCR71DT.zip,GH,Gana,CR,Casais (Couples Recode),Dados conjuntos de casais casados ou vivendo em união estável.,Casais_CR,71,Stata (.dta),437,https://dhsprogram.com/customcf/legacy/data/download_dataset.cfm?Filename=GHCR71DT.zip&Tp=1&Ctry_Code=GH&surv_id=437&dm=1&dmode=nm,Gana/Casais_CR/GHCR71DT.zip
GHCR8CDT.zip,GH,Gana,CR,Casais (Couples Recode),Dados conjuntos de casais casados ou vivendo em união estável.,Casais_CR,8C,Stata (.dta),598,https://dhsprogram.com/customcf/legacy/data/download_dataset.cfm?Filename=GHCR8CDT.zip&Tp=1&Ctry_Code=GH&surv_id=598&dm=1&dmode=nm,Gana/Casais_CR/GHCR8CDT.zip
GHHH01DT.zip,GH,Gana,HH,Inquérito Domiciliar (Household Survey),Questionário domiciliar expandido / experimental.,Inquerito_Domiciliar_HH,01,Stata (.dta),25,https://dhsprogram.com/customcf/legacy/data/download_dataset.cfm?Filename=GHHH01DT.zip&Tp=1&Ctry_Code=GH&surv_id=25&dm=1&dmode=nm,Gana/Inquerito_Domiciliar_HH/GHHH01DT.zip
GHHH51DT.zip,GH,Gana,HH,Inquérito Domiciliar (Household Survey),Questionário domiciliar expandido / experimental.,Inquerito_Domiciliar_HH,51,Stata (.dta),325,https://dhsprogram.com/customcf/legacy/data/download_dataset.cfm?Filename=GHHH51DT.zip&Tp=1&Ctry_Code=GH&surv_id=325&dm=1&dmode=nm,Gana/Inquerito_Domiciliar_HH/GHHH51DT.zip
GHHH7JDT.zip,GH,Gana,HH,Inquérito Domiciliar (Household Survey),Questionário domiciliar expandido / experimental.,Inquerito_Domiciliar_HH,7J,Stata (.dta),506,https://dhsprogram.com/customcf/legacy/data/download_dataset.cfm?Filename=GHHH7JDT.zip&Tp=1&Ctry_Code=GH&surv_id=506&dm=1&dmode=nm,Gana/Inquerito_Domiciliar_HH/GHHH7JDT.zip
GHHR31DT.zip,GH,Gana,HR,Domicílios (Household Recode),"Características do domicílio, saneamento básico, fontes de água, bens e bens duráveis.",Domicilios_HR,31,Stata (.dta),58,https://dhsprogram.com/customcf/legacy/data/download_dataset.cfm?Filename=GHHR31DT.zip&Tp=1&Ctry_Code=GH&surv_id=58&dm=1&dmode=nm,Gana/Domicilios_HR/GHHR31DT.zip
GHHR41DT.zip,GH,Gana,HR,Domicílios (Household Recode),"Características do domicílio, saneamento básico, fontes de água, bens e bens duráveis.",Domicilios_HR,41,Stata (.dta),151,https://dhsprogram.com/customcf/legacy/data/download_dataset.cfm?Filename=GHHR41DT.zip&Tp=1&Ctry_Code=GH&surv_id=151&dm=1&dmode=nm,Gana/Domicilios_HR/GHHR41DT.zip
GHHR4BDT.zip,GH,Gana,HR,Domicílios (Household Recode),"Características do domicílio, saneamento básico, fontes de água, bens e bens duráveis.",Domicilios_HR,4B,Stata (.dta),235,https://dhsprogram.com/customcf/legacy/data/download_dataset.cfm?Filename=GHHR4BDT.zip&Tp=1&Ctry_Code=GH&surv_id=235&dm=1&dmode=nm,Gana/Domicilios_HR/GHHR4BDT.zip
GHHR5ADT.zip,GH,Gana,HR,Domicílios (Household Recode),"Características do domicílio, saneamento básico, fontes de água, bens e bens duráveis.",Domicilios_HR,5A,Stata (.dta),301,https://dhsprogram.com/customcf/legacy/data/download_dataset.cfm?Filename=GHHR5ADT.zip&Tp=1&Ctry_Code=GH&surv_id=301&dm=1&dmode=nm,Gana/Domicilios_HR/GHHR5ADT.zip
GHHR72DT.zip,GH,Gana,HR,Domicílios (Household Recode),"Características do domicílio, saneamento básico, fontes de água, bens e bens duráveis.",Domicilios_HR,72,Stata (.dta),437,https://dhsprogram.com/customcf/legacy/data/download_dataset.cfm?Filename=GHHR72DT.zip&Tp=1&Ctry_Code=GH&surv_id=437&dm=1&dmode=nm,Gana/Domicilios_HR/GHHR72DT.zip
GHHR7BDT.zip,GH,Gana,HR,Domicílios (Household Recode),"Características do domicílio, saneamento básico, fontes de água, bens e bens duráveis.",Domicilios_HR,7B,Stata (.dta),516,https://dhsprogram.com/customcf/legacy/data/download_dataset.cfm?Filename=GHHR7BDT.zip&Tp=1&Ctry_Code=GH&surv_id=516&dm=1&dmode=nm,Gana/Domicilios_HR/GHHR7BDT.zip
GHHR82DT.zip,GH,Gana,HR,Domicílios (Household Recode),"Características do domicílio, saneamento básico, fontes de água, bens e bens duráveis.",Domicilios_HR,82,Stata (.dta),557,https://dhsprogram.com/customcf/legacy/data/download_dataset.cfm?Filename=GHHR82DT.zip&Tp=1&Ctry_Code=GH&surv_id=557&dm=1&dmode=nm,Gana/Domicilios_HR/GHHR82DT.zip
GHHR8CDT.zip,GH,Gana,HR,Domicílios (Household Recode),"Características do domicílio, saneamento básico, fontes de água, bens e bens duráveis.",Domicilios_HR,8C,Stata (.dta),598,https://dhsprogram.com/customcf/legacy/data/download_dataset.cfm?Filename=GHHR8CDT.zip&Tp=1&Ctry_Code=GH&surv_id=598&dm=1&dmode=nm,Gana/Domicilios_HR/GHHR8CDT.zip
GHHW02DT.zip,GH,Gana,HW,Antropometria (Height and Weight),"Medições de altura, peso e escores nutricionais de mães e crianças.",Antropometria_HW,02,Stata (.dta),25,https://dhsprogram.com/customcf/legacy/data/download_dataset.cfm?Filename=GHHW02DT.zip&Tp=1&Ctry_Code=GH&surv_id=25&dm=1&dmode=nm,Gana/Antropometria_HW/GHHW02DT.zip
GHHW31DT.zip,GH,Gana,HW,Antropometria (Height and Weight),"Medições de altura, peso e escores nutricionais de mães e crianças.",Antropometria_HW,31,Stata (.dta),58,https://dhsprogram.com/customcf/legacy/data/download_dataset.cfm?Filename=GHHW31DT.zip&Tp=1&Ctry_Code=GH&surv_id=58&dm=1&dmode=nm,Gana/Antropometria_HW/GHHW31DT.zip
GHHW41DT.zip,GH,Gana,HW,Antropometria (Height and Weight),"Medições de altura, peso e escores nutricionais de mães e crianças.",Antropometria_HW,41,Stata (.dta),151,https://dhsprogram.com/customcf/legacy/data/download_dataset.cfm?Filename=GHHW41DT.zip&Tp=1&Ctry_Code=GH&surv_id=151&dm=1&dmode=nm,Gana/Antropometria_HW/GHHW41DT.zip
GHHW4ADT.zip,GH,Gana,HW,Antropometria (Height and Weight),"Medições de altura, peso e escores nutricionais de mães e crianças.",Antropometria_HW,4A,Stata (.dta),235,https://dhsprogram.com/customcf/legacy/data/download_dataset.cfm?Filename=GHHW4ADT.zip&Tp=1&Ctry_Code=GH&surv_id=235&dm=1&dmode=nm,Gana/Antropometria_HW/GHHW4ADT.zip
GHIQ51DT.zip,GH,Gana,IQ,Questionário Individual (Individual Questionnaire),Questionários individuais específicos.,Questionario_Individual_IQ,51,Stata (.dta),325,https://dhsprogram.com/customcf/legacy/data/download_dataset.cfm?Filename=GHIQ51DT.zip&Tp=1&Ctry_Code=GH&surv_id=325&dm=1&dmode=nm,Gana/Questionario_Individual_IQ/GHIQ51DT.zip
GHIQ7JDT.zip,GH,Gana,IQ,Questionário Individual (Individual Questionnaire),Questionários individuais específicos.,Questionario_Individual_IQ,7J,Stata (.dta),506,https://dhsprogram.com/customcf/legacy/data/download_dataset.cfm?Filename=GHIQ7JDT.zip&Tp=1&Ctry_Code=GH&surv_id=506&dm=1&dmode=nm,Gana/Questionario_Individual_IQ/GHIQ7JDT.zip
GHIR02DT.zip,GH,Gana,IR,Mulheres (Individual Recode),"Dados individuais de mulheres (15-49 anos). Inclui saúde reprodutiva, maternidade, pré-natal, etc. [BÔNUS SAÚDE DA MULHER]",Saude_da_Mulher_IR,02,Stata (.dta),25,https://dhsprogram.com/customcf/legacy/data/download_dataset.cfm?Filename=GHIR02DT.zip&Tp=1&Ctry_Code=GH&surv_id=25&dm=1&dmode=nm,Gana/Saude_da_Mulher_IR/GHIR02DT.zip
GHIR31DT.zip,GH,Gana,IR,Mulheres (Individual Recode),"Dados individuais de mulheres (15-49 anos). Inclui saúde reprodutiva, maternidade, pré-natal, etc. [BÔNUS SAÚDE DA MULHER]",Saude_da_Mulher_IR,31,Stata (.dta),58,https://dhsprogram.com/customcf/legacy/data/download_dataset.cfm?Filename=GHIR31DT.zip&Tp=1&Ctry_Code=GH&surv_id=58&dm=1&dmode=nm,Gana/Saude_da_Mulher_IR/GHIR31DT.zip
GHIR41DT.zip,GH,Gana,IR,Mulheres (Individual Recode),"Dados individuais de mulheres (15-49 anos). Inclui saúde reprodutiva, maternidade, pré-natal, etc. [BÔNUS SAÚDE DA MULHER]",Saude_da_Mulher_IR,41,Stata (.dta),151,https://dhsprogram.com/customcf/legacy/data/download_dataset.cfm?Filename=GHIR41DT.zip&Tp=1&Ctry_Code=GH&surv_id=151&dm=1&dmode=nm,Gana/Saude_da_Mulher_IR/GHIR41DT.zip
GHIR4BDT.zip,GH,Gana,IR,Mulheres (Individual Recode),"Dados individuais de mulheres (15-49 anos). Inclui saúde reprodutiva, maternidade, pré-natal, etc. [BÔNUS SAÚDE DA MULHER]",Saude_da_Mulher_IR,4B,Stata (.dta),235,https://dhsprogram.com/customcf/legacy/data/download_dataset.cfm?Filename=GHIR4BDT.zip&Tp=1&Ctry_Code=GH&surv_id=235&dm=1&dmode=nm,Gana/Saude_da_Mulher_IR/GHIR4BDT.zip
GHIR5ADT.zip,GH,Gana,IR,Mulheres (Individual Recode),"Dados individuais de mulheres (15-49 anos). Inclui saúde reprodutiva, maternidade, pré-natal, etc. [BÔNUS SAÚDE DA MULHER]",Saude_da_Mulher_IR,5A,Stata (.dta),301,https://dhsprogram.com/customcf/legacy/data/download_dataset.cfm?Filename=GHIR5ADT.zip&Tp=1&Ctry_Code=GH&surv_id=301&dm=1&dmode=nm,Gana/Saude_da_Mulher_IR/GHIR5ADT.zip
GHIR72DT.zip,GH,Gana,IR,Mulheres (Individual Recode),"Dados individuais de mulheres (15-49 anos). Inclui saúde reprodutiva, maternidade, pré-natal, etc. [BÔNUS SAÚDE DA MULHER]",Saude_da_Mulher_IR,72,Stata (.dta),437,https://dhsprogram.com/customcf/legacy/data/download_dataset.cfm?Filename=GHIR72DT.zip&Tp=1&Ctry_Code=GH&surv_id=437&dm=1&dmode=nm,Gana/Saude_da_Mulher_IR/GHIR72DT.zip
GHIR7BDT.zip,GH,Gana,IR,Mulheres (Individual Recode),"Dados individuais de mulheres (15-49 anos). Inclui saúde reprodutiva, maternidade, pré-natal, etc. [BÔNUS SAÚDE DA MULHER]",Saude_da_Mulher_IR,7B,Stata (.dta),516,https://dhsprogram.com/customcf/legacy/data/download_dataset.cfm?Filename=GHIR7BDT.zip&Tp=1&Ctry_Code=GH&surv_id=516&dm=1&dmode=nm,Gana/Saude_da_Mulher_IR/GHIR7BDT.zip
GHIR82DT.zip,GH,Gana,IR,Mulheres (Individual Recode),"Dados individuais de mulheres (15-49 anos). Inclui saúde reprodutiva, maternidade, pré-natal, etc. [BÔNUS SAÚDE DA MULHER]",Saude_da_Mulher_IR,82,Stata (.dta),557,https://dhsprogram.com/customcf/legacy/data/download_dataset.cfm?Filename=GHIR82DT.zip&Tp=1&Ctry_Code=GH&surv_id=557&dm=1&dmode=nm,Gana/Saude_da_Mulher_IR/GHIR82DT.zip
GHIR8CDT.zip,GH,Gana,IR,Mulheres (Individual Recode),"Dados individuais de mulheres (15-49 anos). Inclui saúde reprodutiva, maternidade, pré-natal, etc. [BÔNUS SAÚDE DA MULHER]",Saude_da_Mulher_IR,8C,Stata (.dta),598,https://dhsprogram.com/customcf/legacy/data/download_dataset.cfm?Filename=GHIR8CDT.zip&Tp=1&Ctry_Code=GH&surv_id=598&dm=1&dmode=nm,Gana/Saude_da_Mulher_IR/GHIR8CDT.zip
GHKR01DT.zip,GH,Gana,KR,Crianças (Children's Recode),"Crianças menores de 5 anos de idade, vacinação, nutrição, amamentação e episódios de doenças.",Criancas_KR,01,Stata (.dta),25,https://dhsprogram.com/customcf/legacy/data/download_dataset.cfm?Filename=GHKR01DT.zip&Tp=1&Ctry_Code=GH&surv_id=25&dm=1&dmode=nm,Gana/Criancas_KR/GHKR01DT.zip
GHKR31DT.zip,GH,Gana,KR,Crianças (Children's Recode),"Crianças menores de 5 anos de idade, vacinação, nutrição, amamentação e episódios de doenças.",Criancas_KR,31,Stata (.dta),58,https://dhsprogram.com/customcf/legacy/data/download_dataset.cfm?Filename=GHKR31DT.zip&Tp=1&Ctry_Code=GH&surv_id=58&dm=1&dmode=nm,Gana/Criancas_KR/GHKR31DT.zip
GHKR41DT.zip,GH,Gana,KR,Crianças (Children's Recode),"Crianças menores de 5 anos de idade, vacinação, nutrição, amamentação e episódios de doenças.",Criancas_KR,41,Stata (.dta),151,https://dhsprogram.com/customcf/legacy/data/download_dataset.cfm?Filename=GHKR41DT.zip&Tp=1&Ctry_Code=GH&surv_id=151&dm=1&dmode=nm,Gana/Criancas_KR/GHKR41DT.zip
GHKR4BDT.zip,GH,Gana,KR,Crianças (Children's Recode),"Crianças menores de 5 anos de idade, vacinação, nutrição, amamentação e episódios de doenças.",Criancas_KR,4B,Stata (.dta),235,https://dhsprogram.com/customcf/legacy/data/download_dataset.cfm?Filename=GHKR4BDT.zip&Tp=1&Ctry_Code=GH&surv_id=235&dm=1&dmode=nm,Gana/Criancas_KR/GHKR4BDT.zip
GHKR5ADT.zip,GH,Gana,KR,Crianças (Children's Recode),"Crianças menores de 5 anos de idade, vacinação, nutrição, amamentação e episódios de doenças.",Criancas_KR,5A,Stata (.dta),301,https://dhsprogram.com/customcf/legacy/data/download_dataset.cfm?Filename=GHKR5ADT.zip&Tp=1&Ctry_Code=GH&surv_id=301&dm=1&dmode=nm,Gana/Criancas_KR/GHKR5ADT.zip
GHKR72DT.zip,GH,Gana,KR,Crianças (Children's Recode),"Crianças menores de 5 anos de idade, vacinação, nutrição, amamentação e episódios de doenças.",Criancas_KR,72,Stata (.dta),437,https://dhsprogram.com/customcf/legacy/data/download_dataset.cfm?Filename=GHKR72DT.zip&Tp=1&Ctry_Code=GH&surv_id=437&dm=1&dmode=nm,Gana/Criancas_KR/GHKR72DT.zip
GHKR7BDT.zip,GH,Gana,KR,Crianças (Children's Recode),"Crianças menores de 5 anos de idade, vacinação, nutrição, amamentação e episódios de doenças.",Criancas_KR,7B,Stata (.dta),516,https://dhsprogram.com/customcf/legacy/data/download_dataset.cfm?Filename=GHKR7BDT.zip&Tp=1&Ctry_Code=GH&surv_id=516&dm=1&dmode=nm,Gana/Criancas_KR/GHKR7BDT.zip
GHKR82DT.zip,GH,Gana,KR,Crianças (Children's Recode),"Crianças menores de 5 anos de idade, vacinação, nutrição, amamentação e episódios de doenças.",Criancas_KR,82,Stata (.dta),557,https://dhsprogram.com/customcf/legacy/data/download_dataset.cfm?Filename=GHKR82DT.zip&Tp=1&Ctry_Code=GH&surv_id=557&dm=1&dmode=nm,Gana/Criancas_KR/GHKR82DT.zip
GHKR8CDT.zip,GH,Gana,KR,Crianças (Children's Recode),"Crianças menores de 5 anos de idade, vacinação, nutrição, amamentação e episódios de doenças.",Criancas_KR,8C,Stata (.dta),598,https://dhsprogram.com/customcf/legacy/data/download_dataset.cfm?Filename=GHKR8CDT.zip&Tp=1&Ctry_Code=GH&surv_id=598&dm=1&dmode=nm,Gana/Criancas_KR/GHKR8CDT.zip
GHMR31DT.zip,GH,Gana,MR,Homens (Men's Recode),"Dados individuais de homens (15-49/59 anos), trabalho, saúde e conhecimentos reprodutivos.",Homens_MR,31,Stata (.dta),58,https://dhsprogram.com/customcf/legacy/data/download_dataset.cfm?Filename=GHMR31DT.zip&Tp=1&Ctry_Code=GH&surv_id=58&dm=1&dmode=nm,Gana/Homens_MR/GHMR31DT.zip
GHMR41DT.zip,GH,Gana,MR,Homens (Men's Recode),"Dados individuais de homens (15-49/59 anos), trabalho, saúde e conhecimentos reprodutivos.",Homens_MR,41,Stata (.dta),151,https://dhsprogram.com/customcf/legacy/data/download_dataset.cfm?Filename=GHMR41DT.zip&Tp=1&Ctry_Code=GH&surv_id=151&dm=1&dmode=nm,Gana/Homens_MR/GHMR41DT.zip
GHMR4BDT.zip,GH,Gana,MR,Homens (Men's Recode),"Dados individuais de homens (15-49/59 anos), trabalho, saúde e conhecimentos reprodutivos.",Homens_MR,4B,Stata (.dta),235,https://dhsprogram.com/customcf/legacy/data/download_dataset.cfm?Filename=GHMR4BDT.zip&Tp=1&Ctry_Code=GH&surv_id=235&dm=1&dmode=nm,Gana/Homens_MR/GHMR4BDT.zip
GHMR5ADT.zip,GH,Gana,MR,Homens (Men's Recode),"Dados individuais de homens (15-49/59 anos), trabalho, saúde e conhecimentos reprodutivos.",Homens_MR,5A,Stata (.dta),301,https://dhsprogram.com/customcf/legacy/data/download_dataset.cfm?Filename=GHMR5ADT.zip&Tp=1&Ctry_Code=GH&surv_id=301&dm=1&dmode=nm,Gana/Homens_MR/GHMR5ADT.zip
GHMR71DT.zip,GH,Gana,MR,Homens (Men's Recode),"Dados individuais de homens (15-49/59 anos), trabalho, saúde e conhecimentos reprodutivos.",Homens_MR,71,Stata (.dta),437,https://dhsprogram.com/customcf/legacy/data/download_dataset.cfm?Filename=GHMR71DT.zip&Tp=1&Ctry_Code=GH&surv_id=437&dm=1&dmode=nm,Gana/Homens_MR/GHMR71DT.zip
GHMR8CDT.zip,GH,Gana,MR,Homens (Men's Recode),"Dados individuais de homens (15-49/59 anos), trabalho, saúde e conhecimentos reprodutivos.",Homens_MR,8C,Stata (.dta),598,https://dhsprogram.com/customcf/legacy/data/download_dataset.cfm?Filename=GHMR8CDT.zip&Tp=1&Ctry_Code=GH&surv_id=598&dm=1&dmode=nm,Gana/Homens_MR/GHMR8CDT.zip
GHOD51DT.zip,GH,Gana,OD,Outros Dados (Other Data),Módulos complementares ou datasets especiais.,Outros_OD,51,Stata (.dta),325,https://dhsprogram.com/customcf/legacy/data/download_dataset.cfm?Filename=GHOD51DT.zip&Tp=1&Ctry_Code=GH&surv_id=325&dm=1&dmode=nm,Gana/Outros_OD/GHOD51DT.zip
GHPR31DT.zip,GH,Gana,PR,Moradores (Household Member Recode),"Informações demográficas de todos os moradores do domicílio (idade, sexo, educação).",Moradores_PR,31,Stata (.dta),58,https://dhsprogram.com/customcf/legacy/data/download_dataset.cfm?Filename=GHPR31DT.zip&Tp=1&Ctry_Code=GH&surv_id=58&dm=1&dmode=nm,Gana/Moradores_PR/GHPR31DT.zip
GHPR41DT.zip,GH,Gana,PR,Moradores (Household Member Recode),"Informações demográficas de todos os moradores do domicílio (idade, sexo, educação).",Moradores_PR,41,Stata (.dta),151,https://dhsprogram.com/customcf/legacy/data/download_dataset.cfm?Filename=GHPR41DT.zip&Tp=1&Ctry_Code=GH&surv_id=151&dm=1&dmode=nm,Gana/Moradores_PR/GHPR41DT.zip
GHPR4BDT.zip,GH,Gana,PR,Moradores (Household Member Recode),"Informações demográficas de todos os moradores do domicílio (idade, sexo, educação).",Moradores_PR,4B,Stata (.dta),235,https://dhsprogram.com/customcf/legacy/data/download_dataset.cfm?Filename=GHPR4BDT.zip&Tp=1&Ctry_Code=GH&surv_id=235&dm=1&dmode=nm,Gana/Moradores_PR/GHPR4BDT.zip
GHPR5ADT.zip,GH,Gana,PR,Moradores (Household Member Recode),"Informações demográficas de todos os moradores do domicílio (idade, sexo, educação).",Moradores_PR,5A,Stata (.dta),301,https://dhsprogram.com/customcf/legacy/data/download_dataset.cfm?Filename=GHPR5ADT.zip&Tp=1&Ctry_Code=GH&surv_id=301&dm=1&dmode=nm,Gana/Moradores_PR/GHPR5ADT.zip
GHPR72DT.zip,GH,Gana,PR,Moradores (Household Member Recode),"Informações demográficas de todos os moradores do domicílio (idade, sexo, educação).",Moradores_PR,72,Stata (.dta),437,https://dhsprogram.com/customcf/legacy/data/download_dataset.cfm?Filename=GHPR72DT.zip&Tp=1&Ctry_Code=GH&surv_id=437&dm=1&dmode=nm,Gana/Moradores_PR/GHPR72DT.zip
GHPR7BDT.zip,GH,Gana,PR,Moradores (Household Member Recode),"Informações demográficas de todos os moradores do domicílio (idade, sexo, educação).",Moradores_PR,7B,Stata (.dta),516,https://dhsprogram.com/customcf/legacy/data/download_dataset.cfm?Filename=GHPR7BDT.zip&Tp=1&Ctry_Code=GH&surv_id=516&dm=1&dmode=nm,Gana/Moradores_PR/GHPR7BDT.zip
GHPR82DT.zip,GH,Gana,PR,Moradores (Household Member Recode),"Informações demográficas de todos os moradores do domicílio (idade, sexo, educação).",Moradores_PR,82,Stata (.dta),557,https://dhsprogram.com/customcf/legacy/data/download_dataset.cfm?Filename=GHPR82DT.zip&Tp=1&Ctry_Code=GH&surv_id=557&dm=1&dmode=nm,Gana/Moradores_PR/GHPR82DT.zip
GHPR8CDT.zip,GH,Gana,PR,Moradores (Household Member Recode),"Informações demográficas de todos os moradores do domicílio (idade, sexo, educação).",Moradores_PR,8C,Stata (.dta),598,https://dhsprogram.com/customcf/legacy/data/download_dataset.cfm?Filename=GHPR8CDT.zip&Tp=1&Ctry_Code=GH&surv_id=598&dm=1&dmode=nm,Gana/Moradores_PR/GHPR8CDT.zip
GHVA51DT.zip,GH,Gana,VA,Autópsia Verbal (Verbal Autopsy),Inquérito para determinação de causa de morte.,Autopsia_Verbal_VA,51,Stata (.dta),325,https://dhsprogram.com/customcf/legacy/data/download_dataset.cfm?Filename=GHVA51DT.zip&Tp=1&Ctry_Code=GH&surv_id=325&dm=1&dmode=nm,Gana/Autopsia_Verbal_VA/GHVA51DT.zip
GHVA5ADT.zip,GH,Gana,VA,Autópsia Verbal (Verbal Autopsy),Inquérito para determinação de causa de morte.,Autopsia_Verbal_VA,5A,Stata (.dta),301,https://dhsprogram.com/customcf/legacy/data/download_dataset.cfm?Filename=GHVA5ADT.zip&Tp=1&Ctry_Code=GH&surv_id=301&dm=1&dmode=nm,Gana/Autopsia_Verbal_VA/GHVA5ADT.zip
GHVA7IDT.zip,GH,Gana,VA,Autópsia Verbal (Verbal Autopsy),Inquérito para determinação de causa de morte.,Autopsia_Verbal_VA,7I,Stata (.dta),506,https://dhsprogram.com/customcf/legacy/data/download_dataset.cfm?Filename=GHVA7IDT.zip&Tp=1&Ctry_Code=GH&surv_id=506&dm=1&dmode=nm,Gana/Autopsia_Verbal_VA/GHVA7IDT.zip
GHWI31DT.zip,GH,Gana,WI,Índice de Riqueza (Wealth Index),Pontuação e quintil do índice de riqueza socioeconômica.,Riqueza_WI,31,Stata (.dta),58,https://dhsprogram.com/customcf/legacy/data/download_dataset.cfm?Filename=GHWI31DT.zip&Tp=1&Ctry_Code=GH&surv_id=58&dm=1&dmode=nm,Gana/Riqueza_WI/GHWI31DT.zip
GHWI41DT.zip,GH,Gana,WI,Índice de Riqueza (Wealth Index),Pontuação e quintil do índice de riqueza socioeconômica.,Riqueza_WI,41,Stata (.dta),151,https://dhsprogram.com/customcf/legacy/data/download_dataset.cfm?Filename=GHWI41DT.zip&Tp=1&Ctry_Code=GH&surv_id=151&dm=1&dmode=nm,Gana/Riqueza_WI/GHWI41DT.zip
GNBR41DT.zip,GN,Guiné,BR,Nascimentos (Births Recode),"Histórico de nascimentos das mulheres entrevistadas, partos, peso ao nascer e mortalidade infantil.",Nascimentos_BR,41,Stata (.dta),154,https://dhsprogram.com/customcf/legacy/data/download_dataset.cfm?Filename=GNBR41DT.zip&Tp=1&Ctry_Code=GN&surv_id=154&dm=1&dmode=nm,Guiné/Nascimentos_BR/GNBR41DT.zip
GNBR52DT.zip,GN,Guiné,BR,Nascimentos (Births Recode),"Histórico de nascimentos das mulheres entrevistadas, partos, peso ao nascer e mortalidade infantil.",Nascimentos_BR,52,Stata (.dta),249,https://dhsprogram.com/customcf/legacy/data/download_dataset.cfm?Filename=GNBR52DT.zip&Tp=1&Ctry_Code=GN&surv_id=249&dm=1&dmode=nm,Guiné/Nascimentos_BR/GNBR52DT.zip
GNBR62DT.zip,GN,Guiné,BR,Nascimentos (Births Recode),"Histórico de nascimentos das mulheres entrevistadas, partos, peso ao nascer e mortalidade infantil.",Nascimentos_BR,62,Stata (.dta),391,https://dhsprogram.com/customcf/legacy/data/download_dataset.cfm?Filename=GNBR62DT.zip&Tp=1&Ctry_Code=GN&surv_id=391&dm=1&dmode=nm,Guiné/Nascimentos_BR/GNBR62DT.zip
GNBR71DT.zip,GN,Guiné,BR,Nascimentos (Births Recode),"Histórico de nascimentos das mulheres entrevistadas, partos, peso ao nascer e mortalidade infantil.",Nascimentos_BR,71,Stata (.dta),539,https://dhsprogram.com/customcf/legacy/data/download_dataset.cfm?Filename=GNBR71DT.zip&Tp=1&Ctry_Code=GN&surv_id=539&dm=1&dmode=nm,Guiné/Nascimentos_BR/GNBR71DT.zip
GNCR41DT.zip,GN,Guiné,CR,Casais (Couples Recode),Dados conjuntos de casais casados ou vivendo em união estável.,Casais_CR,41,Stata (.dta),154,https://dhsprogram.com/customcf/legacy/data/download_dataset.cfm?Filename=GNCR41DT.zip&Tp=1&Ctry_Code=GN&surv_id=154&dm=1&dmode=nm,Guiné/Casais_CR/GNCR41DT.zip
GNCR52DT.zip,GN,Guiné,CR,Casais (Couples Recode),Dados conjuntos de casais casados ou vivendo em união estável.,Casais_CR,52,Stata (.dta),249,https://dhsprogram.com/customcf/legacy/data/download_dataset.cfm?Filename=GNCR52DT.zip&Tp=1&Ctry_Code=GN&surv_id=249&dm=1&dmode=nm,Guiné/Casais_CR/GNCR52DT.zip
GNCR62DT.zip,GN,Guiné,CR,Casais (Couples Recode),Dados conjuntos de casais casados ou vivendo em união estável.,Casais_CR,62,Stata (.dta),391,https://dhsprogram.com/customcf/legacy/data/download_dataset.cfm?Filename=GNCR62DT.zip&Tp=1&Ctry_Code=GN&surv_id=391&dm=1&dmode=nm,Guiné/Casais_CR/GNCR62DT.zip
GNCR71DT.zip,GN,Guiné,CR,Casais (Couples Recode),Dados conjuntos de casais casados ou vivendo em união estável.,Casais_CR,71,Stata (.dta),539,https://dhsprogram.com/customcf/legacy/data/download_dataset.cfm?Filename=GNCR71DT.zip&Tp=1&Ctry_Code=GN&surv_id=539&dm=1&dmode=nm,Guiné/Casais_CR/GNCR71DT.zip
GNHR41DT.zip,GN,Guiné,HR,Domicílios (Household Recode),"Características do domicílio, saneamento básico, fontes de água, bens e bens duráveis.",Domicilios_HR,41,Stata (.dta),154,https://dhsprogram.com/customcf/legacy/data/download_dataset.cfm?Filename=GNHR41DT.zip&Tp=1&Ctry_Code=GN&surv_id=154&dm=1&dmode=nm,Guiné/Domicilios_HR/GNHR41DT.zip
GNHR52DT.zip,GN,Guiné,HR,Domicílios (Household Recode),"Características do domicílio, saneamento básico, fontes de água, bens e bens duráveis.",Domicilios_HR,52,Stata (.dta),249,https://dhsprogram.com/customcf/legacy/data/download_dataset.cfm?Filename=GNHR52DT.zip&Tp=1&Ctry_Code=GN&surv_id=249&dm=1&dmode=nm,Guiné/Domicilios_HR/GNHR52DT.zip
GNHR62DT.zip,GN,Guiné,HR,Domicílios (Household Recode),"Características do domicílio, saneamento básico, fontes de água, bens e bens duráveis.",Domicilios_HR,62,Stata (.dta),391,https://dhsprogram.com/customcf/legacy/data/download_dataset.cfm?Filename=GNHR62DT.zip&Tp=1&Ctry_Code=GN&surv_id=391&dm=1&dmode=nm,Guiné/Domicilios_HR/GNHR62DT.zip
GNHR71DT.zip,GN,Guiné,HR,Domicílios (Household Recode),"Características do domicílio, saneamento básico, fontes de água, bens e bens duráveis.",Domicilios_HR,71,Stata (.dta),539,https://dhsprogram.com/customcf/legacy/data/download_dataset.cfm?Filename=GNHR71DT.zip&Tp=1&Ctry_Code=GN&surv_id=539&dm=1&dmode=nm,Guiné/Domicilios_HR/GNHR71DT.zip
GNHR82DT.zip,GN,Guiné,HR,Domicílios (Household Recode),"Características do domicílio, saneamento básico, fontes de água, bens e bens duráveis.",Domicilios_HR,82,Stata (.dta),571,https://dhsprogram.com/customcf/legacy/data/download_dataset.cfm?Filename=GNHR82DT.zip&Tp=1&Ctry_Code=GN&surv_id=571&dm=1&dmode=nm,Guiné/Domicilios_HR/GNHR82DT.zip
GNHW41DT.zip,GN,Guiné,HW,Antropometria (Height and Weight),"Medições de altura, peso e escores nutricionais de mães e crianças.",Antropometria_HW,41,Stata (.dta),154,https://dhsprogram.com/customcf/legacy/data/download_dataset.cfm?Filename=GNHW41DT.zip&Tp=1&Ctry_Code=GN&surv_id=154&dm=1&dmode=nm,Guiné/Antropometria_HW/GNHW41DT.zip
GNHW51DT.zip,GN,Guiné,HW,Antropometria (Height and Weight),"Medições de altura, peso e escores nutricionais de mães e crianças.",Antropometria_HW,51,Stata (.dta),249,https://dhsprogram.com/customcf/legacy/data/download_dataset.cfm?Filename=GNHW51DT.zip&Tp=1&Ctry_Code=GN&surv_id=249&dm=1&dmode=nm,Guiné/Antropometria_HW/GNHW51DT.zip
GNIR41DT.zip,GN,Guiné,IR,Mulheres (Individual Recode),"Dados individuais de mulheres (15-49 anos). Inclui saúde reprodutiva, maternidade, pré-natal, etc. [BÔNUS SAÚDE DA MULHER]",Saude_da_Mulher_IR,41,Stata (.dta),154,https://dhsprogram.com/customcf/legacy/data/download_dataset.cfm?Filename=GNIR41DT.zip&Tp=1&Ctry_Code=GN&surv_id=154&dm=1&dmode=nm,Guiné/Saude_da_Mulher_IR/GNIR41DT.zip
GNIR52DT.zip,GN,Guiné,IR,Mulheres (Individual Recode),"Dados individuais de mulheres (15-49 anos). Inclui saúde reprodutiva, maternidade, pré-natal, etc. [BÔNUS SAÚDE DA MULHER]",Saude_da_Mulher_IR,52,Stata (.dta),249,https://dhsprogram.com/customcf/legacy/data/download_dataset.cfm?Filename=GNIR52DT.zip&Tp=1&Ctry_Code=GN&surv_id=249&dm=1&dmode=nm,Guiné/Saude_da_Mulher_IR/GNIR52DT.zip
GNIR62DT.zip,GN,Guiné,IR,Mulheres (Individual Recode),"Dados individuais de mulheres (15-49 anos). Inclui saúde reprodutiva, maternidade, pré-natal, etc. [BÔNUS SAÚDE DA MULHER]",Saude_da_Mulher_IR,62,Stata (.dta),391,https://dhsprogram.com/customcf/legacy/data/download_dataset.cfm?Filename=GNIR62DT.zip&Tp=1&Ctry_Code=GN&surv_id=391&dm=1&dmode=nm,Guiné/Saude_da_Mulher_IR/GNIR62DT.zip
GNIR71DT.zip,GN,Guiné,IR,Mulheres (Individual Recode),"Dados individuais de mulheres (15-49 anos). Inclui saúde reprodutiva, maternidade, pré-natal, etc. [BÔNUS SAÚDE DA MULHER]",Saude_da_Mulher_IR,71,Stata (.dta),539,https://dhsprogram.com/customcf/legacy/data/download_dataset.cfm?Filename=GNIR71DT.zip&Tp=1&Ctry_Code=GN&surv_id=539&dm=1&dmode=nm,Guiné/Saude_da_Mulher_IR/GNIR71DT.zip
GNIR82DT.zip,GN,Guiné,IR,Mulheres (Individual Recode),"Dados individuais de mulheres (15-49 anos). Inclui saúde reprodutiva, maternidade, pré-natal, etc. [BÔNUS SAÚDE DA MULHER]",Saude_da_Mulher_IR,82,Stata (.dta),571,https://dhsprogram.com/customcf/legacy/data/download_dataset.cfm?Filename=GNIR82DT.zip&Tp=1&Ctry_Code=GN&surv_id=571&dm=1&dmode=nm,Guiné/Saude_da_Mulher_IR/GNIR82DT.zip
GNKR41DT.zip,GN,Guiné,KR,Crianças (Children's Recode),"Crianças menores de 5 anos de idade, vacinação, nutrição, amamentação e episódios de doenças.",Criancas_KR,41,Stata (.dta),154,https://dhsprogram.com/customcf/legacy/data/download_dataset.cfm?Filename=GNKR41DT.zip&Tp=1&Ctry_Code=GN&surv_id=154&dm=1&dmode=nm,Guiné/Criancas_KR/GNKR41DT.zip
GNKR52DT.zip,GN,Guiné,KR,Crianças (Children's Recode),"Crianças menores de 5 anos de idade, vacinação, nutrição, amamentação e episódios de doenças.",Criancas_KR,52,Stata (.dta),249,https://dhsprogram.com/customcf/legacy/data/download_dataset.cfm?Filename=GNKR52DT.zip&Tp=1&Ctry_Code=GN&surv_id=249&dm=1&dmode=nm,Guiné/Criancas_KR/GNKR52DT.zip
GNKR62DT.zip,GN,Guiné,KR,Crianças (Children's Recode),"Crianças menores de 5 anos de idade, vacinação, nutrição, amamentação e episódios de doenças.",Criancas_KR,62,Stata (.dta),391,https://dhsprogram.com/customcf/legacy/data/download_dataset.cfm?Filename=GNKR62DT.zip&Tp=1&Ctry_Code=GN&surv_id=391&dm=1&dmode=nm,Guiné/Criancas_KR/GNKR62DT.zip
GNKR71DT.zip,GN,Guiné,KR,Crianças (Children's Recode),"Crianças menores de 5 anos de idade, vacinação, nutrição, amamentação e episódios de doenças.",Criancas_KR,71,Stata (.dta),539,https://dhsprogram.com/customcf/legacy/data/download_dataset.cfm?Filename=GNKR71DT.zip&Tp=1&Ctry_Code=GN&surv_id=539&dm=1&dmode=nm,Guiné/Criancas_KR/GNKR71DT.zip
GNKR82DT.zip,GN,Guiné,KR,Crianças (Children's Recode),"Crianças menores de 5 anos de idade, vacinação, nutrição, amamentação e episódios de doenças.",Criancas_KR,82,Stata (.dta),571,https://dhsprogram.com/customcf/legacy/data/download_dataset.cfm?Filename=GNKR82DT.zip&Tp=1&Ctry_Code=GN&surv_id=571&dm=1&dmode=nm,Guiné/Criancas_KR/GNKR82DT.zip
GNMR41DT.zip,GN,Guiné,MR,Homens (Men's Recode),"Dados individuais de homens (15-49/59 anos), trabalho, saúde e conhecimentos reprodutivos.",Homens_MR,41,Stata (.dta),154,https://dhsprogram.com/customcf/legacy/data/download_dataset.cfm?Filename=GNMR41DT.zip&Tp=1&Ctry_Code=GN&surv_id=154&dm=1&dmode=nm,Guiné/Homens_MR/GNMR41DT.zip
GNMR52DT.zip,GN,Guiné,MR,Homens (Men's Recode),"Dados individuais de homens (15-49/59 anos), trabalho, saúde e conhecimentos reprodutivos.",Homens_MR,52,Stata (.dta),249,https://dhsprogram.com/customcf/legacy/data/download_dataset.cfm?Filename=GNMR52DT.zip&Tp=1&Ctry_Code=GN&surv_id=249&dm=1&dmode=nm,Guiné/Homens_MR/GNMR52DT.zip
GNMR62DT.zip,GN,Guiné,MR,Homens (Men's Recode),"Dados individuais de homens (15-49/59 anos), trabalho, saúde e conhecimentos reprodutivos.",Homens_MR,62,Stata (.dta),391,https://dhsprogram.com/customcf/legacy/data/download_dataset.cfm?Filename=GNMR62DT.zip&Tp=1&Ctry_Code=GN&surv_id=391&dm=1&dmode=nm,Guiné/Homens_MR/GNMR62DT.zip
GNMR71DT.zip,GN,Guiné,MR,Homens (Men's Recode),"Dados individuais de homens (15-49/59 anos), trabalho, saúde e conhecimentos reprodutivos.",Homens_MR,71,Stata (.dta),539,https://dhsprogram.com/customcf/legacy/data/download_dataset.cfm?Filename=GNMR71DT.zip&Tp=1&Ctry_Code=GN&surv_id=539&dm=1&dmode=nm,Guiné/Homens_MR/GNMR71DT.zip
GNPR41DT.zip,GN,Guiné,PR,Moradores (Household Member Recode),"Informações demográficas de todos os moradores do domicílio (idade, sexo, educação).",Moradores_PR,41,Stata (.dta),154,https://dhsprogram.com/customcf/legacy/data/download_dataset.cfm?Filename=GNPR41DT.zip&Tp=1&Ctry_Code=GN&surv_id=154&dm=1&dmode=nm,Guiné/Moradores_PR/GNPR41DT.zip
GNPR53DT.zip,GN,Guiné,PR,Moradores (Household Member Recode),"Informações demográficas de todos os moradores do domicílio (idade, sexo, educação).",Moradores_PR,53,Stata (.dta),249,https://dhsprogram.com/customcf/legacy/data/download_dataset.cfm?Filename=GNPR53DT.zip&Tp=1&Ctry_Code=GN&surv_id=249&dm=1&dmode=nm,Guiné/Moradores_PR/GNPR53DT.zip
GNPR62DT.zip,GN,Guiné,PR,Moradores (Household Member Recode),"Informações demográficas de todos os moradores do domicílio (idade, sexo, educação).",Moradores_PR,62,Stata (.dta),391,https://dhsprogram.com/customcf/legacy/data/download_dataset.cfm?Filename=GNPR62DT.zip&Tp=1&Ctry_Code=GN&surv_id=391&dm=1&dmode=nm,Guiné/Moradores_PR/GNPR62DT.zip
GNPR71DT.zip,GN,Guiné,PR,Moradores (Household Member Recode),"Informações demográficas de todos os moradores do domicílio (idade, sexo, educação).",Moradores_PR,71,Stata (.dta),539,https://dhsprogram.com/customcf/legacy/data/download_dataset.cfm?Filename=GNPR71DT.zip&Tp=1&Ctry_Code=GN&surv_id=539&dm=1&dmode=nm,Guiné/Moradores_PR/GNPR71DT.zip
GNPR82DT.zip,GN,Guiné,PR,Moradores (Household Member Recode),"Informações demográficas de todos os moradores do domicílio (idade, sexo, educação).",Moradores_PR,82,Stata (.dta),571,https://dhsprogram.com/customcf/legacy/data/download_dataset.cfm?Filename=GNPR82DT.zip&Tp=1&Ctry_Code=GN&surv_id=571&dm=1&dmode=nm,Guiné/Moradores_PR/GNPR82DT.zip
GNSQ41DT.zip,GN,Guiné,SQ,Serviços de Saúde (Service Questionnaire),Disponibilidade e infraestrutura dos serviços de saúde comunitários.,Servicos_Saude_SQ,41,Stata (.dta),154,https://dhsprogram.com/customcf/legacy/data/download_dataset.cfm?Filename=GNSQ41DT.zip&Tp=1&Ctry_Code=GN&surv_id=154&dm=1&dmode=nm,Guiné/Servicos_Saude_SQ/GNSQ41DT.zip
GNWI41DT.zip,GN,Guiné,WI,Índice de Riqueza (Wealth Index),Pontuação e quintil do índice de riqueza socioeconômica.,Riqueza_WI,41,Stata (.dta),154,https://dhsprogram.com/customcf/legacy/data/download_dataset.cfm?Filename=GNWI41DT.zip&Tp=1&Ctry_Code=GN&surv_id=154&dm=1&dmode=nm,Guiné/Riqueza_WI/GNWI41DT.zip
KEBR03DT.zip,KE,Quênia,BR,Nascimentos (Births Recode),"Histórico de nascimentos das mulheres entrevistadas, partos, peso ao nascer e mortalidade infantil.",Nascimentos_BR,03,Stata (.dta),20,https://dhsprogram.com/customcf/legacy/data/download_dataset.cfm?Filename=KEBR03DT.zip&Tp=1&Ctry_Code=KE&surv_id=20&dm=1&dmode=nm,Quênia/Nascimentos_BR/KEBR03DT.zip
KEBR33DT.zip,KE,Quênia,BR,Nascimentos (Births Recode),"Histórico de nascimentos das mulheres entrevistadas, partos, peso ao nascer e mortalidade infantil.",Nascimentos_BR,33,Stata (.dta),56,https://dhsprogram.com/customcf/legacy/data/download_dataset.cfm?Filename=KEBR33DT.zip&Tp=1&Ctry_Code=KE&surv_id=56&dm=1&dmode=nm,Quênia/Nascimentos_BR/KEBR33DT.zip
KEBR3ADT.zip,KE,Quênia,BR,Nascimentos (Births Recode),"Histórico de nascimentos das mulheres entrevistadas, partos, peso ao nascer e mortalidade infantil.",Nascimentos_BR,3A,Stata (.dta),115,https://dhsprogram.com/customcf/legacy/data/download_dataset.cfm?Filename=KEBR3ADT.zip&Tp=1&Ctry_Code=KE&surv_id=115&dm=1&dmode=nm,Quênia/Nascimentos_BR/KEBR3ADT.zip
KEBR42DT.zip,KE,Quênia,BR,Nascimentos (Births Recode),"Histórico de nascimentos das mulheres entrevistadas, partos, peso ao nascer e mortalidade infantil.",Nascimentos_BR,42,Stata (.dta),216,https://dhsprogram.com/customcf/legacy/data/download_dataset.cfm?Filename=KEBR42DT.zip&Tp=1&Ctry_Code=KE&surv_id=216&dm=1&dmode=nm,Quênia/Nascimentos_BR/KEBR42DT.zip
KEBR52DT.zip,KE,Quênia,BR,Nascimentos (Births Recode),"Histórico de nascimentos das mulheres entrevistadas, partos, peso ao nascer e mortalidade infantil.",Nascimentos_BR,52,Stata (.dta),300,https://dhsprogram.com/customcf/legacy/data/download_dataset.cfm?Filename=KEBR52DT.zip&Tp=1&Ctry_Code=KE&surv_id=300&dm=1&dmode=nm,Quênia/Nascimentos_BR/KEBR52DT.zip
KEBR72DT.zip,KE,Quênia,BR,Nascimentos (Births Recode),"Histórico de nascimentos das mulheres entrevistadas, partos, peso ao nascer e mortalidade infantil.",Nascimentos_BR,72,Stata (.dta),451,https://dhsprogram.com/customcf/legacy/data/download_dataset.cfm?Filename=KEBR72DT.zip&Tp=1&Ctry_Code=KE&surv_id=451&dm=1&dmode=nm,Quênia/Nascimentos_BR/KEBR72DT.zip
KEBR8CDT.zip,KE,Quênia,BR,Nascimentos (Births Recode),"Histórico de nascimentos das mulheres entrevistadas, partos, peso ao nascer e mortalidade infantil.",Nascimentos_BR,8C,Stata (.dta),566,https://dhsprogram.com/customcf/legacy/data/download_dataset.cfm?Filename=KEBR8CDT.zip&Tp=1&Ctry_Code=KE&surv_id=566&dm=1&dmode=nm,Quênia/Nascimentos_BR/KEBR8CDT.zip
KECR32DT.zip,KE,Quênia,CR,Casais (Couples Recode),Dados conjuntos de casais casados ou vivendo em união estável.,Casais_CR,32,Stata (.dta),56,https://dhsprogram.com/customcf/legacy/data/download_dataset.cfm?Filename=KECR32DT.zip&Tp=1&Ctry_Code=KE&surv_id=56&dm=1&dmode=nm,Quênia/Casais_CR/KECR32DT.zip
KECR3ADT.zip,KE,Quênia,CR,Casais (Couples Recode),Dados conjuntos de casais casados ou vivendo em união estável.,Casais_CR,3A,Stata (.dta),115,https://dhsprogram.com/customcf/legacy/data/download_dataset.cfm?Filename=KECR3ADT.zip&Tp=1&Ctry_Code=KE&surv_id=115&dm=1&dmode=nm,Quênia/Casais_CR/KECR3ADT.zip
KECR42DT.zip,KE,Quênia,CR,Casais (Couples Recode),Dados conjuntos de casais casados ou vivendo em união estável.,Casais_CR,42,Stata (.dta),216,https://dhsprogram.com/customcf/legacy/data/download_dataset.cfm?Filename=KECR42DT.zip&Tp=1&Ctry_Code=KE&surv_id=216&dm=1&dmode=nm,Quênia/Casais_CR/KECR42DT.zip
KECR52DT.zip,KE,Quênia,CR,Casais (Couples Recode),Dados conjuntos de casais casados ou vivendo em união estável.,Casais_CR,52,Stata (.dta),300,https://dhsprogram.com/customcf/legacy/data/download_dataset.cfm?Filename=KECR52DT.zip&Tp=1&Ctry_Code=KE&surv_id=300&dm=1&dmode=nm,Quênia/Casais_CR/KECR52DT.zip
KECR72DT.zip,KE,Quênia,CR,Casais (Couples Recode),Dados conjuntos de casais casados ou vivendo em união estável.,Casais_CR,72,Stata (.dta),451,https://dhsprogram.com/customcf/legacy/data/download_dataset.cfm?Filename=KECR72DT.zip&Tp=1&Ctry_Code=KE&surv_id=451&dm=1&dmode=nm,Quênia/Casais_CR/KECR72DT.zip
KECR8CDT.zip,KE,Quênia,CR,Casais (Couples Recode),Dados conjuntos de casais casados ou vivendo em união estável.,Casais_CR,8C,Stata (.dta),566,https://dhsprogram.com/customcf/legacy/data/download_dataset.cfm?Filename=KECR8CDT.zip&Tp=1&Ctry_Code=KE&surv_id=566&dm=1&dmode=nm,Quênia/Casais_CR/KECR8CDT.zip
KEHH01DT.zip,KE,Quênia,HH,Inquérito Domiciliar (Household Survey),Questionário domiciliar expandido / experimental.,Inquerito_Domiciliar_HH,01,Stata (.dta),20,https://dhsprogram.com/customcf/legacy/data/download_dataset.cfm?Filename=KEHH01DT.zip&Tp=1&Ctry_Code=KE&surv_id=20&dm=1&dmode=nm,Quênia/Inquerito_Domiciliar_HH/KEHH01DT.zip
KEHR33DT.zip,KE,Quênia,HR,Domicílios (Household Recode),"Características do domicílio, saneamento básico, fontes de água, bens e bens duráveis.",Domicilios_HR,33,Stata (.dta),56,https://dhsprogram.com/customcf/legacy/data/download_dataset.cfm?Filename=KEHR33DT.zip&Tp=1&Ctry_Code=KE&surv_id=56&dm=1&dmode=nm,Quênia/Domicilios_HR/KEHR33DT.zip
KEHR3ADT.zip,KE,Quênia,HR,Domicílios (Household Recode),"Características do domicílio, saneamento básico, fontes de água, bens e bens duráveis.",Domicilios_HR,3A,Stata (.dta),115,https://dhsprogram.com/customcf/legacy/data/download_dataset.cfm?Filename=KEHR3ADT.zip&Tp=1&Ctry_Code=KE&surv_id=115&dm=1&dmode=nm,Quênia/Domicilios_HR/KEHR3ADT.zip
KEHR42DT.zip,KE,Quênia,HR,Domicílios (Household Recode),"Características do domicílio, saneamento básico, fontes de água, bens e bens duráveis.",Domicilios_HR,42,Stata (.dta),216,https://dhsprogram.com/customcf/legacy/data/download_dataset.cfm?Filename=KEHR42DT.zip&Tp=1&Ctry_Code=KE&surv_id=216&dm=1&dmode=nm,Quênia/Domicilios_HR/KEHR42DT.zip
KEHR52DT.zip,KE,Quênia,HR,Domicílios (Household Recode),"Características do domicílio, saneamento básico, fontes de água, bens e bens duráveis.",Domicilios_HR,52,Stata (.dta),300,https://dhsprogram.com/customcf/legacy/data/download_dataset.cfm?Filename=KEHR52DT.zip&Tp=1&Ctry_Code=KE&surv_id=300&dm=1&dmode=nm,Quênia/Domicilios_HR/KEHR52DT.zip
KEHR72DT.zip,KE,Quênia,HR,Domicílios (Household Recode),"Características do domicílio, saneamento básico, fontes de água, bens e bens duráveis.",Domicilios_HR,72,Stata (.dta),451,https://dhsprogram.com/customcf/legacy/data/download_dataset.cfm?Filename=KEHR72DT.zip&Tp=1&Ctry_Code=KE&surv_id=451&dm=1&dmode=nm,Quênia/Domicilios_HR/KEHR72DT.zip
KEHR7ADT.zip,KE,Quênia,HR,Domicílios (Household Recode),"Características do domicílio, saneamento básico, fontes de água, bens e bens duráveis.",Domicilios_HR,7A,Stata (.dta),493,https://dhsprogram.com/customcf/legacy/data/download_dataset.cfm?Filename=KEHR7ADT.zip&Tp=1&Ctry_Code=KE&surv_id=493&dm=1&dmode=nm,Quênia/Domicilios_HR/KEHR7ADT.zip
KEHR81DT.zip,KE,Quênia,HR,Domicílios (Household Recode),"Características do domicílio, saneamento básico, fontes de água, bens e bens duráveis.",Domicilios_HR,81,Stata (.dta),579,https://dhsprogram.com/customcf/legacy/data/download_dataset.cfm?Filename=KEHR81DT.zip&Tp=1&Ctry_Code=KE&surv_id=579&dm=1&dmode=nm,Quênia/Domicilios_HR/KEHR81DT.zip
KEHR8CDT.zip,KE,Quênia,HR,Domicílios (Household Recode),"Características do domicílio, saneamento básico, fontes de água, bens e bens duráveis.",Domicilios_HR,8C,Stata (.dta),566,https://dhsprogram.com/customcf/legacy/data/download_dataset.cfm?Filename=KEHR8CDT.zip&Tp=1&Ctry_Code=KE&surv_id=566&dm=1&dmode=nm,Quênia/Domicilios_HR/KEHR8CDT.zip
KEHW33DT.zip,KE,Quênia,HW,Antropometria (Height and Weight),"Medições de altura, peso e escores nutricionais de mães e crianças.",Antropometria_HW,33,Stata (.dta),56,https://dhsprogram.com/customcf/legacy/data/download_dataset.cfm?Filename=KEHW33DT.zip&Tp=1&Ctry_Code=KE&surv_id=56&dm=1&dmode=nm,Quênia/Antropometria_HW/KEHW33DT.zip
KEHW3ADT.zip,KE,Quênia,HW,Antropometria (Height and Weight),"Medições de altura, peso e escores nutricionais de mães e crianças.",Antropometria_HW,3A,Stata (.dta),115,https://dhsprogram.com/customcf/legacy/data/download_dataset.cfm?Filename=KEHW3ADT.zip&Tp=1&Ctry_Code=KE&surv_id=115&dm=1&dmode=nm,Quênia/Antropometria_HW/KEHW3ADT.zip
KEHW41DT.zip,KE,Quênia,HW,Antropometria (Height and Weight),"Medições de altura, peso e escores nutricionais de mães e crianças.",Antropometria_HW,41,Stata (.dta),216,https://dhsprogram.com/customcf/legacy/data/download_dataset.cfm?Filename=KEHW41DT.zip&Tp=1&Ctry_Code=KE&surv_id=216&dm=1&dmode=nm,Quênia/Antropometria_HW/KEHW41DT.zip
KEIR03DT.zip,KE,Quênia,IR,Mulheres (Individual Recode),"Dados individuais de mulheres (15-49 anos). Inclui saúde reprodutiva, maternidade, pré-natal, etc. [BÔNUS SAÚDE DA MULHER]",Saude_da_Mulher_IR,03,Stata (.dta),20,https://dhsprogram.com/customcf/legacy/data/download_dataset.cfm?Filename=KEIR03DT.zip&Tp=1&Ctry_Code=KE&surv_id=20&dm=1&dmode=nm,Quênia/Saude_da_Mulher_IR/KEIR03DT.zip
KEIR33DT.zip,KE,Quênia,IR,Mulheres (Individual Recode),"Dados individuais de mulheres (15-49 anos). Inclui saúde reprodutiva, maternidade, pré-natal, etc. [BÔNUS SAÚDE DA MULHER]",Saude_da_Mulher_IR,33,Stata (.dta),56,https://dhsprogram.com/customcf/legacy/data/download_dataset.cfm?Filename=KEIR33DT.zip&Tp=1&Ctry_Code=KE&surv_id=56&dm=1&dmode=nm,Quênia/Saude_da_Mulher_IR/KEIR33DT.zip
KEIR3ADT.zip,KE,Quênia,IR,Mulheres (Individual Recode),"Dados individuais de mulheres (15-49 anos). Inclui saúde reprodutiva, maternidade, pré-natal, etc. [BÔNUS SAÚDE DA MULHER]",Saude_da_Mulher_IR,3A,Stata (.dta),115,https://dhsprogram.com/customcf/legacy/data/download_dataset.cfm?Filename=KEIR3ADT.zip&Tp=1&Ctry_Code=KE&surv_id=115&dm=1&dmode=nm,Quênia/Saude_da_Mulher_IR/KEIR3ADT.zip
KEIR42DT.zip,KE,Quênia,IR,Mulheres (Individual Recode),"Dados individuais de mulheres (15-49 anos). Inclui saúde reprodutiva, maternidade, pré-natal, etc. [BÔNUS SAÚDE DA MULHER]",Saude_da_Mulher_IR,42,Stata (.dta),216,https://dhsprogram.com/customcf/legacy/data/download_dataset.cfm?Filename=KEIR42DT.zip&Tp=1&Ctry_Code=KE&surv_id=216&dm=1&dmode=nm,Quênia/Saude_da_Mulher_IR/KEIR42DT.zip
KEIR52DT.zip,KE,Quênia,IR,Mulheres (Individual Recode),"Dados individuais de mulheres (15-49 anos). Inclui saúde reprodutiva, maternidade, pré-natal, etc. [BÔNUS SAÚDE DA MULHER]",Saude_da_Mulher_IR,52,Stata (.dta),300,https://dhsprogram.com/customcf/legacy/data/download_dataset.cfm?Filename=KEIR52DT.zip&Tp=1&Ctry_Code=KE&surv_id=300&dm=1&dmode=nm,Quênia/Saude_da_Mulher_IR/KEIR52DT.zip
KEIR72DT.zip,KE,Quênia,IR,Mulheres (Individual Recode),"Dados individuais de mulheres (15-49 anos). Inclui saúde reprodutiva, maternidade, pré-natal, etc. [BÔNUS SAÚDE DA MULHER]",Saude_da_Mulher_IR,72,Stata (.dta),451,https://dhsprogram.com/customcf/legacy/data/download_dataset.cfm?Filename=KEIR72DT.zip&Tp=1&Ctry_Code=KE&surv_id=451&dm=1&dmode=nm,Quênia/Saude_da_Mulher_IR/KEIR72DT.zip
KEIR7ADT.zip,KE,Quênia,IR,Mulheres (Individual Recode),"Dados individuais de mulheres (15-49 anos). Inclui saúde reprodutiva, maternidade, pré-natal, etc. [BÔNUS SAÚDE DA MULHER]",Saude_da_Mulher_IR,7A,Stata (.dta),493,https://dhsprogram.com/customcf/legacy/data/download_dataset.cfm?Filename=KEIR7ADT.zip&Tp=1&Ctry_Code=KE&surv_id=493&dm=1&dmode=nm,Quênia/Saude_da_Mulher_IR/KEIR7ADT.zip
KEIR81DT.zip,KE,Quênia,IR,Mulheres (Individual Recode),"Dados individuais de mulheres (15-49 anos). Inclui saúde reprodutiva, maternidade, pré-natal, etc. [BÔNUS SAÚDE DA MULHER]",Saude_da_Mulher_IR,81,Stata (.dta),579,https://dhsprogram.com/customcf/legacy/data/download_dataset.cfm?Filename=KEIR81DT.zip&Tp=1&Ctry_Code=KE&surv_id=579&dm=1&dmode=nm,Quênia/Saude_da_Mulher_IR/KEIR81DT.zip
KEIR8CDT.zip,KE,Quênia,IR,Mulheres (Individual Recode),"Dados individuais de mulheres (15-49 anos). Inclui saúde reprodutiva, maternidade, pré-natal, etc. [BÔNUS SAÚDE DA MULHER]",Saude_da_Mulher_IR,8C,Stata (.dta),566,https://dhsprogram.com/customcf/legacy/data/download_dataset.cfm?Filename=KEIR8CDT.zip&Tp=1&Ctry_Code=KE&surv_id=566&dm=1&dmode=nm,Quênia/Saude_da_Mulher_IR/KEIR8CDT.zip
KEKR01DT.zip,KE,Quênia,KR,Crianças (Children's Recode),"Crianças menores de 5 anos de idade, vacinação, nutrição, amamentação e episódios de doenças.",Criancas_KR,01,Stata (.dta),20,https://dhsprogram.com/customcf/legacy/data/download_dataset.cfm?Filename=KEKR01DT.zip&Tp=1&Ctry_Code=KE&surv_id=20&dm=1&dmode=nm,Quênia/Criancas_KR/KEKR01DT.zip
KEKR31DT.zip,KE,Quênia,KR,Crianças (Children's Recode),"Crianças menores de 5 anos de idade, vacinação, nutrição, amamentação e episódios de doenças.",Criancas_KR,31,Stata (.dta),56,https://dhsprogram.com/customcf/legacy/data/download_dataset.cfm?Filename=KEKR31DT.zip&Tp=1&Ctry_Code=KE&surv_id=56&dm=1&dmode=nm,Quênia/Criancas_KR/KEKR31DT.zip
KEKR3ADT.zip,KE,Quênia,KR,Crianças (Children's Recode),"Crianças menores de 5 anos de idade, vacinação, nutrição, amamentação e episódios de doenças.",Criancas_KR,3A,Stata (.dta),115,https://dhsprogram.com/customcf/legacy/data/download_dataset.cfm?Filename=KEKR3ADT.zip&Tp=1&Ctry_Code=KE&surv_id=115&dm=1&dmode=nm,Quênia/Criancas_KR/KEKR3ADT.zip
KEKR42DT.zip,KE,Quênia,KR,Crianças (Children's Recode),"Crianças menores de 5 anos de idade, vacinação, nutrição, amamentação e episódios de doenças.",Criancas_KR,42,Stata (.dta),216,https://dhsprogram.com/customcf/legacy/data/download_dataset.cfm?Filename=KEKR42DT.zip&Tp=1&Ctry_Code=KE&surv_id=216&dm=1&dmode=nm,Quênia/Criancas_KR/KEKR42DT.zip
KEKR52DT.zip,KE,Quênia,KR,Crianças (Children's Recode),"Crianças menores de 5 anos de idade, vacinação, nutrição, amamentação e episódios de doenças.",Criancas_KR,52,Stata (.dta),300,https://dhsprogram.com/customcf/legacy/data/download_dataset.cfm?Filename=KEKR52DT.zip&Tp=1&Ctry_Code=KE&surv_id=300&dm=1&dmode=nm,Quênia/Criancas_KR/KEKR52DT.zip
KEKR72DT.zip,KE,Quênia,KR,Crianças (Children's Recode),"Crianças menores de 5 anos de idade, vacinação, nutrição, amamentação e episódios de doenças.",Criancas_KR,72,Stata (.dta),451,https://dhsprogram.com/customcf/legacy/data/download_dataset.cfm?Filename=KEKR72DT.zip&Tp=1&Ctry_Code=KE&surv_id=451&dm=1&dmode=nm,Quênia/Criancas_KR/KEKR72DT.zip
KEKR7ADT.zip,KE,Quênia,KR,Crianças (Children's Recode),"Crianças menores de 5 anos de idade, vacinação, nutrição, amamentação e episódios de doenças.",Criancas_KR,7A,Stata (.dta),493,https://dhsprogram.com/customcf/legacy/data/download_dataset.cfm?Filename=KEKR7ADT.zip&Tp=1&Ctry_Code=KE&surv_id=493&dm=1&dmode=nm,Quênia/Criancas_KR/KEKR7ADT.zip
KEKR81DT.zip,KE,Quênia,KR,Crianças (Children's Recode),"Crianças menores de 5 anos de idade, vacinação, nutrição, amamentação e episódios de doenças.",Criancas_KR,81,Stata (.dta),579,https://dhsprogram.com/customcf/legacy/data/download_dataset.cfm?Filename=KEKR81DT.zip&Tp=1&Ctry_Code=KE&surv_id=579&dm=1&dmode=nm,Quênia/Criancas_KR/KEKR81DT.zip
KEKR8CDT.zip,KE,Quênia,KR,Crianças (Children's Recode),"Crianças menores de 5 anos de idade, vacinação, nutrição, amamentação e episódios de doenças.",Criancas_KR,8C,Stata (.dta),566,https://dhsprogram.com/customcf/legacy/data/download_dataset.cfm?Filename=KEKR8CDT.zip&Tp=1&Ctry_Code=KE&surv_id=566&dm=1&dmode=nm,Quênia/Criancas_KR/KEKR8CDT.zip
KEMR32DT.zip,KE,Quênia,MR,Homens (Men's Recode),"Dados individuais de homens (15-49/59 anos), trabalho, saúde e conhecimentos reprodutivos.",Homens_MR,32,Stata (.dta),56,https://dhsprogram.com/customcf/legacy/data/download_dataset.cfm?Filename=KEMR32DT.zip&Tp=1&Ctry_Code=KE&surv_id=56&dm=1&dmode=nm,Quênia/Homens_MR/KEMR32DT.zip
KEMR3ADT.zip,KE,Quênia,MR,Homens (Men's Recode),"Dados individuais de homens (15-49/59 anos), trabalho, saúde e conhecimentos reprodutivos.",Homens_MR,3A,Stata (.dta),115,https://dhsprogram.com/customcf/legacy/data/download_dataset.cfm?Filename=KEMR3ADT.zip&Tp=1&Ctry_Code=KE&surv_id=115&dm=1&dmode=nm,Quênia/Homens_MR/KEMR3ADT.zip
KEMR42DT.zip,KE,Quênia,MR,Homens (Men's Recode),"Dados individuais de homens (15-49/59 anos), trabalho, saúde e conhecimentos reprodutivos.",Homens_MR,42,Stata (.dta),216,https://dhsprogram.com/customcf/legacy/data/download_dataset.cfm?Filename=KEMR42DT.zip&Tp=1&Ctry_Code=KE&surv_id=216&dm=1&dmode=nm,Quênia/Homens_MR/KEMR42DT.zip
KEMR52DT.zip,KE,Quênia,MR,Homens (Men's Recode),"Dados individuais de homens (15-49/59 anos), trabalho, saúde e conhecimentos reprodutivos.",Homens_MR,52,Stata (.dta),300,https://dhsprogram.com/customcf/legacy/data/download_dataset.cfm?Filename=KEMR52DT.zip&Tp=1&Ctry_Code=KE&surv_id=300&dm=1&dmode=nm,Quênia/Homens_MR/KEMR52DT.zip
KEMR72DT.zip,KE,Quênia,MR,Homens (Men's Recode),"Dados individuais de homens (15-49/59 anos), trabalho, saúde e conhecimentos reprodutivos.",Homens_MR,72,Stata (.dta),451,https://dhsprogram.com/customcf/legacy/data/download_dataset.cfm?Filename=KEMR72DT.zip&Tp=1&Ctry_Code=KE&surv_id=451&dm=1&dmode=nm,Quênia/Homens_MR/KEMR72DT.zip
KEMR8CDT.zip,KE,Quênia,MR,Homens (Men's Recode),"Dados individuais de homens (15-49/59 anos), trabalho, saúde e conhecimentos reprodutivos.",Homens_MR,8C,Stata (.dta),566,https://dhsprogram.com/customcf/legacy/data/download_dataset.cfm?Filename=KEMR8CDT.zip&Tp=1&Ctry_Code=KE&surv_id=566&dm=1&dmode=nm,Quênia/Homens_MR/KEMR8CDT.zip
KEPR33DT.zip,KE,Quênia,PR,Moradores (Household Member Recode),"Informações demográficas de todos os moradores do domicílio (idade, sexo, educação).",Moradores_PR,33,Stata (.dta),56,https://dhsprogram.com/customcf/legacy/data/download_dataset.cfm?Filename=KEPR33DT.zip&Tp=1&Ctry_Code=KE&surv_id=56&dm=1&dmode=nm,Quênia/Moradores_PR/KEPR33DT.zip
KEPR3ADT.zip,KE,Quênia,PR,Moradores (Household Member Recode),"Informações demográficas de todos os moradores do domicílio (idade, sexo, educação).",Moradores_PR,3A,Stata (.dta),115,https://dhsprogram.com/customcf/legacy/data/download_dataset.cfm?Filename=KEPR3ADT.zip&Tp=1&Ctry_Code=KE&surv_id=115&dm=1&dmode=nm,Quênia/Moradores_PR/KEPR3ADT.zip
KEPR42DT.zip,KE,Quênia,PR,Moradores (Household Member Recode),"Informações demográficas de todos os moradores do domicílio (idade, sexo, educação).",Moradores_PR,42,Stata (.dta),216,https://dhsprogram.com/customcf/legacy/data/download_dataset.cfm?Filename=KEPR42DT.zip&Tp=1&Ctry_Code=KE&surv_id=216&dm=1&dmode=nm,Quênia/Moradores_PR/KEPR42DT.zip
KEPR52DT.zip,KE,Quênia,PR,Moradores (Household Member Recode),"Informações demográficas de todos os moradores do domicílio (idade, sexo, educação).",Moradores_PR,52,Stata (.dta),300,https://dhsprogram.com/customcf/legacy/data/download_dataset.cfm?Filename=KEPR52DT.zip&Tp=1&Ctry_Code=KE&surv_id=300&dm=1&dmode=nm,Quênia/Moradores_PR/KEPR52DT.zip
KEPR72DT.zip,KE,Quênia,PR,Moradores (Household Member Recode),"Informações demográficas de todos os moradores do domicílio (idade, sexo, educação).",Moradores_PR,72,Stata (.dta),451,https://dhsprogram.com/customcf/legacy/data/download_dataset.cfm?Filename=KEPR72DT.zip&Tp=1&Ctry_Code=KE&surv_id=451&dm=1&dmode=nm,Quênia/Moradores_PR/KEPR72DT.zip
KEPR7ADT.zip,KE,Quênia,PR,Moradores (Household Member Recode),"Informações demográficas de todos os moradores do domicílio (idade, sexo, educação).",Moradores_PR,7A,Stata (.dta),493,https://dhsprogram.com/customcf/legacy/data/download_dataset.cfm?Filename=KEPR7ADT.zip&Tp=1&Ctry_Code=KE&surv_id=493&dm=1&dmode=nm,Quênia/Moradores_PR/KEPR7ADT.zip
KEPR81DT.zip,KE,Quênia,PR,Moradores (Household Member Recode),"Informações demográficas de todos os moradores do domicílio (idade, sexo, educação).",Moradores_PR,81,Stata (.dta),579,https://dhsprogram.com/customcf/legacy/data/download_dataset.cfm?Filename=KEPR81DT.zip&Tp=1&Ctry_Code=KE&surv_id=579&dm=1&dmode=nm,Quênia/Moradores_PR/KEPR81DT.zip
KEPR8CDT.zip,KE,Quênia,PR,Moradores (Household Member Recode),"Informações demográficas de todos os moradores do domicílio (idade, sexo, educação).",Moradores_PR,8C,Stata (.dta),566,https://dhsprogram.com/customcf/legacy/data/download_dataset.cfm?Filename=KEPR8CDT.zip&Tp=1&Ctry_Code=KE&surv_id=566&dm=1&dmode=nm,Quênia/Moradores_PR/KEPR8CDT.zip
KESQ30DT.zip,KE,Quênia,SQ,Serviços de Saúde (Service Questionnaire),Disponibilidade e infraestrutura dos serviços de saúde comunitários.,Servicos_Saude_SQ,30,Stata (.dta),56,https://dhsprogram.com/customcf/legacy/data/download_dataset.cfm?Filename=KESQ30DT.zip&Tp=1&Ctry_Code=KE&surv_id=56&dm=1&dmode=nm,Quênia/Servicos_Saude_SQ/KESQ30DT.zip
KEWI31DT.zip,KE,Quênia,WI,Índice de Riqueza (Wealth Index),Pontuação e quintil do índice de riqueza socioeconômica.,Riqueza_WI,31,Stata (.dta),56,https://dhsprogram.com/customcf/legacy/data/download_dataset.cfm?Filename=KEWI31DT.zip&Tp=1&Ctry_Code=KE&surv_id=56&dm=1&dmode=nm,Quênia/Riqueza_WI/KEWI31DT.zip
KEWI3ADT.zip,KE,Quênia,WI,Índice de Riqueza (Wealth Index),Pontuação e quintil do índice de riqueza socioeconômica.,Riqueza_WI,3A,Stata (.dta),115,https://dhsprogram.com/customcf/legacy/data/download_dataset.cfm?Filename=KEWI3ADT.zip&Tp=1&Ctry_Code=KE&surv_id=115&dm=1&dmode=nm,Quênia/Riqueza_WI/KEWI3ADT.zip
LSBR41DT.zip,LS,Lesoto,BR,Nascimentos (Births Recode),"Histórico de nascimentos das mulheres entrevistadas, partos, peso ao nascer e mortalidade infantil.",Nascimentos_BR,41,Stata (.dta),256,https://dhsprogram.com/customcf/legacy/data/download_dataset.cfm?Filename=LSBR41DT.zip&Tp=1&Ctry_Code=LS&surv_id=256&dm=1&dmode=nm,Lesoto/Nascimentos_BR/LSBR41DT.zip
LSBR61DT.zip,LS,Lesoto,BR,Nascimentos (Births Recode),"Histórico de nascimentos das mulheres entrevistadas, partos, peso ao nascer e mortalidade infantil.",Nascimentos_BR,61,Stata (.dta),317,https://dhsprogram.com/customcf/legacy/data/download_dataset.cfm?Filename=LSBR61DT.zip&Tp=1&Ctry_Code=LS&surv_id=317&dm=1&dmode=nm,Lesoto/Nascimentos_BR/LSBR61DT.zip
LSBR71DT.zip,LS,Lesoto,BR,Nascimentos (Births Recode),"Histórico de nascimentos das mulheres entrevistadas, partos, peso ao nascer e mortalidade infantil.",Nascimentos_BR,71,Stata (.dta),462,https://dhsprogram.com/customcf/legacy/data/download_dataset.cfm?Filename=LSBR71DT.zip&Tp=1&Ctry_Code=LS&surv_id=462&dm=1&dmode=nm,Lesoto/Nascimentos_BR/LSBR71DT.zip
LSBR81DT.zip,LS,Lesoto,BR,Nascimentos (Births Recode),"Histórico de nascimentos das mulheres entrevistadas, partos, peso ao nascer e mortalidade infantil.",Nascimentos_BR,81,Stata (.dta),572,https://dhsprogram.com/customcf/legacy/data/download_dataset.cfm?Filename=LSBR81DT.zip&Tp=1&Ctry_Code=LS&surv_id=572&dm=1&dmode=nm,Lesoto/Nascimentos_BR/LSBR81DT.zip
LSCR41DT.zip,LS,Lesoto,CR,Casais (Couples Recode),Dados conjuntos de casais casados ou vivendo em união estável.,Casais_CR,41,Stata (.dta),256,https://dhsprogram.com/customcf/legacy/data/download_dataset.cfm?Filename=LSCR41DT.zip&Tp=1&Ctry_Code=LS&surv_id=256&dm=1&dmode=nm,Lesoto/Casais_CR/LSCR41DT.zip
LSCR61DT.zip,LS,Lesoto,CR,Casais (Couples Recode),Dados conjuntos de casais casados ou vivendo em união estável.,Casais_CR,61,Stata (.dta),317,https://dhsprogram.com/customcf/legacy/data/download_dataset.cfm?Filename=LSCR61DT.zip&Tp=1&Ctry_Code=LS&surv_id=317&dm=1&dmode=nm,Lesoto/Casais_CR/LSCR61DT.zip
LSCR71DT.zip,LS,Lesoto,CR,Casais (Couples Recode),Dados conjuntos de casais casados ou vivendo em união estável.,Casais_CR,71,Stata (.dta),462,https://dhsprogram.com/customcf/legacy/data/download_dataset.cfm?Filename=LSCR71DT.zip&Tp=1&Ctry_Code=LS&surv_id=462&dm=1&dmode=nm,Lesoto/Casais_CR/LSCR71DT.zip
LSCR81DT.zip,LS,Lesoto,CR,Casais (Couples Recode),Dados conjuntos de casais casados ou vivendo em união estável.,Casais_CR,81,Stata (.dta),572,https://dhsprogram.com/customcf/legacy/data/download_dataset.cfm?Filename=LSCR81DT.zip&Tp=1&Ctry_Code=LS&surv_id=572&dm=1&dmode=nm,Lesoto/Casais_CR/LSCR81DT.zip
LSHR41DT.zip,LS,Lesoto,HR,Domicílios (Household Recode),"Características do domicílio, saneamento básico, fontes de água, bens e bens duráveis.",Domicilios_HR,41,Stata (.dta),256,https://dhsprogram.com/customcf/legacy/data/download_dataset.cfm?Filename=LSHR41DT.zip&Tp=1&Ctry_Code=LS&surv_id=256&dm=1&dmode=nm,Lesoto/Domicilios_HR/LSHR41DT.zip
LSHR61DT.zip,LS,Lesoto,HR,Domicílios (Household Recode),"Características do domicílio, saneamento básico, fontes de água, bens e bens duráveis.",Domicilios_HR,61,Stata (.dta),317,https://dhsprogram.com/customcf/legacy/data/download_dataset.cfm?Filename=LSHR61DT.zip&Tp=1&Ctry_Code=LS&surv_id=317&dm=1&dmode=nm,Lesoto/Domicilios_HR/LSHR61DT.zip
LSHR71DT.zip,LS,Lesoto,HR,Domicílios (Household Recode),"Características do domicílio, saneamento básico, fontes de água, bens e bens duráveis.",Domicilios_HR,71,Stata (.dta),462,https://dhsprogram.com/customcf/legacy/data/download_dataset.cfm?Filename=LSHR71DT.zip&Tp=1&Ctry_Code=LS&surv_id=462&dm=1&dmode=nm,Lesoto/Domicilios_HR/LSHR71DT.zip
LSHR81DT.zip,LS,Lesoto,HR,Domicílios (Household Recode),"Características do domicílio, saneamento básico, fontes de água, bens e bens duráveis.",Domicilios_HR,81,Stata (.dta),572,https://dhsprogram.com/customcf/legacy/data/download_dataset.cfm?Filename=LSHR81DT.zip&Tp=1&Ctry_Code=LS&surv_id=572&dm=1&dmode=nm,Lesoto/Domicilios_HR/LSHR81DT.zip
LSHW41DT.zip,LS,Lesoto,HW,Antropometria (Height and Weight),"Medições de altura, peso e escores nutricionais de mães e crianças.",Antropometria_HW,41,Stata (.dta),256,https://dhsprogram.com/customcf/legacy/data/download_dataset.cfm?Filename=LSHW41DT.zip&Tp=1&Ctry_Code=LS&surv_id=256&dm=1&dmode=nm,Lesoto/Antropometria_HW/LSHW41DT.zip
LSIR41DT.zip,LS,Lesoto,IR,Mulheres (Individual Recode),"Dados individuais de mulheres (15-49 anos). Inclui saúde reprodutiva, maternidade, pré-natal, etc. [BÔNUS SAÚDE DA MULHER]",Saude_da_Mulher_IR,41,Stata (.dta),256,https://dhsprogram.com/customcf/legacy/data/download_dataset.cfm?Filename=LSIR41DT.zip&Tp=1&Ctry_Code=LS&surv_id=256&dm=1&dmode=nm,Lesoto/Saude_da_Mulher_IR/LSIR41DT.zip
LSIR61DT.zip,LS,Lesoto,IR,Mulheres (Individual Recode),"Dados individuais de mulheres (15-49 anos). Inclui saúde reprodutiva, maternidade, pré-natal, etc. [BÔNUS SAÚDE DA MULHER]",Saude_da_Mulher_IR,61,Stata (.dta),317,https://dhsprogram.com/customcf/legacy/data/download_dataset.cfm?Filename=LSIR61DT.zip&Tp=1&Ctry_Code=LS&surv_id=317&dm=1&dmode=nm,Lesoto/Saude_da_Mulher_IR/LSIR61DT.zip
LSIR71DT.zip,LS,Lesoto,IR,Mulheres (Individual Recode),"Dados individuais de mulheres (15-49 anos). Inclui saúde reprodutiva, maternidade, pré-natal, etc. [BÔNUS SAÚDE DA MULHER]",Saude_da_Mulher_IR,71,Stata (.dta),462,https://dhsprogram.com/customcf/legacy/data/download_dataset.cfm?Filename=LSIR71DT.zip&Tp=1&Ctry_Code=LS&surv_id=462&dm=1&dmode=nm,Lesoto/Saude_da_Mulher_IR/LSIR71DT.zip
LSIR81DT.zip,LS,Lesoto,IR,Mulheres (Individual Recode),"Dados individuais de mulheres (15-49 anos). Inclui saúde reprodutiva, maternidade, pré-natal, etc. [BÔNUS SAÚDE DA MULHER]",Saude_da_Mulher_IR,81,Stata (.dta),572,https://dhsprogram.com/customcf/legacy/data/download_dataset.cfm?Filename=LSIR81DT.zip&Tp=1&Ctry_Code=LS&surv_id=572&dm=1&dmode=nm,Lesoto/Saude_da_Mulher_IR/LSIR81DT.zip
LSKR41DT.zip,LS,Lesoto,KR,Crianças (Children's Recode),"Crianças menores de 5 anos de idade, vacinação, nutrição, amamentação e episódios de doenças.",Criancas_KR,41,Stata (.dta),256,https://dhsprogram.com/customcf/legacy/data/download_dataset.cfm?Filename=LSKR41DT.zip&Tp=1&Ctry_Code=LS&surv_id=256&dm=1&dmode=nm,Lesoto/Criancas_KR/LSKR41DT.zip
LSKR61DT.zip,LS,Lesoto,KR,Crianças (Children's Recode),"Crianças menores de 5 anos de idade, vacinação, nutrição, amamentação e episódios de doenças.",Criancas_KR,61,Stata (.dta),317,https://dhsprogram.com/customcf/legacy/data/download_dataset.cfm?Filename=LSKR61DT.zip&Tp=1&Ctry_Code=LS&surv_id=317&dm=1&dmode=nm,Lesoto/Criancas_KR/LSKR61DT.zip
LSKR71DT.zip,LS,Lesoto,KR,Crianças (Children's Recode),"Crianças menores de 5 anos de idade, vacinação, nutrição, amamentação e episódios de doenças.",Criancas_KR,71,Stata (.dta),462,https://dhsprogram.com/customcf/legacy/data/download_dataset.cfm?Filename=LSKR71DT.zip&Tp=1&Ctry_Code=LS&surv_id=462&dm=1&dmode=nm,Lesoto/Criancas_KR/LSKR71DT.zip
LSKR81DT.zip,LS,Lesoto,KR,Crianças (Children's Recode),"Crianças menores de 5 anos de idade, vacinação, nutrição, amamentação e episódios de doenças.",Criancas_KR,81,Stata (.dta),572,https://dhsprogram.com/customcf/legacy/data/download_dataset.cfm?Filename=LSKR81DT.zip&Tp=1&Ctry_Code=LS&surv_id=572&dm=1&dmode=nm,Lesoto/Criancas_KR/LSKR81DT.zip
LSMR41DT.zip,LS,Lesoto,MR,Homens (Men's Recode),"Dados individuais de homens (15-49/59 anos), trabalho, saúde e conhecimentos reprodutivos.",Homens_MR,41,Stata (.dta),256,https://dhsprogram.com/customcf/legacy/data/download_dataset.cfm?Filename=LSMR41DT.zip&Tp=1&Ctry_Code=LS&surv_id=256&dm=1&dmode=nm,Lesoto/Homens_MR/LSMR41DT.zip
LSMR61DT.zip,LS,Lesoto,MR,Homens (Men's Recode),"Dados individuais de homens (15-49/59 anos), trabalho, saúde e conhecimentos reprodutivos.",Homens_MR,61,Stata (.dta),317,https://dhsprogram.com/customcf/legacy/data/download_dataset.cfm?Filename=LSMR61DT.zip&Tp=1&Ctry_Code=LS&surv_id=317&dm=1&dmode=nm,Lesoto/Homens_MR/LSMR61DT.zip
LSMR71DT.zip,LS,Lesoto,MR,Homens (Men's Recode),"Dados individuais de homens (15-49/59 anos), trabalho, saúde e conhecimentos reprodutivos.",Homens_MR,71,Stata (.dta),462,https://dhsprogram.com/customcf/legacy/data/download_dataset.cfm?Filename=LSMR71DT.zip&Tp=1&Ctry_Code=LS&surv_id=462&dm=1&dmode=nm,Lesoto/Homens_MR/LSMR71DT.zip
LSMR81DT.zip,LS,Lesoto,MR,Homens (Men's Recode),"Dados individuais de homens (15-49/59 anos), trabalho, saúde e conhecimentos reprodutivos.",Homens_MR,81,Stata (.dta),572,https://dhsprogram.com/customcf/legacy/data/download_dataset.cfm?Filename=LSMR81DT.zip&Tp=1&Ctry_Code=LS&surv_id=572&dm=1&dmode=nm,Lesoto/Homens_MR/LSMR81DT.zip
LSPR41DT.zip,LS,Lesoto,PR,Moradores (Household Member Recode),"Informações demográficas de todos os moradores do domicílio (idade, sexo, educação).",Moradores_PR,41,Stata (.dta),256,https://dhsprogram.com/customcf/legacy/data/download_dataset.cfm?Filename=LSPR41DT.zip&Tp=1&Ctry_Code=LS&surv_id=256&dm=1&dmode=nm,Lesoto/Moradores_PR/LSPR41DT.zip
LSPR61DT.zip,LS,Lesoto,PR,Moradores (Household Member Recode),"Informações demográficas de todos os moradores do domicílio (idade, sexo, educação).",Moradores_PR,61,Stata (.dta),317,https://dhsprogram.com/customcf/legacy/data/download_dataset.cfm?Filename=LSPR61DT.zip&Tp=1&Ctry_Code=LS&surv_id=317&dm=1&dmode=nm,Lesoto/Moradores_PR/LSPR61DT.zip
LSPR71DT.zip,LS,Lesoto,PR,Moradores (Household Member Recode),"Informações demográficas de todos os moradores do domicílio (idade, sexo, educação).",Moradores_PR,71,Stata (.dta),462,https://dhsprogram.com/customcf/legacy/data/download_dataset.cfm?Filename=LSPR71DT.zip&Tp=1&Ctry_Code=LS&surv_id=462&dm=1&dmode=nm,Lesoto/Moradores_PR/LSPR71DT.zip
LSPR81DT.zip,LS,Lesoto,PR,Moradores (Household Member Recode),"Informações demográficas de todos os moradores do domicílio (idade, sexo, educação).",Moradores_PR,81,Stata (.dta),572,https://dhsprogram.com/customcf/legacy/data/download_dataset.cfm?Filename=LSPR81DT.zip&Tp=1&Ctry_Code=LS&surv_id=572&dm=1&dmode=nm,Lesoto/Moradores_PR/LSPR81DT.zip
LBBR01DT.zip,LB,Libéria,BR,Nascimentos (Births Recode),"Histórico de nascimentos das mulheres entrevistadas, partos, peso ao nascer e mortalidade infantil.",Nascimentos_BR,01,Stata (.dta),7,https://dhsprogram.com/customcf/legacy/data/download_dataset.cfm?Filename=LBBR01DT.zip&Tp=1&Ctry_Code=LB&surv_id=7&dm=1&dmode=nm,Libéria/Nascimentos_BR/LBBR01DT.zip
LBBR51DT.zip,LB,Libéria,BR,Nascimentos (Births Recode),"Histórico de nascimentos das mulheres entrevistadas, partos, peso ao nascer e mortalidade infantil.",Nascimentos_BR,51,Stata (.dta),271,https://dhsprogram.com/customcf/legacy/data/download_dataset.cfm?Filename=LBBR51DT.zip&Tp=1&Ctry_Code=LB&surv_id=271&dm=1&dmode=nm,Libéria/Nascimentos_BR/LBBR51DT.zip
LBBR5ADT.zip,LB,Libéria,BR,Nascimentos (Births Recode),"Histórico de nascimentos das mulheres entrevistadas, partos, peso ao nascer e mortalidade infantil.",Nascimentos_BR,5A,Stata (.dta),330,https://dhsprogram.com/customcf/legacy/data/download_dataset.cfm?Filename=LBBR5ADT.zip&Tp=1&Ctry_Code=LB&surv_id=330&dm=1&dmode=nm,Libéria/Nascimentos_BR/LBBR5ADT.zip
LBBR6ADT.zip,LB,Libéria,BR,Nascimentos (Births Recode),"Histórico de nascimentos das mulheres entrevistadas, partos, peso ao nascer e mortalidade infantil.",Nascimentos_BR,6A,Stata (.dta),435,https://dhsprogram.com/customcf/legacy/data/download_dataset.cfm?Filename=LBBR6ADT.zip&Tp=1&Ctry_Code=LB&surv_id=435&dm=1&dmode=nm,Libéria/Nascimentos_BR/LBBR6ADT.zip
LBBR7ADT.zip,LB,Libéria,BR,Nascimentos (Births Recode),"Histórico de nascimentos das mulheres entrevistadas, partos, peso ao nascer e mortalidade infantil.",Nascimentos_BR,7A,Stata (.dta),537,https://dhsprogram.com/customcf/legacy/data/download_dataset.cfm?Filename=LBBR7ADT.zip&Tp=1&Ctry_Code=LB&surv_id=537&dm=1&dmode=nm,Libéria/Nascimentos_BR/LBBR7ADT.zip
LBCR51DT.zip,LB,Libéria,CR,Casais (Couples Recode),Dados conjuntos de casais casados ou vivendo em união estável.,Casais_CR,51,Stata (.dta),271,https://dhsprogram.com/customcf/legacy/data/download_dataset.cfm?Filename=LBCR51DT.zip&Tp=1&Ctry_Code=LB&surv_id=271&dm=1&dmode=nm,Libéria/Casais_CR/LBCR51DT.zip
LBCR6ADT.zip,LB,Libéria,CR,Casais (Couples Recode),Dados conjuntos de casais casados ou vivendo em união estável.,Casais_CR,6A,Stata (.dta),435,https://dhsprogram.com/customcf/legacy/data/download_dataset.cfm?Filename=LBCR6ADT.zip&Tp=1&Ctry_Code=LB&surv_id=435&dm=1&dmode=nm,Libéria/Casais_CR/LBCR6ADT.zip
LBCR7ADT.zip,LB,Libéria,CR,Casais (Couples Recode),Dados conjuntos de casais casados ou vivendo em união estável.,Casais_CR,7A,Stata (.dta),537,https://dhsprogram.com/customcf/legacy/data/download_dataset.cfm?Filename=LBCR7ADT.zip&Tp=1&Ctry_Code=LB&surv_id=537&dm=1&dmode=nm,Libéria/Casais_CR/LBCR7ADT.zip
LBHH01DT.zip,LB,Libéria,HH,Inquérito Domiciliar (Household Survey),Questionário domiciliar expandido / experimental.,Inquerito_Domiciliar_HH,01,Stata (.dta),7,https://dhsprogram.com/customcf/legacy/data/download_dataset.cfm?Filename=LBHH01DT.zip&Tp=1&Ctry_Code=LB&surv_id=7&dm=1&dmode=nm,Libéria/Inquerito_Domiciliar_HH/LBHH01DT.zip
LBHR51DT.zip,LB,Libéria,HR,Domicílios (Household Recode),"Características do domicílio, saneamento básico, fontes de água, bens e bens duráveis.",Domicilios_HR,51,Stata (.dta),271,https://dhsprogram.com/customcf/legacy/data/download_dataset.cfm?Filename=LBHR51DT.zip&Tp=1&Ctry_Code=LB&surv_id=271&dm=1&dmode=nm,Libéria/Domicilios_HR/LBHR51DT.zip
LBHR5ADT.zip,LB,Libéria,HR,Domicílios (Household Recode),"Características do domicílio, saneamento básico, fontes de água, bens e bens duráveis.",Domicilios_HR,5A,Stata (.dta),330,https://dhsprogram.com/customcf/legacy/data/download_dataset.cfm?Filename=LBHR5ADT.zip&Tp=1&Ctry_Code=LB&surv_id=330&dm=1&dmode=nm,Libéria/Domicilios_HR/LBHR5ADT.zip
LBHR61DT.zip,LB,Libéria,HR,Domicílios (Household Recode),"Características do domicílio, saneamento básico, fontes de água, bens e bens duráveis.",Domicilios_HR,61,Stata (.dta),361,https://dhsprogram.com/customcf/legacy/data/download_dataset.cfm?Filename=LBHR61DT.zip&Tp=1&Ctry_Code=LB&surv_id=361&dm=1&dmode=nm,Libéria/Domicilios_HR/LBHR61DT.zip
LBHR6ADT.zip,LB,Libéria,HR,Domicílios (Household Recode),"Características do domicílio, saneamento básico, fontes de água, bens e bens duráveis.",Domicilios_HR,6A,Stata (.dta),435,https://dhsprogram.com/customcf/legacy/data/download_dataset.cfm?Filename=LBHR6ADT.zip&Tp=1&Ctry_Code=LB&surv_id=435&dm=1&dmode=nm,Libéria/Domicilios_HR/LBHR6ADT.zip
LBHR71DT.zip,LB,Libéria,HR,Domicílios (Household Recode),"Características do domicílio, saneamento básico, fontes de água, bens e bens duráveis.",Domicilios_HR,71,Stata (.dta),509,https://dhsprogram.com/customcf/legacy/data/download_dataset.cfm?Filename=LBHR71DT.zip&Tp=1&Ctry_Code=LB&surv_id=509&dm=1&dmode=nm,Libéria/Domicilios_HR/LBHR71DT.zip
LBHR7ADT.zip,LB,Libéria,HR,Domicílios (Household Recode),"Características do domicílio, saneamento básico, fontes de água, bens e bens duráveis.",Domicilios_HR,7A,Stata (.dta),537,https://dhsprogram.com/customcf/legacy/data/download_dataset.cfm?Filename=LBHR7ADT.zip&Tp=1&Ctry_Code=LB&surv_id=537&dm=1&dmode=nm,Libéria/Domicilios_HR/LBHR7ADT.zip
LBHR81DT.zip,LB,Libéria,HR,Domicílios (Household Recode),"Características do domicílio, saneamento básico, fontes de água, bens e bens duráveis.",Domicilios_HR,81,Stata (.dta),573,https://dhsprogram.com/customcf/legacy/data/download_dataset.cfm?Filename=LBHR81DT.zip&Tp=1&Ctry_Code=LB&surv_id=573&dm=1&dmode=nm,Libéria/Domicilios_HR/LBHR81DT.zip
LBIR01DT.zip,LB,Libéria,IR,Mulheres (Individual Recode),"Dados individuais de mulheres (15-49 anos). Inclui saúde reprodutiva, maternidade, pré-natal, etc. [BÔNUS SAÚDE DA MULHER]",Saude_da_Mulher_IR,01,Stata (.dta),7,https://dhsprogram.com/customcf/legacy/data/download_dataset.cfm?Filename=LBIR01DT.zip&Tp=1&Ctry_Code=LB&surv_id=7&dm=1&dmode=nm,Libéria/Saude_da_Mulher_IR/LBIR01DT.zip
LBIR51DT.zip,LB,Libéria,IR,Mulheres (Individual Recode),"Dados individuais de mulheres (15-49 anos). Inclui saúde reprodutiva, maternidade, pré-natal, etc. [BÔNUS SAÚDE DA MULHER]",Saude_da_Mulher_IR,51,Stata (.dta),271,https://dhsprogram.com/customcf/legacy/data/download_dataset.cfm?Filename=LBIR51DT.zip&Tp=1&Ctry_Code=LB&surv_id=271&dm=1&dmode=nm,Libéria/Saude_da_Mulher_IR/LBIR51DT.zip
LBIR5ADT.zip,LB,Libéria,IR,Mulheres (Individual Recode),"Dados individuais de mulheres (15-49 anos). Inclui saúde reprodutiva, maternidade, pré-natal, etc. [BÔNUS SAÚDE DA MULHER]",Saude_da_Mulher_IR,5A,Stata (.dta),330,https://dhsprogram.com/customcf/legacy/data/download_dataset.cfm?Filename=LBIR5ADT.zip&Tp=1&Ctry_Code=LB&surv_id=330&dm=1&dmode=nm,Libéria/Saude_da_Mulher_IR/LBIR5ADT.zip
LBIR61DT.zip,LB,Libéria,IR,Mulheres (Individual Recode),"Dados individuais de mulheres (15-49 anos). Inclui saúde reprodutiva, maternidade, pré-natal, etc. [BÔNUS SAÚDE DA MULHER]",Saude_da_Mulher_IR,61,Stata (.dta),361,https://dhsprogram.com/customcf/legacy/data/download_dataset.cfm?Filename=LBIR61DT.zip&Tp=1&Ctry_Code=LB&surv_id=361&dm=1&dmode=nm,Libéria/Saude_da_Mulher_IR/LBIR61DT.zip
LBIR6ADT.zip,LB,Libéria,IR,Mulheres (Individual Recode),"Dados individuais de mulheres (15-49 anos). Inclui saúde reprodutiva, maternidade, pré-natal, etc. [BÔNUS SAÚDE DA MULHER]",Saude_da_Mulher_IR,6A,Stata (.dta),435,https://dhsprogram.com/customcf/legacy/data/download_dataset.cfm?Filename=LBIR6ADT.zip&Tp=1&Ctry_Code=LB&surv_id=435&dm=1&dmode=nm,Libéria/Saude_da_Mulher_IR/LBIR6ADT.zip
LBIR71DT.zip,LB,Libéria,IR,Mulheres (Individual Recode),"Dados individuais de mulheres (15-49 anos). Inclui saúde reprodutiva, maternidade, pré-natal, etc. [BÔNUS SAÚDE DA MULHER]",Saude_da_Mulher_IR,71,Stata (.dta),509,https://dhsprogram.com/customcf/legacy/data/download_dataset.cfm?Filename=LBIR71DT.zip&Tp=1&Ctry_Code=LB&surv_id=509&dm=1&dmode=nm,Libéria/Saude_da_Mulher_IR/LBIR71DT.zip
LBIR7ADT.zip,LB,Libéria,IR,Mulheres (Individual Recode),"Dados individuais de mulheres (15-49 anos). Inclui saúde reprodutiva, maternidade, pré-natal, etc. [BÔNUS SAÚDE DA MULHER]",Saude_da_Mulher_IR,7A,Stata (.dta),537,https://dhsprogram.com/customcf/legacy/data/download_dataset.cfm?Filename=LBIR7ADT.zip&Tp=1&Ctry_Code=LB&surv_id=537&dm=1&dmode=nm,Libéria/Saude_da_Mulher_IR/LBIR7ADT.zip
LBIR81DT.zip,LB,Libéria,IR,Mulheres (Individual Recode),"Dados individuais de mulheres (15-49 anos). Inclui saúde reprodutiva, maternidade, pré-natal, etc. [BÔNUS SAÚDE DA MULHER]",Saude_da_Mulher_IR,81,Stata (.dta),573,https://dhsprogram.com/customcf/legacy/data/download_dataset.cfm?Filename=LBIR81DT.zip&Tp=1&Ctry_Code=LB&surv_id=573&dm=1&dmode=nm,Libéria/Saude_da_Mulher_IR/LBIR81DT.zip
LBKR01DT.zip,LB,Libéria,KR,Crianças (Children's Recode),"Crianças menores de 5 anos de idade, vacinação, nutrição, amamentação e episódios de doenças.",Criancas_KR,01,Stata (.dta),7,https://dhsprogram.com/customcf/legacy/data/download_dataset.cfm?Filename=LBKR01DT.zip&Tp=1&Ctry_Code=LB&surv_id=7&dm=1&dmode=nm,Libéria/Criancas_KR/LBKR01DT.zip
LBKR51DT.zip,LB,Libéria,KR,Crianças (Children's Recode),"Crianças menores de 5 anos de idade, vacinação, nutrição, amamentação e episódios de doenças.",Criancas_KR,51,Stata (.dta),271,https://dhsprogram.com/customcf/legacy/data/download_dataset.cfm?Filename=LBKR51DT.zip&Tp=1&Ctry_Code=LB&surv_id=271&dm=1&dmode=nm,Libéria/Criancas_KR/LBKR51DT.zip
LBKR5ADT.zip,LB,Libéria,KR,Crianças (Children's Recode),"Crianças menores de 5 anos de idade, vacinação, nutrição, amamentação e episódios de doenças.",Criancas_KR,5A,Stata (.dta),330,https://dhsprogram.com/customcf/legacy/data/download_dataset.cfm?Filename=LBKR5ADT.zip&Tp=1&Ctry_Code=LB&surv_id=330&dm=1&dmode=nm,Libéria/Criancas_KR/LBKR5ADT.zip
LBKR61DT.zip,LB,Libéria,KR,Crianças (Children's Recode),"Crianças menores de 5 anos de idade, vacinação, nutrição, amamentação e episódios de doenças.",Criancas_KR,61,Stata (.dta),361,https://dhsprogram.com/customcf/legacy/data/download_dataset.cfm?Filename=LBKR61DT.zip&Tp=1&Ctry_Code=LB&surv_id=361&dm=1&dmode=nm,Libéria/Criancas_KR/LBKR61DT.zip
LBKR6ADT.zip,LB,Libéria,KR,Crianças (Children's Recode),"Crianças menores de 5 anos de idade, vacinação, nutrição, amamentação e episódios de doenças.",Criancas_KR,6A,Stata (.dta),435,https://dhsprogram.com/customcf/legacy/data/download_dataset.cfm?Filename=LBKR6ADT.zip&Tp=1&Ctry_Code=LB&surv_id=435&dm=1&dmode=nm,Libéria/Criancas_KR/LBKR6ADT.zip
LBKR71DT.zip,LB,Libéria,KR,Crianças (Children's Recode),"Crianças menores de 5 anos de idade, vacinação, nutrição, amamentação e episódios de doenças.",Criancas_KR,71,Stata (.dta),509,https://dhsprogram.com/customcf/legacy/data/download_dataset.cfm?Filename=LBKR71DT.zip&Tp=1&Ctry_Code=LB&surv_id=509&dm=1&dmode=nm,Libéria/Criancas_KR/LBKR71DT.zip
LBKR7ADT.zip,LB,Libéria,KR,Crianças (Children's Recode),"Crianças menores de 5 anos de idade, vacinação, nutrição, amamentação e episódios de doenças.",Criancas_KR,7A,Stata (.dta),537,https://dhsprogram.com/customcf/legacy/data/download_dataset.cfm?Filename=LBKR7ADT.zip&Tp=1&Ctry_Code=LB&surv_id=537&dm=1&dmode=nm,Libéria/Criancas_KR/LBKR7ADT.zip
LBKR81DT.zip,LB,Libéria,KR,Crianças (Children's Recode),"Crianças menores de 5 anos de idade, vacinação, nutrição, amamentação e episódios de doenças.",Criancas_KR,81,Stata (.dta),573,https://dhsprogram.com/customcf/legacy/data/download_dataset.cfm?Filename=LBKR81DT.zip&Tp=1&Ctry_Code=LB&surv_id=573&dm=1&dmode=nm,Libéria/Criancas_KR/LBKR81DT.zip
LBMR51DT.zip,LB,Libéria,MR,Homens (Men's Recode),"Dados individuais de homens (15-49/59 anos), trabalho, saúde e conhecimentos reprodutivos.",Homens_MR,51,Stata (.dta),271,https://dhsprogram.com/customcf/legacy/data/download_dataset.cfm?Filename=LBMR51DT.zip&Tp=1&Ctry_Code=LB&surv_id=271&dm=1&dmode=nm,Libéria/Homens_MR/LBMR51DT.zip
LBMR6ADT.zip,LB,Libéria,MR,Homens (Men's Recode),"Dados individuais de homens (15-49/59 anos), trabalho, saúde e conhecimentos reprodutivos.",Homens_MR,6A,Stata (.dta),435,https://dhsprogram.com/customcf/legacy/data/download_dataset.cfm?Filename=LBMR6ADT.zip&Tp=1&Ctry_Code=LB&surv_id=435&dm=1&dmode=nm,Libéria/Homens_MR/LBMR6ADT.zip
LBMR7ADT.zip,LB,Libéria,MR,Homens (Men's Recode),"Dados individuais de homens (15-49/59 anos), trabalho, saúde e conhecimentos reprodutivos.",Homens_MR,7A,Stata (.dta),537,https://dhsprogram.com/customcf/legacy/data/download_dataset.cfm?Filename=LBMR7ADT.zip&Tp=1&Ctry_Code=LB&surv_id=537&dm=1&dmode=nm,Libéria/Homens_MR/LBMR7ADT.zip
LBPR51DT.zip,LB,Libéria,PR,Moradores (Household Member Recode),"Informações demográficas de todos os moradores do domicílio (idade, sexo, educação).",Moradores_PR,51,Stata (.dta),271,https://dhsprogram.com/customcf/legacy/data/download_dataset.cfm?Filename=LBPR51DT.zip&Tp=1&Ctry_Code=LB&surv_id=271&dm=1&dmode=nm,Libéria/Moradores_PR/LBPR51DT.zip
LBPR5ADT.zip,LB,Libéria,PR,Moradores (Household Member Recode),"Informações demográficas de todos os moradores do domicílio (idade, sexo, educação).",Moradores_PR,5A,Stata (.dta),330,https://dhsprogram.com/customcf/legacy/data/download_dataset.cfm?Filename=LBPR5ADT.zip&Tp=1&Ctry_Code=LB&surv_id=330&dm=1&dmode=nm,Libéria/Moradores_PR/LBPR5ADT.zip
LBPR61DT.zip,LB,Libéria,PR,Moradores (Household Member Recode),"Informações demográficas de todos os moradores do domicílio (idade, sexo, educação).",Moradores_PR,61,Stata (.dta),361,https://dhsprogram.com/customcf/legacy/data/download_dataset.cfm?Filename=LBPR61DT.zip&Tp=1&Ctry_Code=LB&surv_id=361&dm=1&dmode=nm,Libéria/Moradores_PR/LBPR61DT.zip
LBPR6ADT.zip,LB,Libéria,PR,Moradores (Household Member Recode),"Informações demográficas de todos os moradores do domicílio (idade, sexo, educação).",Moradores_PR,6A,Stata (.dta),435,https://dhsprogram.com/customcf/legacy/data/download_dataset.cfm?Filename=LBPR6ADT.zip&Tp=1&Ctry_Code=LB&surv_id=435&dm=1&dmode=nm,Libéria/Moradores_PR/LBPR6ADT.zip
LBPR71DT.zip,LB,Libéria,PR,Moradores (Household Member Recode),"Informações demográficas de todos os moradores do domicílio (idade, sexo, educação).",Moradores_PR,71,Stata (.dta),509,https://dhsprogram.com/customcf/legacy/data/download_dataset.cfm?Filename=LBPR71DT.zip&Tp=1&Ctry_Code=LB&surv_id=509&dm=1&dmode=nm,Libéria/Moradores_PR/LBPR71DT.zip
LBPR7ADT.zip,LB,Libéria,PR,Moradores (Household Member Recode),"Informações demográficas de todos os moradores do domicílio (idade, sexo, educação).",Moradores_PR,7A,Stata (.dta),537,https://dhsprogram.com/customcf/legacy/data/download_dataset.cfm?Filename=LBPR7ADT.zip&Tp=1&Ctry_Code=LB&surv_id=537&dm=1&dmode=nm,Libéria/Moradores_PR/LBPR7ADT.zip
LBPR81DT.zip,LB,Libéria,PR,Moradores (Household Member Recode),"Informações demográficas de todos os moradores do domicílio (idade, sexo, educação).",Moradores_PR,81,Stata (.dta),573,https://dhsprogram.com/customcf/legacy/data/download_dataset.cfm?Filename=LBPR81DT.zip&Tp=1&Ctry_Code=LB&surv_id=573&dm=1&dmode=nm,Libéria/Moradores_PR/LBPR81DT.zip
MDBR21DT.zip,MD,Madagascar,BR,Nascimentos (Births Recode),"Histórico de nascimentos das mulheres entrevistadas, partos, peso ao nascer e mortalidade infantil.",Nascimentos_BR,21,Stata (.dta),49,https://dhsprogram.com/customcf/legacy/data/download_dataset.cfm?Filename=MDBR21DT.zip&Tp=1&Ctry_Code=MD&surv_id=49&dm=1&dmode=nm,Madagascar/Nascimentos_BR/MDBR21DT.zip
MDBR31DT.zip,MD,Madagascar,BR,Nascimentos (Births Recode),"Histórico de nascimentos das mulheres entrevistadas, partos, peso ao nascer e mortalidade infantil.",Nascimentos_BR,31,Stata (.dta),110,https://dhsprogram.com/customcf/legacy/data/download_dataset.cfm?Filename=MDBR31DT.zip&Tp=1&Ctry_Code=MD&surv_id=110&dm=1&dmode=nm,Madagascar/Nascimentos_BR/MDBR31DT.zip
MDBR42DT.zip,MD,Madagascar,BR,Nascimentos (Births Recode),"Histórico de nascimentos das mulheres entrevistadas, partos, peso ao nascer e mortalidade infantil.",Nascimentos_BR,42,Stata (.dta),207,https://dhsprogram.com/customcf/legacy/data/download_dataset.cfm?Filename=MDBR42DT.zip&Tp=1&Ctry_Code=MD&surv_id=207&dm=1&dmode=nm,Madagascar/Nascimentos_BR/MDBR42DT.zip
MDBR51DT.zip,MD,Madagascar,BR,Nascimentos (Births Recode),"Histórico de nascimentos das mulheres entrevistadas, partos, peso ao nascer e mortalidade infantil.",Nascimentos_BR,51,Stata (.dta),296,https://dhsprogram.com/customcf/legacy/data/download_dataset.cfm?Filename=MDBR51DT.zip&Tp=1&Ctry_Code=MD&surv_id=296&dm=1&dmode=nm,Madagascar/Nascimentos_BR/MDBR51DT.zip
MDBR81DT.zip,MD,Madagascar,BR,Nascimentos (Births Recode),"Histórico de nascimentos das mulheres entrevistadas, partos, peso ao nascer e mortalidade infantil.",Nascimentos_BR,81,Stata (.dta),560,https://dhsprogram.com/customcf/legacy/data/download_dataset.cfm?Filename=MDBR81DT.zip&Tp=1&Ctry_Code=MD&surv_id=560&dm=1&dmode=nm,Madagascar/Nascimentos_BR/MDBR81DT.zip
MDCR42DT.zip,MD,Madagascar,CR,Casais (Couples Recode),Dados conjuntos de casais casados ou vivendo em união estável.,Casais_CR,42,Stata (.dta),207,https://dhsprogram.com/customcf/legacy/data/download_dataset.cfm?Filename=MDCR42DT.zip&Tp=1&Ctry_Code=MD&surv_id=207&dm=1&dmode=nm,Madagascar/Casais_CR/MDCR42DT.zip
MDCR51DT.zip,MD,Madagascar,CR,Casais (Couples Recode),Dados conjuntos de casais casados ou vivendo em união estável.,Casais_CR,51,Stata (.dta),296,https://dhsprogram.com/customcf/legacy/data/download_dataset.cfm?Filename=MDCR51DT.zip&Tp=1&Ctry_Code=MD&surv_id=296&dm=1&dmode=nm,Madagascar/Casais_CR/MDCR51DT.zip
MDCR81DT.zip,MD,Madagascar,CR,Casais (Couples Recode),Dados conjuntos de casais casados ou vivendo em união estável.,Casais_CR,81,Stata (.dta),560,https://dhsprogram.com/customcf/legacy/data/download_dataset.cfm?Filename=MDCR81DT.zip&Tp=1&Ctry_Code=MD&surv_id=560&dm=1&dmode=nm,Madagascar/Casais_CR/MDCR81DT.zip
MDHR21DT.zip,MD,Madagascar,HR,Domicílios (Household Recode),"Características do domicílio, saneamento básico, fontes de água, bens e bens duráveis.",Domicilios_HR,21,Stata (.dta),49,https://dhsprogram.com/customcf/legacy/data/download_dataset.cfm?Filename=MDHR21DT.zip&Tp=1&Ctry_Code=MD&surv_id=49&dm=1&dmode=nm,Madagascar/Domicilios_HR/MDHR21DT.zip
MDHR31DT.zip,MD,Madagascar,HR,Domicílios (Household Recode),"Características do domicílio, saneamento básico, fontes de água, bens e bens duráveis.",Domicilios_HR,31,Stata (.dta),110,https://dhsprogram.com/customcf/legacy/data/download_dataset.cfm?Filename=MDHR31DT.zip&Tp=1&Ctry_Code=MD&surv_id=110&dm=1&dmode=nm,Madagascar/Domicilios_HR/MDHR31DT.zip
MDHR42DT.zip,MD,Madagascar,HR,Domicílios (Household Recode),"Características do domicílio, saneamento básico, fontes de água, bens e bens duráveis.",Domicilios_HR,42,Stata (.dta),207,https://dhsprogram.com/customcf/legacy/data/download_dataset.cfm?Filename=MDHR42DT.zip&Tp=1&Ctry_Code=MD&surv_id=207&dm=1&dmode=nm,Madagascar/Domicilios_HR/MDHR42DT.zip
MDHR51DT.zip,MD,Madagascar,HR,Domicílios (Household Recode),"Características do domicílio, saneamento básico, fontes de água, bens e bens duráveis.",Domicilios_HR,51,Stata (.dta),296,https://dhsprogram.com/customcf/legacy/data/download_dataset.cfm?Filename=MDHR51DT.zip&Tp=1&Ctry_Code=MD&surv_id=296&dm=1&dmode=nm,Madagascar/Domicilios_HR/MDHR51DT.zip
MDHR61DT.zip,MD,Madagascar,HR,Domicílios (Household Recode),"Características do domicílio, saneamento básico, fontes de água, bens e bens duráveis.",Domicilios_HR,61,Stata (.dta),396,https://dhsprogram.com/customcf/legacy/data/download_dataset.cfm?Filename=MDHR61DT.zip&Tp=1&Ctry_Code=MD&surv_id=396&dm=1&dmode=nm,Madagascar/Domicilios_HR/MDHR61DT.zip
MDHR6ADT.zip,MD,Madagascar,HR,Domicílios (Household Recode),"Características do domicílio, saneamento básico, fontes de água, bens e bens duráveis.",Domicilios_HR,6A,Stata (.dta),456,https://dhsprogram.com/customcf/legacy/data/download_dataset.cfm?Filename=MDHR6ADT.zip&Tp=1&Ctry_Code=MD&surv_id=456&dm=1&dmode=nm,Madagascar/Domicilios_HR/MDHR6ADT.zip
MDHR71DT.zip,MD,Madagascar,HR,Domicílios (Household Recode),"Características do domicílio, saneamento básico, fontes de água, bens e bens duráveis.",Domicilios_HR,71,Stata (.dta),505,https://dhsprogram.com/customcf/legacy/data/download_dataset.cfm?Filename=MDHR71DT.zip&Tp=1&Ctry_Code=MD&surv_id=505&dm=1&dmode=nm,Madagascar/Domicilios_HR/MDHR71DT.zip
MDHR81DT.zip,MD,Madagascar,HR,Domicílios (Household Recode),"Características do domicílio, saneamento básico, fontes de água, bens e bens duráveis.",Domicilios_HR,81,Stata (.dta),560,https://dhsprogram.com/customcf/legacy/data/download_dataset.cfm?Filename=MDHR81DT.zip&Tp=1&Ctry_Code=MD&surv_id=560&dm=1&dmode=nm,Madagascar/Domicilios_HR/MDHR81DT.zip
MDHW21DT.zip,MD,Madagascar,HW,Antropometria (Height and Weight),"Medições de altura, peso e escores nutricionais de mães e crianças.",Antropometria_HW,21,Stata (.dta),49,https://dhsprogram.com/customcf/legacy/data/download_dataset.cfm?Filename=MDHW21DT.zip&Tp=1&Ctry_Code=MD&surv_id=49&dm=1&dmode=nm,Madagascar/Antropometria_HW/MDHW21DT.zip
MDHW31DT.zip,MD,Madagascar,HW,Antropometria (Height and Weight),"Medições de altura, peso e escores nutricionais de mães e crianças.",Antropometria_HW,31,Stata (.dta),110,https://dhsprogram.com/customcf/legacy/data/download_dataset.cfm?Filename=MDHW31DT.zip&Tp=1&Ctry_Code=MD&surv_id=110&dm=1&dmode=nm,Madagascar/Antropometria_HW/MDHW31DT.zip
MDHW41DT.zip,MD,Madagascar,HW,Antropometria (Height and Weight),"Medições de altura, peso e escores nutricionais de mães e crianças.",Antropometria_HW,41,Stata (.dta),207,https://dhsprogram.com/customcf/legacy/data/download_dataset.cfm?Filename=MDHW41DT.zip&Tp=1&Ctry_Code=MD&surv_id=207&dm=1&dmode=nm,Madagascar/Antropometria_HW/MDHW41DT.zip
MDIR21DT.zip,MD,Madagascar,IR,Mulheres (Individual Recode),"Dados individuais de mulheres (15-49 anos). Inclui saúde reprodutiva, maternidade, pré-natal, etc. [BÔNUS SAÚDE DA MULHER]",Saude_da_Mulher_IR,21,Stata (.dta),49,https://dhsprogram.com/customcf/legacy/data/download_dataset.cfm?Filename=MDIR21DT.zip&Tp=1&Ctry_Code=MD&surv_id=49&dm=1&dmode=nm,Madagascar/Saude_da_Mulher_IR/MDIR21DT.zip
MDIR31DT.zip,MD,Madagascar,IR,Mulheres (Individual Recode),"Dados individuais de mulheres (15-49 anos). Inclui saúde reprodutiva, maternidade, pré-natal, etc. [BÔNUS SAÚDE DA MULHER]",Saude_da_Mulher_IR,31,Stata (.dta),110,https://dhsprogram.com/customcf/legacy/data/download_dataset.cfm?Filename=MDIR31DT.zip&Tp=1&Ctry_Code=MD&surv_id=110&dm=1&dmode=nm,Madagascar/Saude_da_Mulher_IR/MDIR31DT.zip
MDIR42DT.zip,MD,Madagascar,IR,Mulheres (Individual Recode),"Dados individuais de mulheres (15-49 anos). Inclui saúde reprodutiva, maternidade, pré-natal, etc. [BÔNUS SAÚDE DA MULHER]",Saude_da_Mulher_IR,42,Stata (.dta),207,https://dhsprogram.com/customcf/legacy/data/download_dataset.cfm?Filename=MDIR42DT.zip&Tp=1&Ctry_Code=MD&surv_id=207&dm=1&dmode=nm,Madagascar/Saude_da_Mulher_IR/MDIR42DT.zip
MDIR51DT.zip,MD,Madagascar,IR,Mulheres (Individual Recode),"Dados individuais de mulheres (15-49 anos). Inclui saúde reprodutiva, maternidade, pré-natal, etc. [BÔNUS SAÚDE DA MULHER]",Saude_da_Mulher_IR,51,Stata (.dta),296,https://dhsprogram.com/customcf/legacy/data/download_dataset.cfm?Filename=MDIR51DT.zip&Tp=1&Ctry_Code=MD&surv_id=296&dm=1&dmode=nm,Madagascar/Saude_da_Mulher_IR/MDIR51DT.zip
MDIR61DT.zip,MD,Madagascar,IR,Mulheres (Individual Recode),"Dados individuais de mulheres (15-49 anos). Inclui saúde reprodutiva, maternidade, pré-natal, etc. [BÔNUS SAÚDE DA MULHER]",Saude_da_Mulher_IR,61,Stata (.dta),396,https://dhsprogram.com/customcf/legacy/data/download_dataset.cfm?Filename=MDIR61DT.zip&Tp=1&Ctry_Code=MD&surv_id=396&dm=1&dmode=nm,Madagascar/Saude_da_Mulher_IR/MDIR61DT.zip
MDIR6ADT.zip,MD,Madagascar,IR,Mulheres (Individual Recode),"Dados individuais de mulheres (15-49 anos). Inclui saúde reprodutiva, maternidade, pré-natal, etc. [BÔNUS SAÚDE DA MULHER]",Saude_da_Mulher_IR,6A,Stata (.dta),456,https://dhsprogram.com/customcf/legacy/data/download_dataset.cfm?Filename=MDIR6ADT.zip&Tp=1&Ctry_Code=MD&surv_id=456&dm=1&dmode=nm,Madagascar/Saude_da_Mulher_IR/MDIR6ADT.zip
MDIR71DT.zip,MD,Madagascar,IR,Mulheres (Individual Recode),"Dados individuais de mulheres (15-49 anos). Inclui saúde reprodutiva, maternidade, pré-natal, etc. [BÔNUS SAÚDE DA MULHER]",Saude_da_Mulher_IR,71,Stata (.dta),505,https://dhsprogram.com/customcf/legacy/data/download_dataset.cfm?Filename=MDIR71DT.zip&Tp=1&Ctry_Code=MD&surv_id=505&dm=1&dmode=nm,Madagascar/Saude_da_Mulher_IR/MDIR71DT.zip
MDIR81DT.zip,MD,Madagascar,IR,Mulheres (Individual Recode),"Dados individuais de mulheres (15-49 anos). Inclui saúde reprodutiva, maternidade, pré-natal, etc. [BÔNUS SAÚDE DA MULHER]",Saude_da_Mulher_IR,81,Stata (.dta),560,https://dhsprogram.com/customcf/legacy/data/download_dataset.cfm?Filename=MDIR81DT.zip&Tp=1&Ctry_Code=MD&surv_id=560&dm=1&dmode=nm,Madagascar/Saude_da_Mulher_IR/MDIR81DT.zip
MDKR21DT.zip,MD,Madagascar,KR,Crianças (Children's Recode),"Crianças menores de 5 anos de idade, vacinação, nutrição, amamentação e episódios de doenças.",Criancas_KR,21,Stata (.dta),49,https://dhsprogram.com/customcf/legacy/data/download_dataset.cfm?Filename=MDKR21DT.zip&Tp=1&Ctry_Code=MD&surv_id=49&dm=1&dmode=nm,Madagascar/Criancas_KR/MDKR21DT.zip
MDKR31DT.zip,MD,Madagascar,KR,Crianças (Children's Recode),"Crianças menores de 5 anos de idade, vacinação, nutrição, amamentação e episódios de doenças.",Criancas_KR,31,Stata (.dta),110,https://dhsprogram.com/customcf/legacy/data/download_dataset.cfm?Filename=MDKR31DT.zip&Tp=1&Ctry_Code=MD&surv_id=110&dm=1&dmode=nm,Madagascar/Criancas_KR/MDKR31DT.zip
MDKR42DT.zip,MD,Madagascar,KR,Crianças (Children's Recode),"Crianças menores de 5 anos de idade, vacinação, nutrição, amamentação e episódios de doenças.",Criancas_KR,42,Stata (.dta),207,https://dhsprogram.com/customcf/legacy/data/download_dataset.cfm?Filename=MDKR42DT.zip&Tp=1&Ctry_Code=MD&surv_id=207&dm=1&dmode=nm,Madagascar/Criancas_KR/MDKR42DT.zip
MDKR51DT.zip,MD,Madagascar,KR,Crianças (Children's Recode),"Crianças menores de 5 anos de idade, vacinação, nutrição, amamentação e episódios de doenças.",Criancas_KR,51,Stata (.dta),296,https://dhsprogram.com/customcf/legacy/data/download_dataset.cfm?Filename=MDKR51DT.zip&Tp=1&Ctry_Code=MD&surv_id=296&dm=1&dmode=nm,Madagascar/Criancas_KR/MDKR51DT.zip
MDKR61DT.zip,MD,Madagascar,KR,Crianças (Children's Recode),"Crianças menores de 5 anos de idade, vacinação, nutrição, amamentação e episódios de doenças.",Criancas_KR,61,Stata (.dta),396,https://dhsprogram.com/customcf/legacy/data/download_dataset.cfm?Filename=MDKR61DT.zip&Tp=1&Ctry_Code=MD&surv_id=396&dm=1&dmode=nm,Madagascar/Criancas_KR/MDKR61DT.zip
MDKR6ADT.zip,MD,Madagascar,KR,Crianças (Children's Recode),"Crianças menores de 5 anos de idade, vacinação, nutrição, amamentação e episódios de doenças.",Criancas_KR,6A,Stata (.dta),456,https://dhsprogram.com/customcf/legacy/data/download_dataset.cfm?Filename=MDKR6ADT.zip&Tp=1&Ctry_Code=MD&surv_id=456&dm=1&dmode=nm,Madagascar/Criancas_KR/MDKR6ADT.zip
MDKR71DT.zip,MD,Madagascar,KR,Crianças (Children's Recode),"Crianças menores de 5 anos de idade, vacinação, nutrição, amamentação e episódios de doenças.",Criancas_KR,71,Stata (.dta),505,https://dhsprogram.com/customcf/legacy/data/download_dataset.cfm?Filename=MDKR71DT.zip&Tp=1&Ctry_Code=MD&surv_id=505&dm=1&dmode=nm,Madagascar/Criancas_KR/MDKR71DT.zip
MDKR81DT.zip,MD,Madagascar,KR,Crianças (Children's Recode),"Crianças menores de 5 anos de idade, vacinação, nutrição, amamentação e episódios de doenças.",Criancas_KR,81,Stata (.dta),560,https://dhsprogram.com/customcf/legacy/data/download_dataset.cfm?Filename=MDKR81DT.zip&Tp=1&Ctry_Code=MD&surv_id=560&dm=1&dmode=nm,Madagascar/Criancas_KR/MDKR81DT.zip
MDMR42DT.zip,MD,Madagascar,MR,Homens (Men's Recode),"Dados individuais de homens (15-49/59 anos), trabalho, saúde e conhecimentos reprodutivos.",Homens_MR,42,Stata (.dta),207,https://dhsprogram.com/customcf/legacy/data/download_dataset.cfm?Filename=MDMR42DT.zip&Tp=1&Ctry_Code=MD&surv_id=207&dm=1&dmode=nm,Madagascar/Homens_MR/MDMR42DT.zip
MDMR51DT.zip,MD,Madagascar,MR,Homens (Men's Recode),"Dados individuais de homens (15-49/59 anos), trabalho, saúde e conhecimentos reprodutivos.",Homens_MR,51,Stata (.dta),296,https://dhsprogram.com/customcf/legacy/data/download_dataset.cfm?Filename=MDMR51DT.zip&Tp=1&Ctry_Code=MD&surv_id=296&dm=1&dmode=nm,Madagascar/Homens_MR/MDMR51DT.zip
MDMR81DT.zip,MD,Madagascar,MR,Homens (Men's Recode),"Dados individuais de homens (15-49/59 anos), trabalho, saúde e conhecimentos reprodutivos.",Homens_MR,81,Stata (.dta),560,https://dhsprogram.com/customcf/legacy/data/download_dataset.cfm?Filename=MDMR81DT.zip&Tp=1&Ctry_Code=MD&surv_id=560&dm=1&dmode=nm,Madagascar/Homens_MR/MDMR81DT.zip
MDPR21DT.zip,MD,Madagascar,PR,Moradores (Household Member Recode),"Informações demográficas de todos os moradores do domicílio (idade, sexo, educação).",Moradores_PR,21,Stata (.dta),49,https://dhsprogram.com/customcf/legacy/data/download_dataset.cfm?Filename=MDPR21DT.zip&Tp=1&Ctry_Code=MD&surv_id=49&dm=1&dmode=nm,Madagascar/Moradores_PR/MDPR21DT.zip
MDPR31DT.zip,MD,Madagascar,PR,Moradores (Household Member Recode),"Informações demográficas de todos os moradores do domicílio (idade, sexo, educação).",Moradores_PR,31,Stata (.dta),110,https://dhsprogram.com/customcf/legacy/data/download_dataset.cfm?Filename=MDPR31DT.zip&Tp=1&Ctry_Code=MD&surv_id=110&dm=1&dmode=nm,Madagascar/Moradores_PR/MDPR31DT.zip
MDPR42DT.zip,MD,Madagascar,PR,Moradores (Household Member Recode),"Informações demográficas de todos os moradores do domicílio (idade, sexo, educação).",Moradores_PR,42,Stata (.dta),207,https://dhsprogram.com/customcf/legacy/data/download_dataset.cfm?Filename=MDPR42DT.zip&Tp=1&Ctry_Code=MD&surv_id=207&dm=1&dmode=nm,Madagascar/Moradores_PR/MDPR42DT.zip
MDPR51DT.zip,MD,Madagascar,PR,Moradores (Household Member Recode),"Informações demográficas de todos os moradores do domicílio (idade, sexo, educação).",Moradores_PR,51,Stata (.dta),296,https://dhsprogram.com/customcf/legacy/data/download_dataset.cfm?Filename=MDPR51DT.zip&Tp=1&Ctry_Code=MD&surv_id=296&dm=1&dmode=nm,Madagascar/Moradores_PR/MDPR51DT.zip
MDPR61DT.zip,MD,Madagascar,PR,Moradores (Household Member Recode),"Informações demográficas de todos os moradores do domicílio (idade, sexo, educação).",Moradores_PR,61,Stata (.dta),396,https://dhsprogram.com/customcf/legacy/data/download_dataset.cfm?Filename=MDPR61DT.zip&Tp=1&Ctry_Code=MD&surv_id=396&dm=1&dmode=nm,Madagascar/Moradores_PR/MDPR61DT.zip
MDPR6ADT.zip,MD,Madagascar,PR,Moradores (Household Member Recode),"Informações demográficas de todos os moradores do domicílio (idade, sexo, educação).",Moradores_PR,6A,Stata (.dta),456,https://dhsprogram.com/customcf/legacy/data/download_dataset.cfm?Filename=MDPR6ADT.zip&Tp=1&Ctry_Code=MD&surv_id=456&dm=1&dmode=nm,Madagascar/Moradores_PR/MDPR6ADT.zip
MDPR71DT.zip,MD,Madagascar,PR,Moradores (Household Member Recode),"Informações demográficas de todos os moradores do domicílio (idade, sexo, educação).",Moradores_PR,71,Stata (.dta),505,https://dhsprogram.com/customcf/legacy/data/download_dataset.cfm?Filename=MDPR71DT.zip&Tp=1&Ctry_Code=MD&surv_id=505&dm=1&dmode=nm,Madagascar/Moradores_PR/MDPR71DT.zip
MDPR81DT.zip,MD,Madagascar,PR,Moradores (Household Member Recode),"Informações demográficas de todos os moradores do domicílio (idade, sexo, educação).",Moradores_PR,81,Stata (.dta),560,https://dhsprogram.com/customcf/legacy/data/download_dataset.cfm?Filename=MDPR81DT.zip&Tp=1&Ctry_Code=MD&surv_id=560&dm=1&dmode=nm,Madagascar/Moradores_PR/MDPR81DT.zip
MDSQ21DT.zip,MD,Madagascar,SQ,Serviços de Saúde (Service Questionnaire),Disponibilidade e infraestrutura dos serviços de saúde comunitários.,Servicos_Saude_SQ,21,Stata (.dta),49,https://dhsprogram.com/customcf/legacy/data/download_dataset.cfm?Filename=MDSQ21DT.zip&Tp=1&Ctry_Code=MD&surv_id=49&dm=1&dmode=nm,Madagascar/Servicos_Saude_SQ/MDSQ21DT.zip
MDWI31DT.zip,MD,Madagascar,WI,Índice de Riqueza (Wealth Index),Pontuação e quintil do índice de riqueza socioeconômica.,Riqueza_WI,31,Stata (.dta),110,https://dhsprogram.com/customcf/legacy/data/download_dataset.cfm?Filename=MDWI31DT.zip&Tp=1&Ctry_Code=MD&surv_id=110&dm=1&dmode=nm,Madagascar/Riqueza_WI/MDWI31DT.zip
MWBR22DT.zip,MW,Malaui,BR,Nascimentos (Births Recode),"Histórico de nascimentos das mulheres entrevistadas, partos, peso ao nascer e mortalidade infantil.",Nascimentos_BR,22,Stata (.dta),52,https://dhsprogram.com/customcf/legacy/data/download_dataset.cfm?Filename=MWBR22DT.zip&Tp=1&Ctry_Code=MW&surv_id=52&dm=1&dmode=nm,Malaui/Nascimentos_BR/MWBR22DT.zip
MWBR41DT.zip,MW,Malaui,BR,Nascimentos (Births Recode),"Histórico de nascimentos das mulheres entrevistadas, partos, peso ao nascer e mortalidade infantil.",Nascimentos_BR,41,Stata (.dta),158,https://dhsprogram.com/customcf/legacy/data/download_dataset.cfm?Filename=MWBR41DT.zip&Tp=1&Ctry_Code=MW&surv_id=158&dm=1&dmode=nm,Malaui/Nascimentos_BR/MWBR41DT.zip
MWBR4EDT.zip,MW,Malaui,BR,Nascimentos (Births Recode),"Histórico de nascimentos das mulheres entrevistadas, partos, peso ao nascer e mortalidade infantil.",Nascimentos_BR,4E,Stata (.dta),251,https://dhsprogram.com/customcf/legacy/data/download_dataset.cfm?Filename=MWBR4EDT.zip&Tp=1&Ctry_Code=MW&surv_id=251&dm=1&dmode=nm,Malaui/Nascimentos_BR/MWBR4EDT.zip
MWBR61DT.zip,MW,Malaui,BR,Nascimentos (Births Recode),"Histórico de nascimentos das mulheres entrevistadas, partos, peso ao nascer e mortalidade infantil.",Nascimentos_BR,61,Stata (.dta),333,https://dhsprogram.com/customcf/legacy/data/download_dataset.cfm?Filename=MWBR61DT.zip&Tp=1&Ctry_Code=MW&surv_id=333&dm=1&dmode=nm,Malaui/Nascimentos_BR/MWBR61DT.zip
MWBR7ADT.zip,MW,Malaui,BR,Nascimentos (Births Recode),"Histórico de nascimentos das mulheres entrevistadas, partos, peso ao nascer e mortalidade infantil.",Nascimentos_BR,7A,Stata (.dta),483,https://dhsprogram.com/customcf/legacy/data/download_dataset.cfm?Filename=MWBR7ADT.zip&Tp=1&Ctry_Code=MW&surv_id=483&dm=1&dmode=nm,Malaui/Nascimentos_BR/MWBR7ADT.zip
MWBR81DT.zip,MW,Malaui,BR,Nascimentos (Births Recode),"Histórico de nascimentos das mulheres entrevistadas, partos, peso ao nascer e mortalidade infantil.",Nascimentos_BR,81,Stata (.dta),592,https://dhsprogram.com/customcf/legacy/data/download_dataset.cfm?Filename=MWBR81DT.zip&Tp=1&Ctry_Code=MW&surv_id=592&dm=1&dmode=nm,Malaui/Nascimentos_BR/MWBR81DT.zip
MWCR21DT.zip,MW,Malaui,CR,Casais (Couples Recode),Dados conjuntos de casais casados ou vivendo em união estável.,Casais_CR,21,Stata (.dta),52,https://dhsprogram.com/customcf/legacy/data/download_dataset.cfm?Filename=MWCR21DT.zip&Tp=1&Ctry_Code=MW&surv_id=52&dm=1&dmode=nm,Malaui/Casais_CR/MWCR21DT.zip
MWCR41DT.zip,MW,Malaui,CR,Casais (Couples Recode),Dados conjuntos de casais casados ou vivendo em união estável.,Casais_CR,41,Stata (.dta),158,https://dhsprogram.com/customcf/legacy/data/download_dataset.cfm?Filename=MWCR41DT.zip&Tp=1&Ctry_Code=MW&surv_id=158&dm=1&dmode=nm,Malaui/Casais_CR/MWCR41DT.zip
MWCR4EDT.zip,MW,Malaui,CR,Casais (Couples Recode),Dados conjuntos de casais casados ou vivendo em união estável.,Casais_CR,4E,Stata (.dta),251,https://dhsprogram.com/customcf/legacy/data/download_dataset.cfm?Filename=MWCR4EDT.zip&Tp=1&Ctry_Code=MW&surv_id=251&dm=1&dmode=nm,Malaui/Casais_CR/MWCR4EDT.zip
MWCR61DT.zip,MW,Malaui,CR,Casais (Couples Recode),Dados conjuntos de casais casados ou vivendo em união estável.,Casais_CR,61,Stata (.dta),333,https://dhsprogram.com/customcf/legacy/data/download_dataset.cfm?Filename=MWCR61DT.zip&Tp=1&Ctry_Code=MW&surv_id=333&dm=1&dmode=nm,Malaui/Casais_CR/MWCR61DT.zip
MWCR7ADT.zip,MW,Malaui,CR,Casais (Couples Recode),Dados conjuntos de casais casados ou vivendo em união estável.,Casais_CR,7A,Stata (.dta),483,https://dhsprogram.com/customcf/legacy/data/download_dataset.cfm?Filename=MWCR7ADT.zip&Tp=1&Ctry_Code=MW&surv_id=483&dm=1&dmode=nm,Malaui/Casais_CR/MWCR7ADT.zip
MWCR81DT.zip,MW,Malaui,CR,Casais (Couples Recode),Dados conjuntos de casais casados ou vivendo em união estável.,Casais_CR,81,Stata (.dta),592,https://dhsprogram.com/customcf/legacy/data/download_dataset.cfm?Filename=MWCR81DT.zip&Tp=1&Ctry_Code=MW&surv_id=592&dm=1&dmode=nm,Malaui/Casais_CR/MWCR81DT.zip
MWHH34DT.zip,MW,Malaui,HH,Inquérito Domiciliar (Household Survey),Questionário domiciliar expandido / experimental.,Inquerito_Domiciliar_HH,34,Stata (.dta),84,https://dhsprogram.com/customcf/legacy/data/download_dataset.cfm?Filename=MWHH34DT.zip&Tp=1&Ctry_Code=MW&surv_id=84&dm=1&dmode=nm,Malaui/Inquerito_Domiciliar_HH/MWHH34DT.zip
MWHR22DT.zip,MW,Malaui,HR,Domicílios (Household Recode),"Características do domicílio, saneamento básico, fontes de água, bens e bens duráveis.",Domicilios_HR,22,Stata (.dta),52,https://dhsprogram.com/customcf/legacy/data/download_dataset.cfm?Filename=MWHR22DT.zip&Tp=1&Ctry_Code=MW&surv_id=52&dm=1&dmode=nm,Malaui/Domicilios_HR/MWHR22DT.zip
MWHR41DT.zip,MW,Malaui,HR,Domicílios (Household Recode),"Características do domicílio, saneamento básico, fontes de água, bens e bens duráveis.",Domicilios_HR,41,Stata (.dta),158,https://dhsprogram.com/customcf/legacy/data/download_dataset.cfm?Filename=MWHR41DT.zip&Tp=1&Ctry_Code=MW&surv_id=158&dm=1&dmode=nm,Malaui/Domicilios_HR/MWHR41DT.zip
MWHR4EDT.zip,MW,Malaui,HR,Domicílios (Household Recode),"Características do domicílio, saneamento básico, fontes de água, bens e bens duráveis.",Domicilios_HR,4E,Stata (.dta),251,https://dhsprogram.com/customcf/legacy/data/download_dataset.cfm?Filename=MWHR4EDT.zip&Tp=1&Ctry_Code=MW&surv_id=251&dm=1&dmode=nm,Malaui/Domicilios_HR/MWHR4EDT.zip
MWHR61DT.zip,MW,Malaui,HR,Domicílios (Household Recode),"Características do domicílio, saneamento básico, fontes de água, bens e bens duráveis.",Domicilios_HR,61,Stata (.dta),333,https://dhsprogram.com/customcf/legacy/data/download_dataset.cfm?Filename=MWHR61DT.zip&Tp=1&Ctry_Code=MW&surv_id=333&dm=1&dmode=nm,Malaui/Domicilios_HR/MWHR61DT.zip
MWHR6ADT.zip,MW,Malaui,HR,Domicílios (Household Recode),"Características do domicílio, saneamento básico, fontes de água, bens e bens duráveis.",Domicilios_HR,6A,Stata (.dta),432,https://dhsprogram.com/customcf/legacy/data/download_dataset.cfm?Filename=MWHR6ADT.zip&Tp=1&Ctry_Code=MW&surv_id=432&dm=1&dmode=nm,Malaui/Domicilios_HR/MWHR6ADT.zip
MWHR72DT.zip,MW,Malaui,HR,Domicílios (Household Recode),"Características do domicílio, saneamento básico, fontes de água, bens e bens duráveis.",Domicilios_HR,72,Stata (.dta),473,https://dhsprogram.com/customcf/legacy/data/download_dataset.cfm?Filename=MWHR72DT.zip&Tp=1&Ctry_Code=MW&surv_id=473&dm=1&dmode=nm,Malaui/Domicilios_HR/MWHR72DT.zip
MWHR7ADT.zip,MW,Malaui,HR,Domicílios (Household Recode),"Características do domicílio, saneamento básico, fontes de água, bens e bens duráveis.",Domicilios_HR,7A,Stata (.dta),483,https://dhsprogram.com/customcf/legacy/data/download_dataset.cfm?Filename=MWHR7ADT.zip&Tp=1&Ctry_Code=MW&surv_id=483&dm=1&dmode=nm,Malaui/Domicilios_HR/MWHR7ADT.zip
MWHR7IDT.zip,MW,Malaui,HR,Domicílios (Household Recode),"Características do domicílio, saneamento básico, fontes de água, bens e bens duráveis.",Domicilios_HR,7I,Stata (.dta),512,https://dhsprogram.com/customcf/legacy/data/download_dataset.cfm?Filename=MWHR7IDT.zip&Tp=1&Ctry_Code=MW&surv_id=512&dm=1&dmode=nm,Malaui/Domicilios_HR/MWHR7IDT.zip
MWHR81DT.zip,MW,Malaui,HR,Domicílios (Household Recode),"Características do domicílio, saneamento básico, fontes de água, bens e bens duráveis.",Domicilios_HR,81,Stata (.dta),592,https://dhsprogram.com/customcf/legacy/data/download_dataset.cfm?Filename=MWHR81DT.zip&Tp=1&Ctry_Code=MW&surv_id=592&dm=1&dmode=nm,Malaui/Domicilios_HR/MWHR81DT.zip
MWHW22DT.zip,MW,Malaui,HW,Antropometria (Height and Weight),"Medições de altura, peso e escores nutricionais de mães e crianças.",Antropometria_HW,22,Stata (.dta),52,https://dhsprogram.com/customcf/legacy/data/download_dataset.cfm?Filename=MWHW22DT.zip&Tp=1&Ctry_Code=MW&surv_id=52&dm=1&dmode=nm,Malaui/Antropometria_HW/MWHW22DT.zip
MWHW41DT.zip,MW,Malaui,HW,Antropometria (Height and Weight),"Medições de altura, peso e escores nutricionais de mães e crianças.",Antropometria_HW,41,Stata (.dta),158,https://dhsprogram.com/customcf/legacy/data/download_dataset.cfm?Filename=MWHW41DT.zip&Tp=1&Ctry_Code=MW&surv_id=158&dm=1&dmode=nm,Malaui/Antropometria_HW/MWHW41DT.zip
MWHW4CDT.zip,MW,Malaui,HW,Antropometria (Height and Weight),"Medições de altura, peso e escores nutricionais de mães e crianças.",Antropometria_HW,4C,Stata (.dta),251,https://dhsprogram.com/customcf/legacy/data/download_dataset.cfm?Filename=MWHW4CDT.zip&Tp=1&Ctry_Code=MW&surv_id=251&dm=1&dmode=nm,Malaui/Antropometria_HW/MWHW4CDT.zip
MWIQ34DT.zip,MW,Malaui,IQ,Questionário Individual (Individual Questionnaire),Questionários individuais específicos.,Questionario_Individual_IQ,34,Stata (.dta),84,https://dhsprogram.com/customcf/legacy/data/download_dataset.cfm?Filename=MWIQ34DT.zip&Tp=1&Ctry_Code=MW&surv_id=84&dm=1&dmode=nm,Malaui/Questionario_Individual_IQ/MWIQ34DT.zip
MWIR22DT.zip,MW,Malaui,IR,Mulheres (Individual Recode),"Dados individuais de mulheres (15-49 anos). Inclui saúde reprodutiva, maternidade, pré-natal, etc. [BÔNUS SAÚDE DA MULHER]",Saude_da_Mulher_IR,22,Stata (.dta),52,https://dhsprogram.com/customcf/legacy/data/download_dataset.cfm?Filename=MWIR22DT.zip&Tp=1&Ctry_Code=MW&surv_id=52&dm=1&dmode=nm,Malaui/Saude_da_Mulher_IR/MWIR22DT.zip
MWIR41DT.zip,MW,Malaui,IR,Mulheres (Individual Recode),"Dados individuais de mulheres (15-49 anos). Inclui saúde reprodutiva, maternidade, pré-natal, etc. [BÔNUS SAÚDE DA MULHER]",Saude_da_Mulher_IR,41,Stata (.dta),158,https://dhsprogram.com/customcf/legacy/data/download_dataset.cfm?Filename=MWIR41DT.zip&Tp=1&Ctry_Code=MW&surv_id=158&dm=1&dmode=nm,Malaui/Saude_da_Mulher_IR/MWIR41DT.zip
MWIR4EDT.zip,MW,Malaui,IR,Mulheres (Individual Recode),"Dados individuais de mulheres (15-49 anos). Inclui saúde reprodutiva, maternidade, pré-natal, etc. [BÔNUS SAÚDE DA MULHER]",Saude_da_Mulher_IR,4E,Stata (.dta),251,https://dhsprogram.com/customcf/legacy/data/download_dataset.cfm?Filename=MWIR4EDT.zip&Tp=1&Ctry_Code=MW&surv_id=251&dm=1&dmode=nm,Malaui/Saude_da_Mulher_IR/MWIR4EDT.zip
MWIR61DT.zip,MW,Malaui,IR,Mulheres (Individual Recode),"Dados individuais de mulheres (15-49 anos). Inclui saúde reprodutiva, maternidade, pré-natal, etc. [BÔNUS SAÚDE DA MULHER]",Saude_da_Mulher_IR,61,Stata (.dta),333,https://dhsprogram.com/customcf/legacy/data/download_dataset.cfm?Filename=MWIR61DT.zip&Tp=1&Ctry_Code=MW&surv_id=333&dm=1&dmode=nm,Malaui/Saude_da_Mulher_IR/MWIR61DT.zip
MWIR6ADT.zip,MW,Malaui,IR,Mulheres (Individual Recode),"Dados individuais de mulheres (15-49 anos). Inclui saúde reprodutiva, maternidade, pré-natal, etc. [BÔNUS SAÚDE DA MULHER]",Saude_da_Mulher_IR,6A,Stata (.dta),432,https://dhsprogram.com/customcf/legacy/data/download_dataset.cfm?Filename=MWIR6ADT.zip&Tp=1&Ctry_Code=MW&surv_id=432&dm=1&dmode=nm,Malaui/Saude_da_Mulher_IR/MWIR6ADT.zip
MWIR72DT.zip,MW,Malaui,IR,Mulheres (Individual Recode),"Dados individuais de mulheres (15-49 anos). Inclui saúde reprodutiva, maternidade, pré-natal, etc. [BÔNUS SAÚDE DA MULHER]",Saude_da_Mulher_IR,72,Stata (.dta),473,https://dhsprogram.com/customcf/legacy/data/download_dataset.cfm?Filename=MWIR72DT.zip&Tp=1&Ctry_Code=MW&surv_id=473&dm=1&dmode=nm,Malaui/Saude_da_Mulher_IR/MWIR72DT.zip
MWIR7ADT.zip,MW,Malaui,IR,Mulheres (Individual Recode),"Dados individuais de mulheres (15-49 anos). Inclui saúde reprodutiva, maternidade, pré-natal, etc. [BÔNUS SAÚDE DA MULHER]",Saude_da_Mulher_IR,7A,Stata (.dta),483,https://dhsprogram.com/customcf/legacy/data/download_dataset.cfm?Filename=MWIR7ADT.zip&Tp=1&Ctry_Code=MW&surv_id=483&dm=1&dmode=nm,Malaui/Saude_da_Mulher_IR/MWIR7ADT.zip
MWIR7IDT.zip,MW,Malaui,IR,Mulheres (Individual Recode),"Dados individuais de mulheres (15-49 anos). Inclui saúde reprodutiva, maternidade, pré-natal, etc. [BÔNUS SAÚDE DA MULHER]",Saude_da_Mulher_IR,7I,Stata (.dta),512,https://dhsprogram.com/customcf/legacy/data/download_dataset.cfm?Filename=MWIR7IDT.zip&Tp=1&Ctry_Code=MW&surv_id=512&dm=1&dmode=nm,Malaui/Saude_da_Mulher_IR/MWIR7IDT.zip
MWIR81DT.zip,MW,Malaui,IR,Mulheres (Individual Recode),"Dados individuais de mulheres (15-49 anos). Inclui saúde reprodutiva, maternidade, pré-natal, etc. [BÔNUS SAÚDE DA MULHER]",Saude_da_Mulher_IR,81,Stata (.dta),592,https://dhsprogram.com/customcf/legacy/data/download_dataset.cfm?Filename=MWIR81DT.zip&Tp=1&Ctry_Code=MW&surv_id=592&dm=1&dmode=nm,Malaui/Saude_da_Mulher_IR/MWIR81DT.zip
MWKR21DT.zip,MW,Malaui,KR,Crianças (Children's Recode),"Crianças menores de 5 anos de idade, vacinação, nutrição, amamentação e episódios de doenças.",Criancas_KR,21,Stata (.dta),52,https://dhsprogram.com/customcf/legacy/data/download_dataset.cfm?Filename=MWKR21DT.zip&Tp=1&Ctry_Code=MW&surv_id=52&dm=1&dmode=nm,Malaui/Criancas_KR/MWKR21DT.zip
MWKR41DT.zip,MW,Malaui,KR,Crianças (Children's Recode),"Crianças menores de 5 anos de idade, vacinação, nutrição, amamentação e episódios de doenças.",Criancas_KR,41,Stata (.dta),158,https://dhsprogram.com/customcf/legacy/data/download_dataset.cfm?Filename=MWKR41DT.zip&Tp=1&Ctry_Code=MW&surv_id=158&dm=1&dmode=nm,Malaui/Criancas_KR/MWKR41DT.zip
MWKR4EDT.zip,MW,Malaui,KR,Crianças (Children's Recode),"Crianças menores de 5 anos de idade, vacinação, nutrição, amamentação e episódios de doenças.",Criancas_KR,4E,Stata (.dta),251,https://dhsprogram.com/customcf/legacy/data/download_dataset.cfm?Filename=MWKR4EDT.zip&Tp=1&Ctry_Code=MW&surv_id=251&dm=1&dmode=nm,Malaui/Criancas_KR/MWKR4EDT.zip
MWKR61DT.zip,MW,Malaui,KR,Crianças (Children's Recode),"Crianças menores de 5 anos de idade, vacinação, nutrição, amamentação e episódios de doenças.",Criancas_KR,61,Stata (.dta),333,https://dhsprogram.com/customcf/legacy/data/download_dataset.cfm?Filename=MWKR61DT.zip&Tp=1&Ctry_Code=MW&surv_id=333&dm=1&dmode=nm,Malaui/Criancas_KR/MWKR61DT.zip
MWKR6ADT.zip,MW,Malaui,KR,Crianças (Children's Recode),"Crianças menores de 5 anos de idade, vacinação, nutrição, amamentação e episódios de doenças.",Criancas_KR,6A,Stata (.dta),432,https://dhsprogram.com/customcf/legacy/data/download_dataset.cfm?Filename=MWKR6ADT.zip&Tp=1&Ctry_Code=MW&surv_id=432&dm=1&dmode=nm,Malaui/Criancas_KR/MWKR6ADT.zip
MWKR72DT.zip,MW,Malaui,KR,Crianças (Children's Recode),"Crianças menores de 5 anos de idade, vacinação, nutrição, amamentação e episódios de doenças.",Criancas_KR,72,Stata (.dta),473,https://dhsprogram.com/customcf/legacy/data/download_dataset.cfm?Filename=MWKR72DT.zip&Tp=1&Ctry_Code=MW&surv_id=473&dm=1&dmode=nm,Malaui/Criancas_KR/MWKR72DT.zip
MWKR7ADT.zip,MW,Malaui,KR,Crianças (Children's Recode),"Crianças menores de 5 anos de idade, vacinação, nutrição, amamentação e episódios de doenças.",Criancas_KR,7A,Stata (.dta),483,https://dhsprogram.com/customcf/legacy/data/download_dataset.cfm?Filename=MWKR7ADT.zip&Tp=1&Ctry_Code=MW&surv_id=483&dm=1&dmode=nm,Malaui/Criancas_KR/MWKR7ADT.zip
MWKR7IDT.zip,MW,Malaui,KR,Crianças (Children's Recode),"Crianças menores de 5 anos de idade, vacinação, nutrição, amamentação e episódios de doenças.",Criancas_KR,7I,Stata (.dta),512,https://dhsprogram.com/customcf/legacy/data/download_dataset.cfm?Filename=MWKR7IDT.zip&Tp=1&Ctry_Code=MW&surv_id=512&dm=1&dmode=nm,Malaui/Criancas_KR/MWKR7IDT.zip
MWKR81DT.zip,MW,Malaui,KR,Crianças (Children's Recode),"Crianças menores de 5 anos de idade, vacinação, nutrição, amamentação e episódios de doenças.",Criancas_KR,81,Stata (.dta),592,https://dhsprogram.com/customcf/legacy/data/download_dataset.cfm?Filename=MWKR81DT.zip&Tp=1&Ctry_Code=MW&surv_id=592&dm=1&dmode=nm,Malaui/Criancas_KR/MWKR81DT.zip
MWML34DT.zip,MW,Malaui,ML,Malária (Malaria Module),"Módulo de prevenção, testes e tratamento de malária.",Malaria_ML,34,Stata (.dta),84,https://dhsprogram.com/customcf/legacy/data/download_dataset.cfm?Filename=MWML34DT.zip&Tp=1&Ctry_Code=MW&surv_id=84&dm=1&dmode=nm,Malaui/Malaria_ML/MWML34DT.zip
MWMR21DT.zip,MW,Malaui,MR,Homens (Men's Recode),"Dados individuais de homens (15-49/59 anos), trabalho, saúde e conhecimentos reprodutivos.",Homens_MR,21,Stata (.dta),52,https://dhsprogram.com/customcf/legacy/data/download_dataset.cfm?Filename=MWMR21DT.zip&Tp=1&Ctry_Code=MW&surv_id=52&dm=1&dmode=nm,Malaui/Homens_MR/MWMR21DT.zip
MWMR41DT.zip,MW,Malaui,MR,Homens (Men's Recode),"Dados individuais de homens (15-49/59 anos), trabalho, saúde e conhecimentos reprodutivos.",Homens_MR,41,Stata (.dta),158,https://dhsprogram.com/customcf/legacy/data/download_dataset.cfm?Filename=MWMR41DT.zip&Tp=1&Ctry_Code=MW&surv_id=158&dm=1&dmode=nm,Malaui/Homens_MR/MWMR41DT.zip
MWMR4EDT.zip,MW,Malaui,MR,Homens (Men's Recode),"Dados individuais de homens (15-49/59 anos), trabalho, saúde e conhecimentos reprodutivos.",Homens_MR,4E,Stata (.dta),251,https://dhsprogram.com/customcf/legacy/data/download_dataset.cfm?Filename=MWMR4EDT.zip&Tp=1&Ctry_Code=MW&surv_id=251&dm=1&dmode=nm,Malaui/Homens_MR/MWMR4EDT.zip
MWMR61DT.zip,MW,Malaui,MR,Homens (Men's Recode),"Dados individuais de homens (15-49/59 anos), trabalho, saúde e conhecimentos reprodutivos.",Homens_MR,61,Stata (.dta),333,https://dhsprogram.com/customcf/legacy/data/download_dataset.cfm?Filename=MWMR61DT.zip&Tp=1&Ctry_Code=MW&surv_id=333&dm=1&dmode=nm,Malaui/Homens_MR/MWMR61DT.zip
MWMR7ADT.zip,MW,Malaui,MR,Homens (Men's Recode),"Dados individuais de homens (15-49/59 anos), trabalho, saúde e conhecimentos reprodutivos.",Homens_MR,7A,Stata (.dta),483,https://dhsprogram.com/customcf/legacy/data/download_dataset.cfm?Filename=MWMR7ADT.zip&Tp=1&Ctry_Code=MW&surv_id=483&dm=1&dmode=nm,Malaui/Homens_MR/MWMR7ADT.zip
MWMR81DT.zip,MW,Malaui,MR,Homens (Men's Recode),"Dados individuais de homens (15-49/59 anos), trabalho, saúde e conhecimentos reprodutivos.",Homens_MR,81,Stata (.dta),592,https://dhsprogram.com/customcf/legacy/data/download_dataset.cfm?Filename=MWMR81DT.zip&Tp=1&Ctry_Code=MW&surv_id=592&dm=1&dmode=nm,Malaui/Homens_MR/MWMR81DT.zip
MWPR22DT.zip,MW,Malaui,PR,Moradores (Household Member Recode),"Informações demográficas de todos os moradores do domicílio (idade, sexo, educação).",Moradores_PR,22,Stata (.dta),52,https://dhsprogram.com/customcf/legacy/data/download_dataset.cfm?Filename=MWPR22DT.zip&Tp=1&Ctry_Code=MW&surv_id=52&dm=1&dmode=nm,Malaui/Moradores_PR/MWPR22DT.zip
MWPR41DT.zip,MW,Malaui,PR,Moradores (Household Member Recode),"Informações demográficas de todos os moradores do domicílio (idade, sexo, educação).",Moradores_PR,41,Stata (.dta),158,https://dhsprogram.com/customcf/legacy/data/download_dataset.cfm?Filename=MWPR41DT.zip&Tp=1&Ctry_Code=MW&surv_id=158&dm=1&dmode=nm,Malaui/Moradores_PR/MWPR41DT.zip
MWPR4EDT.zip,MW,Malaui,PR,Moradores (Household Member Recode),"Informações demográficas de todos os moradores do domicílio (idade, sexo, educação).",Moradores_PR,4E,Stata (.dta),251,https://dhsprogram.com/customcf/legacy/data/download_dataset.cfm?Filename=MWPR4EDT.zip&Tp=1&Ctry_Code=MW&surv_id=251&dm=1&dmode=nm,Malaui/Moradores_PR/MWPR4EDT.zip
MWPR61DT.zip,MW,Malaui,PR,Moradores (Household Member Recode),"Informações demográficas de todos os moradores do domicílio (idade, sexo, educação).",Moradores_PR,61,Stata (.dta),333,https://dhsprogram.com/customcf/legacy/data/download_dataset.cfm?Filename=MWPR61DT.zip&Tp=1&Ctry_Code=MW&surv_id=333&dm=1&dmode=nm,Malaui/Moradores_PR/MWPR61DT.zip
MWPR6ADT.zip,MW,Malaui,PR,Moradores (Household Member Recode),"Informações demográficas de todos os moradores do domicílio (idade, sexo, educação).",Moradores_PR,6A,Stata (.dta),432,https://dhsprogram.com/customcf/legacy/data/download_dataset.cfm?Filename=MWPR6ADT.zip&Tp=1&Ctry_Code=MW&surv_id=432&dm=1&dmode=nm,Malaui/Moradores_PR/MWPR6ADT.zip
MWPR72DT.zip,MW,Malaui,PR,Moradores (Household Member Recode),"Informações demográficas de todos os moradores do domicílio (idade, sexo, educação).",Moradores_PR,72,Stata (.dta),473,https://dhsprogram.com/customcf/legacy/data/download_dataset.cfm?Filename=MWPR72DT.zip&Tp=1&Ctry_Code=MW&surv_id=473&dm=1&dmode=nm,Malaui/Moradores_PR/MWPR72DT.zip
MWPR7ADT.zip,MW,Malaui,PR,Moradores (Household Member Recode),"Informações demográficas de todos os moradores do domicílio (idade, sexo, educação).",Moradores_PR,7A,Stata (.dta),483,https://dhsprogram.com/customcf/legacy/data/download_dataset.cfm?Filename=MWPR7ADT.zip&Tp=1&Ctry_Code=MW&surv_id=483&dm=1&dmode=nm,Malaui/Moradores_PR/MWPR7ADT.zip
MWPR7IDT.zip,MW,Malaui,PR,Moradores (Household Member Recode),"Informações demográficas de todos os moradores do domicílio (idade, sexo, educação).",Moradores_PR,7I,Stata (.dta),512,https://dhsprogram.com/customcf/legacy/data/download_dataset.cfm?Filename=MWPR7IDT.zip&Tp=1&Ctry_Code=MW&surv_id=512&dm=1&dmode=nm,Malaui/Moradores_PR/MWPR7IDT.zip
MWPR81DT.zip,MW,Malaui,PR,Moradores (Household Member Recode),"Informações demográficas de todos os moradores do domicílio (idade, sexo, educação).",Moradores_PR,81,Stata (.dta),592,https://dhsprogram.com/customcf/legacy/data/download_dataset.cfm?Filename=MWPR81DT.zip&Tp=1&Ctry_Code=MW&surv_id=592&dm=1&dmode=nm,Malaui/Moradores_PR/MWPR81DT.zip
MWSQ26DT.zip,MW,Malaui,SQ,Serviços de Saúde (Service Questionnaire),Disponibilidade e infraestrutura dos serviços de saúde comunitários.,Servicos_Saude_SQ,26,Stata (.dta),52,https://dhsprogram.com/customcf/legacy/data/download_dataset.cfm?Filename=MWSQ26DT.zip&Tp=1&Ctry_Code=MW&surv_id=52&dm=1&dmode=nm,Malaui/Servicos_Saude_SQ/MWSQ26DT.zip
MWWI22DT.zip,MW,Malaui,WI,Índice de Riqueza (Wealth Index),Pontuação e quintil do índice de riqueza socioeconômica.,Riqueza_WI,22,Stata (.dta),52,https://dhsprogram.com/customcf/legacy/data/download_dataset.cfm?Filename=MWWI22DT.zip&Tp=1&Ctry_Code=MW&surv_id=52&dm=1&dmode=nm,Malaui/Riqueza_WI/MWWI22DT.zip
MWWI42DT.zip,MW,Malaui,WI,Índice de Riqueza (Wealth Index),Pontuação e quintil do índice de riqueza socioeconômica.,Riqueza_WI,42,Stata (.dta),158,https://dhsprogram.com/customcf/legacy/data/download_dataset.cfm?Filename=MWWI42DT.zip&Tp=1&Ctry_Code=MW&surv_id=158&dm=1&dmode=nm,Malaui/Riqueza_WI/MWWI42DT.zip
MLBR01DT.zip,ML,Mali,BR,Nascimentos (Births Recode),"Histórico de nascimentos das mulheres entrevistadas, partos, peso ao nascer e mortalidade infantil.",Nascimentos_BR,01,Stata (.dta),12,https://dhsprogram.com/customcf/legacy/data/download_dataset.cfm?Filename=MLBR01DT.zip&Tp=1&Ctry_Code=ML&surv_id=12&dm=1&dmode=nm,Mali/Nascimentos_BR/MLBR01DT.zip
MLBR32DT.zip,ML,Mali,BR,Nascimentos (Births Recode),"Histórico de nascimentos das mulheres entrevistadas, partos, peso ao nascer e mortalidade infantil.",Nascimentos_BR,32,Stata (.dta),77,https://dhsprogram.com/customcf/legacy/data/download_dataset.cfm?Filename=MLBR32DT.zip&Tp=1&Ctry_Code=ML&surv_id=77&dm=1&dmode=nm,Mali/Nascimentos_BR/MLBR32DT.zip
MLBR41DT.zip,ML,Mali,BR,Nascimentos (Births Recode),"Histórico de nascimentos das mulheres entrevistadas, partos, peso ao nascer e mortalidade infantil.",Nascimentos_BR,41,Stata (.dta),159,https://dhsprogram.com/customcf/legacy/data/download_dataset.cfm?Filename=MLBR41DT.zip&Tp=1&Ctry_Code=ML&surv_id=159&dm=1&dmode=nm,Mali/Nascimentos_BR/MLBR41DT.zip
MLBR53DT.zip,ML,Mali,BR,Nascimentos (Births Recode),"Histórico de nascimentos das mulheres entrevistadas, partos, peso ao nascer e mortalidade infantil.",Nascimentos_BR,53,Stata (.dta),276,https://dhsprogram.com/customcf/legacy/data/download_dataset.cfm?Filename=MLBR53DT.zip&Tp=1&Ctry_Code=ML&surv_id=276&dm=1&dmode=nm,Mali/Nascimentos_BR/MLBR53DT.zip
MLBR6ADT.zip,ML,Mali,BR,Nascimentos (Births Recode),"Histórico de nascimentos das mulheres entrevistadas, partos, peso ao nascer e mortalidade infantil.",Nascimentos_BR,6A,Stata (.dta),405,https://dhsprogram.com/customcf/legacy/data/download_dataset.cfm?Filename=MLBR6ADT.zip&Tp=1&Ctry_Code=ML&surv_id=405&dm=1&dmode=nm,Mali/Nascimentos_BR/MLBR6ADT.zip
MLBR7ADT.zip,ML,Mali,BR,Nascimentos (Births Recode),"Histórico de nascimentos das mulheres entrevistadas, partos, peso ao nascer e mortalidade infantil.",Nascimentos_BR,7A,Stata (.dta),517,https://dhsprogram.com/customcf/legacy/data/download_dataset.cfm?Filename=MLBR7ADT.zip&Tp=1&Ctry_Code=ML&surv_id=517&dm=1&dmode=nm,Mali/Nascimentos_BR/MLBR7ADT.zip
MLBR8ADT.zip,ML,Mali,BR,Nascimentos (Births Recode),"Histórico de nascimentos das mulheres entrevistadas, partos, peso ao nascer e mortalidade infantil.",Nascimentos_BR,8A,Stata (.dta),613,https://dhsprogram.com/customcf/legacy/data/download_dataset.cfm?Filename=MLBR8ADT.zip&Tp=1&Ctry_Code=ML&surv_id=613&dm=1&dmode=nm,Mali/Nascimentos_BR/MLBR8ADT.zip
MLCR31DT.zip,ML,Mali,CR,Casais (Couples Recode),Dados conjuntos de casais casados ou vivendo em união estável.,Casais_CR,31,Stata (.dta),77,https://dhsprogram.com/customcf/legacy/data/download_dataset.cfm?Filename=MLCR31DT.zip&Tp=1&Ctry_Code=ML&surv_id=77&dm=1&dmode=nm,Mali/Casais_CR/MLCR31DT.zip
MLCR41DT.zip,ML,Mali,CR,Casais (Couples Recode),Dados conjuntos de casais casados ou vivendo em união estável.,Casais_CR,41,Stata (.dta),159,https://dhsprogram.com/customcf/legacy/data/download_dataset.cfm?Filename=MLCR41DT.zip&Tp=1&Ctry_Code=ML&surv_id=159&dm=1&dmode=nm,Mali/Casais_CR/MLCR41DT.zip
MLCR53DT.zip,ML,Mali,CR,Casais (Couples Recode),Dados conjuntos de casais casados ou vivendo em união estável.,Casais_CR,53,Stata (.dta),276,https://dhsprogram.com/customcf/legacy/data/download_dataset.cfm?Filename=MLCR53DT.zip&Tp=1&Ctry_Code=ML&surv_id=276&dm=1&dmode=nm,Mali/Casais_CR/MLCR53DT.zip
MLCR6ADT.zip,ML,Mali,CR,Casais (Couples Recode),Dados conjuntos de casais casados ou vivendo em união estável.,Casais_CR,6A,Stata (.dta),405,https://dhsprogram.com/customcf/legacy/data/download_dataset.cfm?Filename=MLCR6ADT.zip&Tp=1&Ctry_Code=ML&surv_id=405&dm=1&dmode=nm,Mali/Casais_CR/MLCR6ADT.zip
MLCR7ADT.zip,ML,Mali,CR,Casais (Couples Recode),Dados conjuntos de casais casados ou vivendo em união estável.,Casais_CR,7A,Stata (.dta),517,https://dhsprogram.com/customcf/legacy/data/download_dataset.cfm?Filename=MLCR7ADT.zip&Tp=1&Ctry_Code=ML&surv_id=517&dm=1&dmode=nm,Mali/Casais_CR/MLCR7ADT.zip
MLCR8ADT.zip,ML,Mali,CR,Casais (Couples Recode),Dados conjuntos de casais casados ou vivendo em união estável.,Casais_CR,8A,Stata (.dta),613,https://dhsprogram.com/customcf/legacy/data/download_dataset.cfm?Filename=MLCR8ADT.zip&Tp=1&Ctry_Code=ML&surv_id=613&dm=1&dmode=nm,Mali/Casais_CR/MLCR8ADT.zip
MLHH01DT.zip,ML,Mali,HH,Inquérito Domiciliar (Household Survey),Questionário domiciliar expandido / experimental.,Inquerito_Domiciliar_HH,01,Stata (.dta),12,https://dhsprogram.com/customcf/legacy/data/download_dataset.cfm?Filename=MLHH01DT.zip&Tp=1&Ctry_Code=ML&surv_id=12&dm=1&dmode=nm,Mali/Inquerito_Domiciliar_HH/MLHH01DT.zip
MLHR32DT.zip,ML,Mali,HR,Domicílios (Household Recode),"Características do domicílio, saneamento básico, fontes de água, bens e bens duráveis.",Domicilios_HR,32,Stata (.dta),77,https://dhsprogram.com/customcf/legacy/data/download_dataset.cfm?Filename=MLHR32DT.zip&Tp=1&Ctry_Code=ML&surv_id=77&dm=1&dmode=nm,Mali/Domicilios_HR/MLHR32DT.zip
MLHR41DT.zip,ML,Mali,HR,Domicílios (Household Recode),"Características do domicílio, saneamento básico, fontes de água, bens e bens duráveis.",Domicilios_HR,41,Stata (.dta),159,https://dhsprogram.com/customcf/legacy/data/download_dataset.cfm?Filename=MLHR41DT.zip&Tp=1&Ctry_Code=ML&surv_id=159&dm=1&dmode=nm,Mali/Domicilios_HR/MLHR41DT.zip
MLHR53DT.zip,ML,Mali,HR,Domicílios (Household Recode),"Características do domicílio, saneamento básico, fontes de água, bens e bens duráveis.",Domicilios_HR,53,Stata (.dta),276,https://dhsprogram.com/customcf/legacy/data/download_dataset.cfm?Filename=MLHR53DT.zip&Tp=1&Ctry_Code=ML&surv_id=276&dm=1&dmode=nm,Mali/Domicilios_HR/MLHR53DT.zip
MLHR61DT.zip,ML,Mali,HR,Domicílios (Household Recode),"Características do domicílio, saneamento básico, fontes de água, bens e bens duráveis.",Domicilios_HR,61,Stata (.dta),387,https://dhsprogram.com/customcf/legacy/data/download_dataset.cfm?Filename=MLHR61DT.zip&Tp=1&Ctry_Code=ML&surv_id=387&dm=1&dmode=nm,Mali/Domicilios_HR/MLHR61DT.zip
MLHR6ADT.zip,ML,Mali,HR,Domicílios (Household Recode),"Características do domicílio, saneamento básico, fontes de água, bens e bens duráveis.",Domicilios_HR,6A,Stata (.dta),405,https://dhsprogram.com/customcf/legacy/data/download_dataset.cfm?Filename=MLHR6ADT.zip&Tp=1&Ctry_Code=ML&surv_id=405&dm=1&dmode=nm,Mali/Domicilios_HR/MLHR6ADT.zip
MLHR72DT.zip,ML,Mali,HR,Domicílios (Household Recode),"Características do domicílio, saneamento básico, fontes de água, bens e bens duráveis.",Domicilios_HR,72,Stata (.dta),487,https://dhsprogram.com/customcf/legacy/data/download_dataset.cfm?Filename=MLHR72DT.zip&Tp=1&Ctry_Code=ML&surv_id=487&dm=1&dmode=nm,Mali/Domicilios_HR/MLHR72DT.zip
MLHR7ADT.zip,ML,Mali,HR,Domicílios (Household Recode),"Características do domicílio, saneamento básico, fontes de água, bens e bens duráveis.",Domicilios_HR,7A,Stata (.dta),517,https://dhsprogram.com/customcf/legacy/data/download_dataset.cfm?Filename=MLHR7ADT.zip&Tp=1&Ctry_Code=ML&surv_id=517&dm=1&dmode=nm,Mali/Domicilios_HR/MLHR7ADT.zip
MLHR83DT.zip,ML,Mali,HR,Domicílios (Household Recode),"Características do domicílio, saneamento básico, fontes de água, bens e bens duráveis.",Domicilios_HR,83,Stata (.dta),574,https://dhsprogram.com/customcf/legacy/data/download_dataset.cfm?Filename=MLHR83DT.zip&Tp=1&Ctry_Code=ML&surv_id=574&dm=1&dmode=nm,Mali/Domicilios_HR/MLHR83DT.zip
MLHR8ADT.zip,ML,Mali,HR,Domicílios (Household Recode),"Características do domicílio, saneamento básico, fontes de água, bens e bens duráveis.",Domicilios_HR,8A,Stata (.dta),613,https://dhsprogram.com/customcf/legacy/data/download_dataset.cfm?Filename=MLHR8ADT.zip&Tp=1&Ctry_Code=ML&surv_id=613&dm=1&dmode=nm,Mali/Domicilios_HR/MLHR8ADT.zip
MLHW01DT.zip,ML,Mali,HW,Antropometria (Height and Weight),"Medições de altura, peso e escores nutricionais de mães e crianças.",Antropometria_HW,01,Stata (.dta),12,https://dhsprogram.com/customcf/legacy/data/download_dataset.cfm?Filename=MLHW01DT.zip&Tp=1&Ctry_Code=ML&surv_id=12&dm=1&dmode=nm,Mali/Antropometria_HW/MLHW01DT.zip
MLHW32DT.zip,ML,Mali,HW,Antropometria (Height and Weight),"Medições de altura, peso e escores nutricionais de mães e crianças.",Antropometria_HW,32,Stata (.dta),77,https://dhsprogram.com/customcf/legacy/data/download_dataset.cfm?Filename=MLHW32DT.zip&Tp=1&Ctry_Code=ML&surv_id=77&dm=1&dmode=nm,Mali/Antropometria_HW/MLHW32DT.zip
MLHW41DT.zip,ML,Mali,HW,Antropometria (Height and Weight),"Medições de altura, peso e escores nutricionais de mães e crianças.",Antropometria_HW,41,Stata (.dta),159,https://dhsprogram.com/customcf/legacy/data/download_dataset.cfm?Filename=MLHW41DT.zip&Tp=1&Ctry_Code=ML&surv_id=159&dm=1&dmode=nm,Mali/Antropometria_HW/MLHW41DT.zip
MLIR01DT.zip,ML,Mali,IR,Mulheres (Individual Recode),"Dados individuais de mulheres (15-49 anos). Inclui saúde reprodutiva, maternidade, pré-natal, etc. [BÔNUS SAÚDE DA MULHER]",Saude_da_Mulher_IR,01,Stata (.dta),12,https://dhsprogram.com/customcf/legacy/data/download_dataset.cfm?Filename=MLIR01DT.zip&Tp=1&Ctry_Code=ML&surv_id=12&dm=1&dmode=nm,Mali/Saude_da_Mulher_IR/MLIR01DT.zip
MLIR32DT.zip,ML,Mali,IR,Mulheres (Individual Recode),"Dados individuais de mulheres (15-49 anos). Inclui saúde reprodutiva, maternidade, pré-natal, etc. [BÔNUS SAÚDE DA MULHER]",Saude_da_Mulher_IR,32,Stata (.dta),77,https://dhsprogram.com/customcf/legacy/data/download_dataset.cfm?Filename=MLIR32DT.zip&Tp=1&Ctry_Code=ML&surv_id=77&dm=1&dmode=nm,Mali/Saude_da_Mulher_IR/MLIR32DT.zip
MLIR41DT.zip,ML,Mali,IR,Mulheres (Individual Recode),"Dados individuais de mulheres (15-49 anos). Inclui saúde reprodutiva, maternidade, pré-natal, etc. [BÔNUS SAÚDE DA MULHER]",Saude_da_Mulher_IR,41,Stata (.dta),159,https://dhsprogram.com/customcf/legacy/data/download_dataset.cfm?Filename=MLIR41DT.zip&Tp=1&Ctry_Code=ML&surv_id=159&dm=1&dmode=nm,Mali/Saude_da_Mulher_IR/MLIR41DT.zip
MLIR53DT.zip,ML,Mali,IR,Mulheres (Individual Recode),"Dados individuais de mulheres (15-49 anos). Inclui saúde reprodutiva, maternidade, pré-natal, etc. [BÔNUS SAÚDE DA MULHER]",Saude_da_Mulher_IR,53,Stata (.dta),276,https://dhsprogram.com/customcf/legacy/data/download_dataset.cfm?Filename=MLIR53DT.zip&Tp=1&Ctry_Code=ML&surv_id=276&dm=1&dmode=nm,Mali/Saude_da_Mulher_IR/MLIR53DT.zip
MLIR6ADT.zip,ML,Mali,IR,Mulheres (Individual Recode),"Dados individuais de mulheres (15-49 anos). Inclui saúde reprodutiva, maternidade, pré-natal, etc. [BÔNUS SAÚDE DA MULHER]",Saude_da_Mulher_IR,6A,Stata (.dta),405,https://dhsprogram.com/customcf/legacy/data/download_dataset.cfm?Filename=MLIR6ADT.zip&Tp=1&Ctry_Code=ML&surv_id=405&dm=1&dmode=nm,Mali/Saude_da_Mulher_IR/MLIR6ADT.zip
MLIR72DT.zip,ML,Mali,IR,Mulheres (Individual Recode),"Dados individuais de mulheres (15-49 anos). Inclui saúde reprodutiva, maternidade, pré-natal, etc. [BÔNUS SAÚDE DA MULHER]",Saude_da_Mulher_IR,72,Stata (.dta),487,https://dhsprogram.com/customcf/legacy/data/download_dataset.cfm?Filename=MLIR72DT.zip&Tp=1&Ctry_Code=ML&surv_id=487&dm=1&dmode=nm,Mali/Saude_da_Mulher_IR/MLIR72DT.zip
MLIR7ADT.zip,ML,Mali,IR,Mulheres (Individual Recode),"Dados individuais de mulheres (15-49 anos). Inclui saúde reprodutiva, maternidade, pré-natal, etc. [BÔNUS SAÚDE DA MULHER]",Saude_da_Mulher_IR,7A,Stata (.dta),517,https://dhsprogram.com/customcf/legacy/data/download_dataset.cfm?Filename=MLIR7ADT.zip&Tp=1&Ctry_Code=ML&surv_id=517&dm=1&dmode=nm,Mali/Saude_da_Mulher_IR/MLIR7ADT.zip
MLIR83DT.zip,ML,Mali,IR,Mulheres (Individual Recode),"Dados individuais de mulheres (15-49 anos). Inclui saúde reprodutiva, maternidade, pré-natal, etc. [BÔNUS SAÚDE DA MULHER]",Saude_da_Mulher_IR,83,Stata (.dta),574,https://dhsprogram.com/customcf/legacy/data/download_dataset.cfm?Filename=MLIR83DT.zip&Tp=1&Ctry_Code=ML&surv_id=574&dm=1&dmode=nm,Mali/Saude_da_Mulher_IR/MLIR83DT.zip
MLIR8ADT.zip,ML,Mali,IR,Mulheres (Individual Recode),"Dados individuais de mulheres (15-49 anos). Inclui saúde reprodutiva, maternidade, pré-natal, etc. [BÔNUS SAÚDE DA MULHER]",Saude_da_Mulher_IR,8A,Stata (.dta),613,https://dhsprogram.com/customcf/legacy/data/download_dataset.cfm?Filename=MLIR8ADT.zip&Tp=1&Ctry_Code=ML&surv_id=613&dm=1&dmode=nm,Mali/Saude_da_Mulher_IR/MLIR8ADT.zip
MLKR01DT.zip,ML,Mali,KR,Crianças (Children's Recode),"Crianças menores de 5 anos de idade, vacinação, nutrição, amamentação e episódios de doenças.",Criancas_KR,01,Stata (.dta),12,https://dhsprogram.com/customcf/legacy/data/download_dataset.cfm?Filename=MLKR01DT.zip&Tp=1&Ctry_Code=ML&surv_id=12&dm=1&dmode=nm,Mali/Criancas_KR/MLKR01DT.zip
MLKR31DT.zip,ML,Mali,KR,Crianças (Children's Recode),"Crianças menores de 5 anos de idade, vacinação, nutrição, amamentação e episódios de doenças.",Criancas_KR,31,Stata (.dta),77,https://dhsprogram.com/customcf/legacy/data/download_dataset.cfm?Filename=MLKR31DT.zip&Tp=1&Ctry_Code=ML&surv_id=77&dm=1&dmode=nm,Mali/Criancas_KR/MLKR31DT.zip
MLKR41DT.zip,ML,Mali,KR,Crianças (Children's Recode),"Crianças menores de 5 anos de idade, vacinação, nutrição, amamentação e episódios de doenças.",Criancas_KR,41,Stata (.dta),159,https://dhsprogram.com/customcf/legacy/data/download_dataset.cfm?Filename=MLKR41DT.zip&Tp=1&Ctry_Code=ML&surv_id=159&dm=1&dmode=nm,Mali/Criancas_KR/MLKR41DT.zip
MLKR53DT.zip,ML,Mali,KR,Crianças (Children's Recode),"Crianças menores de 5 anos de idade, vacinação, nutrição, amamentação e episódios de doenças.",Criancas_KR,53,Stata (.dta),276,https://dhsprogram.com/customcf/legacy/data/download_dataset.cfm?Filename=MLKR53DT.zip&Tp=1&Ctry_Code=ML&surv_id=276&dm=1&dmode=nm,Mali/Criancas_KR/MLKR53DT.zip
MLKR6ADT.zip,ML,Mali,KR,Crianças (Children's Recode),"Crianças menores de 5 anos de idade, vacinação, nutrição, amamentação e episódios de doenças.",Criancas_KR,6A,Stata (.dta),405,https://dhsprogram.com/customcf/legacy/data/download_dataset.cfm?Filename=MLKR6ADT.zip&Tp=1&Ctry_Code=ML&surv_id=405&dm=1&dmode=nm,Mali/Criancas_KR/MLKR6ADT.zip
MLKR72DT.zip,ML,Mali,KR,Crianças (Children's Recode),"Crianças menores de 5 anos de idade, vacinação, nutrição, amamentação e episódios de doenças.",Criancas_KR,72,Stata (.dta),487,https://dhsprogram.com/customcf/legacy/data/download_dataset.cfm?Filename=MLKR72DT.zip&Tp=1&Ctry_Code=ML&surv_id=487&dm=1&dmode=nm,Mali/Criancas_KR/MLKR72DT.zip
MLKR7ADT.zip,ML,Mali,KR,Crianças (Children's Recode),"Crianças menores de 5 anos de idade, vacinação, nutrição, amamentação e episódios de doenças.",Criancas_KR,7A,Stata (.dta),517,https://dhsprogram.com/customcf/legacy/data/download_dataset.cfm?Filename=MLKR7ADT.zip&Tp=1&Ctry_Code=ML&surv_id=517&dm=1&dmode=nm,Mali/Criancas_KR/MLKR7ADT.zip
MLKR83DT.zip,ML,Mali,KR,Crianças (Children's Recode),"Crianças menores de 5 anos de idade, vacinação, nutrição, amamentação e episódios de doenças.",Criancas_KR,83,Stata (.dta),574,https://dhsprogram.com/customcf/legacy/data/download_dataset.cfm?Filename=MLKR83DT.zip&Tp=1&Ctry_Code=ML&surv_id=574&dm=1&dmode=nm,Mali/Criancas_KR/MLKR83DT.zip
MLKR8ADT.zip,ML,Mali,KR,Crianças (Children's Recode),"Crianças menores de 5 anos de idade, vacinação, nutrição, amamentação e episódios de doenças.",Criancas_KR,8A,Stata (.dta),613,https://dhsprogram.com/customcf/legacy/data/download_dataset.cfm?Filename=MLKR8ADT.zip&Tp=1&Ctry_Code=ML&surv_id=613&dm=1&dmode=nm,Mali/Criancas_KR/MLKR8ADT.zip
MLML01DT.zip,ML,Mali,ML,Malária (Malaria Module),"Módulo de prevenção, testes e tratamento de malária.",Malaria_ML,01,Stata (.dta),12,https://dhsprogram.com/customcf/legacy/data/download_dataset.cfm?Filename=MLML01DT.zip&Tp=1&Ctry_Code=ML&surv_id=12&dm=1&dmode=nm,Mali/Malaria_ML/MLML01DT.zip
MLMR31DT.zip,ML,Mali,MR,Homens (Men's Recode),"Dados individuais de homens (15-49/59 anos), trabalho, saúde e conhecimentos reprodutivos.",Homens_MR,31,Stata (.dta),77,https://dhsprogram.com/customcf/legacy/data/download_dataset.cfm?Filename=MLMR31DT.zip&Tp=1&Ctry_Code=ML&surv_id=77&dm=1&dmode=nm,Mali/Homens_MR/MLMR31DT.zip
MLMR41DT.zip,ML,Mali,MR,Homens (Men's Recode),"Dados individuais de homens (15-49/59 anos), trabalho, saúde e conhecimentos reprodutivos.",Homens_MR,41,Stata (.dta),159,https://dhsprogram.com/customcf/legacy/data/download_dataset.cfm?Filename=MLMR41DT.zip&Tp=1&Ctry_Code=ML&surv_id=159&dm=1&dmode=nm,Mali/Homens_MR/MLMR41DT.zip
MLMR53DT.zip,ML,Mali,MR,Homens (Men's Recode),"Dados individuais de homens (15-49/59 anos), trabalho, saúde e conhecimentos reprodutivos.",Homens_MR,53,Stata (.dta),276,https://dhsprogram.com/customcf/legacy/data/download_dataset.cfm?Filename=MLMR53DT.zip&Tp=1&Ctry_Code=ML&surv_id=276&dm=1&dmode=nm,Mali/Homens_MR/MLMR53DT.zip
MLMR6ADT.zip,ML,Mali,MR,Homens (Men's Recode),"Dados individuais de homens (15-49/59 anos), trabalho, saúde e conhecimentos reprodutivos.",Homens_MR,6A,Stata (.dta),405,https://dhsprogram.com/customcf/legacy/data/download_dataset.cfm?Filename=MLMR6ADT.zip&Tp=1&Ctry_Code=ML&surv_id=405&dm=1&dmode=nm,Mali/Homens_MR/MLMR6ADT.zip
MLMR7ADT.zip,ML,Mali,MR,Homens (Men's Recode),"Dados individuais de homens (15-49/59 anos), trabalho, saúde e conhecimentos reprodutivos.",Homens_MR,7A,Stata (.dta),517,https://dhsprogram.com/customcf/legacy/data/download_dataset.cfm?Filename=MLMR7ADT.zip&Tp=1&Ctry_Code=ML&surv_id=517&dm=1&dmode=nm,Mali/Homens_MR/MLMR7ADT.zip
MLMR8ADT.zip,ML,Mali,MR,Homens (Men's Recode),"Dados individuais de homens (15-49/59 anos), trabalho, saúde e conhecimentos reprodutivos.",Homens_MR,8A,Stata (.dta),613,https://dhsprogram.com/customcf/legacy/data/download_dataset.cfm?Filename=MLMR8ADT.zip&Tp=1&Ctry_Code=ML&surv_id=613&dm=1&dmode=nm,Mali/Homens_MR/MLMR8ADT.zip
MLPR32DT.zip,ML,Mali,PR,Moradores (Household Member Recode),"Informações demográficas de todos os moradores do domicílio (idade, sexo, educação).",Moradores_PR,32,Stata (.dta),77,https://dhsprogram.com/customcf/legacy/data/download_dataset.cfm?Filename=MLPR32DT.zip&Tp=1&Ctry_Code=ML&surv_id=77&dm=1&dmode=nm,Mali/Moradores_PR/MLPR32DT.zip
MLPR41DT.zip,ML,Mali,PR,Moradores (Household Member Recode),"Informações demográficas de todos os moradores do domicílio (idade, sexo, educação).",Moradores_PR,41,Stata (.dta),159,https://dhsprogram.com/customcf/legacy/data/download_dataset.cfm?Filename=MLPR41DT.zip&Tp=1&Ctry_Code=ML&surv_id=159&dm=1&dmode=nm,Mali/Moradores_PR/MLPR41DT.zip
MLPR53DT.zip,ML,Mali,PR,Moradores (Household Member Recode),"Informações demográficas de todos os moradores do domicílio (idade, sexo, educação).",Moradores_PR,53,Stata (.dta),276,https://dhsprogram.com/customcf/legacy/data/download_dataset.cfm?Filename=MLPR53DT.zip&Tp=1&Ctry_Code=ML&surv_id=276&dm=1&dmode=nm,Mali/Moradores_PR/MLPR53DT.zip
MLPR61DT.zip,ML,Mali,PR,Moradores (Household Member Recode),"Informações demográficas de todos os moradores do domicílio (idade, sexo, educação).",Moradores_PR,61,Stata (.dta),387,https://dhsprogram.com/customcf/legacy/data/download_dataset.cfm?Filename=MLPR61DT.zip&Tp=1&Ctry_Code=ML&surv_id=387&dm=1&dmode=nm,Mali/Moradores_PR/MLPR61DT.zip
MLPR6ADT.zip,ML,Mali,PR,Moradores (Household Member Recode),"Informações demográficas de todos os moradores do domicílio (idade, sexo, educação).",Moradores_PR,6A,Stata (.dta),405,https://dhsprogram.com/customcf/legacy/data/download_dataset.cfm?Filename=MLPR6ADT.zip&Tp=1&Ctry_Code=ML&surv_id=405&dm=1&dmode=nm,Mali/Moradores_PR/MLPR6ADT.zip
MLPR72DT.zip,ML,Mali,PR,Moradores (Household Member Recode),"Informações demográficas de todos os moradores do domicílio (idade, sexo, educação).",Moradores_PR,72,Stata (.dta),487,https://dhsprogram.com/customcf/legacy/data/download_dataset.cfm?Filename=MLPR72DT.zip&Tp=1&Ctry_Code=ML&surv_id=487&dm=1&dmode=nm,Mali/Moradores_PR/MLPR72DT.zip
MLPR7ADT.zip,ML,Mali,PR,Moradores (Household Member Recode),"Informações demográficas de todos os moradores do domicílio (idade, sexo, educação).",Moradores_PR,7A,Stata (.dta),517,https://dhsprogram.com/customcf/legacy/data/download_dataset.cfm?Filename=MLPR7ADT.zip&Tp=1&Ctry_Code=ML&surv_id=517&dm=1&dmode=nm,Mali/Moradores_PR/MLPR7ADT.zip
MLPR83DT.zip,ML,Mali,PR,Moradores (Household Member Recode),"Informações demográficas de todos os moradores do domicílio (idade, sexo, educação).",Moradores_PR,83,Stata (.dta),574,https://dhsprogram.com/customcf/legacy/data/download_dataset.cfm?Filename=MLPR83DT.zip&Tp=1&Ctry_Code=ML&surv_id=574&dm=1&dmode=nm,Mali/Moradores_PR/MLPR83DT.zip
MLPR8ADT.zip,ML,Mali,PR,Moradores (Household Member Recode),"Informações demográficas de todos os moradores do domicílio (idade, sexo, educação).",Moradores_PR,8A,Stata (.dta),613,https://dhsprogram.com/customcf/legacy/data/download_dataset.cfm?Filename=MLPR8ADT.zip&Tp=1&Ctry_Code=ML&surv_id=613&dm=1&dmode=nm,Mali/Moradores_PR/MLPR8ADT.zip
MLSQ31DT.zip,ML,Mali,SQ,Serviços de Saúde (Service Questionnaire),Disponibilidade e infraestrutura dos serviços de saúde comunitários.,Servicos_Saude_SQ,31,Stata (.dta),77,https://dhsprogram.com/customcf/legacy/data/download_dataset.cfm?Filename=MLSQ31DT.zip&Tp=1&Ctry_Code=ML&surv_id=77&dm=1&dmode=nm,Mali/Servicos_Saude_SQ/MLSQ31DT.zip
MLSQ42DT.zip,ML,Mali,SQ,Serviços de Saúde (Service Questionnaire),Disponibilidade e infraestrutura dos serviços de saúde comunitários.,Servicos_Saude_SQ,42,Stata (.dta),159,https://dhsprogram.com/customcf/legacy/data/download_dataset.cfm?Filename=MLSQ42DT.zip&Tp=1&Ctry_Code=ML&surv_id=159&dm=1&dmode=nm,Mali/Servicos_Saude_SQ/MLSQ42DT.zip
MLWI32DT.zip,ML,Mali,WI,Índice de Riqueza (Wealth Index),Pontuação e quintil do índice de riqueza socioeconômica.,Riqueza_WI,32,Stata (.dta),77,https://dhsprogram.com/customcf/legacy/data/download_dataset.cfm?Filename=MLWI32DT.zip&Tp=1&Ctry_Code=ML&surv_id=77&dm=1&dmode=nm,Mali/Riqueza_WI/MLWI32DT.zip
MLWI42DT.zip,ML,Mali,WI,Índice de Riqueza (Wealth Index),Pontuação e quintil do índice de riqueza socioeconômica.,Riqueza_WI,42,Stata (.dta),159,https://dhsprogram.com/customcf/legacy/data/download_dataset.cfm?Filename=MLWI42DT.zip&Tp=1&Ctry_Code=ML&surv_id=159&dm=1&dmode=nm,Mali/Riqueza_WI/MLWI42DT.zip
MZBR31DT.zip,MZ,Moçambique,BR,Nascimentos (Births Recode),"Histórico de nascimentos das mulheres entrevistadas, partos, peso ao nascer e mortalidade infantil.",Nascimentos_BR,31,Stata (.dta),105,https://dhsprogram.com/customcf/legacy/data/download_dataset.cfm?Filename=MZBR31DT.zip&Tp=1&Ctry_Code=MZ&surv_id=105&dm=1&dmode=nm,Moçambique/Nascimentos_BR/MZBR31DT.zip
MZBR41DT.zip,MZ,Moçambique,BR,Nascimentos (Births Recode),"Histórico de nascimentos das mulheres entrevistadas, partos, peso ao nascer e mortalidade infantil.",Nascimentos_BR,41,Stata (.dta),174,https://dhsprogram.com/customcf/legacy/data/download_dataset.cfm?Filename=MZBR41DT.zip&Tp=1&Ctry_Code=MZ&surv_id=174&dm=1&dmode=nm,Moçambique/Nascimentos_BR/MZBR41DT.zip
MZBR62DT.zip,MZ,Moçambique,BR,Nascimentos (Births Recode),"Histórico de nascimentos das mulheres entrevistadas, partos, peso ao nascer e mortalidade infantil.",Nascimentos_BR,62,Stata (.dta),362,https://dhsprogram.com/customcf/legacy/data/download_dataset.cfm?Filename=MZBR62DT.zip&Tp=1&Ctry_Code=MZ&surv_id=362&dm=1&dmode=nm,Moçambique/Nascimentos_BR/MZBR62DT.zip
MZBR71DT.zip,MZ,Moçambique,BR,Nascimentos (Births Recode),"Histórico de nascimentos das mulheres entrevistadas, partos, peso ao nascer e mortalidade infantil.",Nascimentos_BR,71,Stata (.dta),467,https://dhsprogram.com/customcf/legacy/data/download_dataset.cfm?Filename=MZBR71DT.zip&Tp=1&Ctry_Code=MZ&surv_id=467&dm=1&dmode=nm,Moçambique/Nascimentos_BR/MZBR71DT.zip
MZBR82DT.zip,MZ,Moçambique,BR,Nascimentos (Births Recode),"Histórico de nascimentos das mulheres entrevistadas, partos, peso ao nascer e mortalidade infantil.",Nascimentos_BR,82,Stata (.dta),564,https://dhsprogram.com/customcf/legacy/data/download_dataset.cfm?Filename=MZBR82DT.zip&Tp=1&Ctry_Code=MZ&surv_id=564&dm=1&dmode=nm,Moçambique/Nascimentos_BR/MZBR82DT.zip
MZCR31DT.zip,MZ,Moçambique,CR,Casais (Couples Recode),Dados conjuntos de casais casados ou vivendo em união estável.,Casais_CR,31,Stata (.dta),105,https://dhsprogram.com/customcf/legacy/data/download_dataset.cfm?Filename=MZCR31DT.zip&Tp=1&Ctry_Code=MZ&surv_id=105&dm=1&dmode=nm,Moçambique/Casais_CR/MZCR31DT.zip
MZCR41DT.zip,MZ,Moçambique,CR,Casais (Couples Recode),Dados conjuntos de casais casados ou vivendo em união estável.,Casais_CR,41,Stata (.dta),174,https://dhsprogram.com/customcf/legacy/data/download_dataset.cfm?Filename=MZCR41DT.zip&Tp=1&Ctry_Code=MZ&surv_id=174&dm=1&dmode=nm,Moçambique/Casais_CR/MZCR41DT.zip
MZCR62DT.zip,MZ,Moçambique,CR,Casais (Couples Recode),Dados conjuntos de casais casados ou vivendo em união estável.,Casais_CR,62,Stata (.dta),362,https://dhsprogram.com/customcf/legacy/data/download_dataset.cfm?Filename=MZCR62DT.zip&Tp=1&Ctry_Code=MZ&surv_id=362&dm=1&dmode=nm,Moçambique/Casais_CR/MZCR62DT.zip
MZCR71DT.zip,MZ,Moçambique,CR,Casais (Couples Recode),Dados conjuntos de casais casados ou vivendo em união estável.,Casais_CR,71,Stata (.dta),467,https://dhsprogram.com/customcf/legacy/data/download_dataset.cfm?Filename=MZCR71DT.zip&Tp=1&Ctry_Code=MZ&surv_id=467&dm=1&dmode=nm,Moçambique/Casais_CR/MZCR71DT.zip
MZCR82DT.zip,MZ,Moçambique,CR,Casais (Couples Recode),Dados conjuntos de casais casados ou vivendo em união estável.,Casais_CR,82,Stata (.dta),564,https://dhsprogram.com/customcf/legacy/data/download_dataset.cfm?Filename=MZCR82DT.zip&Tp=1&Ctry_Code=MZ&surv_id=564&dm=1&dmode=nm,Moçambique/Casais_CR/MZCR82DT.zip
MZHR31DT.zip,MZ,Moçambique,HR,Domicílios (Household Recode),"Características do domicílio, saneamento básico, fontes de água, bens e bens duráveis.",Domicilios_HR,31,Stata (.dta),105,https://dhsprogram.com/customcf/legacy/data/download_dataset.cfm?Filename=MZHR31DT.zip&Tp=1&Ctry_Code=MZ&surv_id=105&dm=1&dmode=nm,Moçambique/Domicilios_HR/MZHR31DT.zip
MZHR41DT.zip,MZ,Moçambique,HR,Domicílios (Household Recode),"Características do domicílio, saneamento básico, fontes de água, bens e bens duráveis.",Domicilios_HR,41,Stata (.dta),174,https://dhsprogram.com/customcf/legacy/data/download_dataset.cfm?Filename=MZHR41DT.zip&Tp=1&Ctry_Code=MZ&surv_id=174&dm=1&dmode=nm,Moçambique/Domicilios_HR/MZHR41DT.zip
MZHR51DT.zip,MZ,Moçambique,HR,Domicílios (Household Recode),"Características do domicílio, saneamento básico, fontes de água, bens e bens duráveis.",Domicilios_HR,51,Stata (.dta),322,https://dhsprogram.com/customcf/legacy/data/download_dataset.cfm?Filename=MZHR51DT.zip&Tp=1&Ctry_Code=MZ&surv_id=322&dm=1&dmode=nm,Moçambique/Domicilios_HR/MZHR51DT.zip
MZHR62DT.zip,MZ,Moçambique,HR,Domicílios (Household Recode),"Características do domicílio, saneamento básico, fontes de água, bens e bens duráveis.",Domicilios_HR,62,Stata (.dta),362,https://dhsprogram.com/customcf/legacy/data/download_dataset.cfm?Filename=MZHR62DT.zip&Tp=1&Ctry_Code=MZ&surv_id=362&dm=1&dmode=nm,Moçambique/Domicilios_HR/MZHR62DT.zip
MZHR71DT.zip,MZ,Moçambique,HR,Domicílios (Household Recode),"Características do domicílio, saneamento básico, fontes de água, bens e bens duráveis.",Domicilios_HR,71,Stata (.dta),467,https://dhsprogram.com/customcf/legacy/data/download_dataset.cfm?Filename=MZHR71DT.zip&Tp=1&Ctry_Code=MZ&surv_id=467&dm=1&dmode=nm,Moçambique/Domicilios_HR/MZHR71DT.zip
MZHR7ADT.zip,MZ,Moçambique,HR,Domicílios (Household Recode),"Características do domicílio, saneamento básico, fontes de água, bens e bens duráveis.",Domicilios_HR,7A,Stata (.dta),527,https://dhsprogram.com/customcf/legacy/data/download_dataset.cfm?Filename=MZHR7ADT.zip&Tp=1&Ctry_Code=MZ&surv_id=527&dm=1&dmode=nm,Moçambique/Domicilios_HR/MZHR7ADT.zip
MZHR82DT.zip,MZ,Moçambique,HR,Domicílios (Household Recode),"Características do domicílio, saneamento básico, fontes de água, bens e bens duráveis.",Domicilios_HR,82,Stata (.dta),564,https://dhsprogram.com/customcf/legacy/data/download_dataset.cfm?Filename=MZHR82DT.zip&Tp=1&Ctry_Code=MZ&surv_id=564&dm=1&dmode=nm,Moçambique/Domicilios_HR/MZHR82DT.zip
MZHW31DT.zip,MZ,Moçambique,HW,Antropometria (Height and Weight),"Medições de altura, peso e escores nutricionais de mães e crianças.",Antropometria_HW,31,Stata (.dta),105,https://dhsprogram.com/customcf/legacy/data/download_dataset.cfm?Filename=MZHW31DT.zip&Tp=1&Ctry_Code=MZ&surv_id=105&dm=1&dmode=nm,Moçambique/Antropometria_HW/MZHW31DT.zip
MZHW41DT.zip,MZ,Moçambique,HW,Antropometria (Height and Weight),"Medições de altura, peso e escores nutricionais de mães e crianças.",Antropometria_HW,41,Stata (.dta),174,https://dhsprogram.com/customcf/legacy/data/download_dataset.cfm?Filename=MZHW41DT.zip&Tp=1&Ctry_Code=MZ&surv_id=174&dm=1&dmode=nm,Moçambique/Antropometria_HW/MZHW41DT.zip
MZIR31DT.zip,MZ,Moçambique,IR,Mulheres (Individual Recode),"Dados individuais de mulheres (15-49 anos). Inclui saúde reprodutiva, maternidade, pré-natal, etc. [BÔNUS SAÚDE DA MULHER]",Saude_da_Mulher_IR,31,Stata (.dta),105,https://dhsprogram.com/customcf/legacy/data/download_dataset.cfm?Filename=MZIR31DT.zip&Tp=1&Ctry_Code=MZ&surv_id=105&dm=1&dmode=nm,Moçambique/Saude_da_Mulher_IR/MZIR31DT.zip
MZIR41DT.zip,MZ,Moçambique,IR,Mulheres (Individual Recode),"Dados individuais de mulheres (15-49 anos). Inclui saúde reprodutiva, maternidade, pré-natal, etc. [BÔNUS SAÚDE DA MULHER]",Saude_da_Mulher_IR,41,Stata (.dta),174,https://dhsprogram.com/customcf/legacy/data/download_dataset.cfm?Filename=MZIR41DT.zip&Tp=1&Ctry_Code=MZ&surv_id=174&dm=1&dmode=nm,Moçambique/Saude_da_Mulher_IR/MZIR41DT.zip
MZIR51DT.zip,MZ,Moçambique,IR,Mulheres (Individual Recode),"Dados individuais de mulheres (15-49 anos). Inclui saúde reprodutiva, maternidade, pré-natal, etc. [BÔNUS SAÚDE DA MULHER]",Saude_da_Mulher_IR,51,Stata (.dta),322,https://dhsprogram.com/customcf/legacy/data/download_dataset.cfm?Filename=MZIR51DT.zip&Tp=1&Ctry_Code=MZ&surv_id=322&dm=1&dmode=nm,Moçambique/Saude_da_Mulher_IR/MZIR51DT.zip
MZIR62DT.zip,MZ,Moçambique,IR,Mulheres (Individual Recode),"Dados individuais de mulheres (15-49 anos). Inclui saúde reprodutiva, maternidade, pré-natal, etc. [BÔNUS SAÚDE DA MULHER]",Saude_da_Mulher_IR,62,Stata (.dta),362,https://dhsprogram.com/customcf/legacy/data/download_dataset.cfm?Filename=MZIR62DT.zip&Tp=1&Ctry_Code=MZ&surv_id=362&dm=1&dmode=nm,Moçambique/Saude_da_Mulher_IR/MZIR62DT.zip
MZIR71DT.zip,MZ,Moçambique,IR,Mulheres (Individual Recode),"Dados individuais de mulheres (15-49 anos). Inclui saúde reprodutiva, maternidade, pré-natal, etc. [BÔNUS SAÚDE DA MULHER]",Saude_da_Mulher_IR,71,Stata (.dta),467,https://dhsprogram.com/customcf/legacy/data/download_dataset.cfm?Filename=MZIR71DT.zip&Tp=1&Ctry_Code=MZ&surv_id=467&dm=1&dmode=nm,Moçambique/Saude_da_Mulher_IR/MZIR71DT.zip
MZIR7ADT.zip,MZ,Moçambique,IR,Mulheres (Individual Recode),"Dados individuais de mulheres (15-49 anos). Inclui saúde reprodutiva, maternidade, pré-natal, etc. [BÔNUS SAÚDE DA MULHER]",Saude_da_Mulher_IR,7A,Stata (.dta),527,https://dhsprogram.com/customcf/legacy/data/download_dataset.cfm?Filename=MZIR7ADT.zip&Tp=1&Ctry_Code=MZ&surv_id=527&dm=1&dmode=nm,Moçambique/Saude_da_Mulher_IR/MZIR7ADT.zip
MZIR82DT.zip,MZ,Moçambique,IR,Mulheres (Individual Recode),"Dados individuais de mulheres (15-49 anos). Inclui saúde reprodutiva, maternidade, pré-natal, etc. [BÔNUS SAÚDE DA MULHER]",Saude_da_Mulher_IR,82,Stata (.dta),564,https://dhsprogram.com/customcf/legacy/data/download_dataset.cfm?Filename=MZIR82DT.zip&Tp=1&Ctry_Code=MZ&surv_id=564&dm=1&dmode=nm,Moçambique/Saude_da_Mulher_IR/MZIR82DT.zip
MZKR31DT.zip,MZ,Moçambique,KR,Crianças (Children's Recode),"Crianças menores de 5 anos de idade, vacinação, nutrição, amamentação e episódios de doenças.",Criancas_KR,31,Stata (.dta),105,https://dhsprogram.com/customcf/legacy/data/download_dataset.cfm?Filename=MZKR31DT.zip&Tp=1&Ctry_Code=MZ&surv_id=105&dm=1&dmode=nm,Moçambique/Criancas_KR/MZKR31DT.zip
MZKR41DT.zip,MZ,Moçambique,KR,Crianças (Children's Recode),"Crianças menores de 5 anos de idade, vacinação, nutrição, amamentação e episódios de doenças.",Criancas_KR,41,Stata (.dta),174,https://dhsprogram.com/customcf/legacy/data/download_dataset.cfm?Filename=MZKR41DT.zip&Tp=1&Ctry_Code=MZ&surv_id=174&dm=1&dmode=nm,Moçambique/Criancas_KR/MZKR41DT.zip
MZKR62DT.zip,MZ,Moçambique,KR,Crianças (Children's Recode),"Crianças menores de 5 anos de idade, vacinação, nutrição, amamentação e episódios de doenças.",Criancas_KR,62,Stata (.dta),362,https://dhsprogram.com/customcf/legacy/data/download_dataset.cfm?Filename=MZKR62DT.zip&Tp=1&Ctry_Code=MZ&surv_id=362&dm=1&dmode=nm,Moçambique/Criancas_KR/MZKR62DT.zip
MZKR71DT.zip,MZ,Moçambique,KR,Crianças (Children's Recode),"Crianças menores de 5 anos de idade, vacinação, nutrição, amamentação e episódios de doenças.",Criancas_KR,71,Stata (.dta),467,https://dhsprogram.com/customcf/legacy/data/download_dataset.cfm?Filename=MZKR71DT.zip&Tp=1&Ctry_Code=MZ&surv_id=467&dm=1&dmode=nm,Moçambique/Criancas_KR/MZKR71DT.zip
MZKR7ADT.zip,MZ,Moçambique,KR,Crianças (Children's Recode),"Crianças menores de 5 anos de idade, vacinação, nutrição, amamentação e episódios de doenças.",Criancas_KR,7A,Stata (.dta),527,https://dhsprogram.com/customcf/legacy/data/download_dataset.cfm?Filename=MZKR7ADT.zip&Tp=1&Ctry_Code=MZ&surv_id=527&dm=1&dmode=nm,Moçambique/Criancas_KR/MZKR7ADT.zip
MZKR82DT.zip,MZ,Moçambique,KR,Crianças (Children's Recode),"Crianças menores de 5 anos de idade, vacinação, nutrição, amamentação e episódios de doenças.",Criancas_KR,82,Stata (.dta),564,https://dhsprogram.com/customcf/legacy/data/download_dataset.cfm?Filename=MZKR82DT.zip&Tp=1&Ctry_Code=MZ&surv_id=564&dm=1&dmode=nm,Moçambique/Criancas_KR/MZKR82DT.zip
MZMR31DT.zip,MZ,Moçambique,MR,Homens (Men's Recode),"Dados individuais de homens (15-49/59 anos), trabalho, saúde e conhecimentos reprodutivos.",Homens_MR,31,Stata (.dta),105,https://dhsprogram.com/customcf/legacy/data/download_dataset.cfm?Filename=MZMR31DT.zip&Tp=1&Ctry_Code=MZ&surv_id=105&dm=1&dmode=nm,Moçambique/Homens_MR/MZMR31DT.zip
MZMR41DT.zip,MZ,Moçambique,MR,Homens (Men's Recode),"Dados individuais de homens (15-49/59 anos), trabalho, saúde e conhecimentos reprodutivos.",Homens_MR,41,Stata (.dta),174,https://dhsprogram.com/customcf/legacy/data/download_dataset.cfm?Filename=MZMR41DT.zip&Tp=1&Ctry_Code=MZ&surv_id=174&dm=1&dmode=nm,Moçambique/Homens_MR/MZMR41DT.zip
MZMR62DT.zip,MZ,Moçambique,MR,Homens (Men's Recode),"Dados individuais de homens (15-49/59 anos), trabalho, saúde e conhecimentos reprodutivos.",Homens_MR,62,Stata (.dta),362,https://dhsprogram.com/customcf/legacy/data/download_dataset.cfm?Filename=MZMR62DT.zip&Tp=1&Ctry_Code=MZ&surv_id=362&dm=1&dmode=nm,Moçambique/Homens_MR/MZMR62DT.zip
MZMR71DT.zip,MZ,Moçambique,MR,Homens (Men's Recode),"Dados individuais de homens (15-49/59 anos), trabalho, saúde e conhecimentos reprodutivos.",Homens_MR,71,Stata (.dta),467,https://dhsprogram.com/customcf/legacy/data/download_dataset.cfm?Filename=MZMR71DT.zip&Tp=1&Ctry_Code=MZ&surv_id=467&dm=1&dmode=nm,Moçambique/Homens_MR/MZMR71DT.zip
MZMR81DT.zip,MZ,Moçambique,MR,Homens (Men's Recode),"Dados individuais de homens (15-49/59 anos), trabalho, saúde e conhecimentos reprodutivos.",Homens_MR,81,Stata (.dta),564,https://dhsprogram.com/customcf/legacy/data/download_dataset.cfm?Filename=MZMR81DT.zip&Tp=1&Ctry_Code=MZ&surv_id=564&dm=1&dmode=nm,Moçambique/Homens_MR/MZMR81DT.zip
MZOD51DT.zip,MZ,Moçambique,OD,Outros Dados (Other Data),Módulos complementares ou datasets especiais.,Outros_OD,51,Stata (.dta),322,https://dhsprogram.com/customcf/legacy/data/download_dataset.cfm?Filename=MZOD51DT.zip&Tp=1&Ctry_Code=MZ&surv_id=322&dm=1&dmode=nm,Moçambique/Outros_OD/MZOD51DT.zip
MZPR31DT.zip,MZ,Moçambique,PR,Moradores (Household Member Recode),"Informações demográficas de todos os moradores do domicílio (idade, sexo, educação).",Moradores_PR,31,Stata (.dta),105,https://dhsprogram.com/customcf/legacy/data/download_dataset.cfm?Filename=MZPR31DT.zip&Tp=1&Ctry_Code=MZ&surv_id=105&dm=1&dmode=nm,Moçambique/Moradores_PR/MZPR31DT.zip
MZPR41DT.zip,MZ,Moçambique,PR,Moradores (Household Member Recode),"Informações demográficas de todos os moradores do domicílio (idade, sexo, educação).",Moradores_PR,41,Stata (.dta),174,https://dhsprogram.com/customcf/legacy/data/download_dataset.cfm?Filename=MZPR41DT.zip&Tp=1&Ctry_Code=MZ&surv_id=174&dm=1&dmode=nm,Moçambique/Moradores_PR/MZPR41DT.zip
MZPR51DT.zip,MZ,Moçambique,PR,Moradores (Household Member Recode),"Informações demográficas de todos os moradores do domicílio (idade, sexo, educação).",Moradores_PR,51,Stata (.dta),322,https://dhsprogram.com/customcf/legacy/data/download_dataset.cfm?Filename=MZPR51DT.zip&Tp=1&Ctry_Code=MZ&surv_id=322&dm=1&dmode=nm,Moçambique/Moradores_PR/MZPR51DT.zip
MZPR62DT.zip,MZ,Moçambique,PR,Moradores (Household Member Recode),"Informações demográficas de todos os moradores do domicílio (idade, sexo, educação).",Moradores_PR,62,Stata (.dta),362,https://dhsprogram.com/customcf/legacy/data/download_dataset.cfm?Filename=MZPR62DT.zip&Tp=1&Ctry_Code=MZ&surv_id=362&dm=1&dmode=nm,Moçambique/Moradores_PR/MZPR62DT.zip
MZPR71DT.zip,MZ,Moçambique,PR,Moradores (Household Member Recode),"Informações demográficas de todos os moradores do domicílio (idade, sexo, educação).",Moradores_PR,71,Stata (.dta),467,https://dhsprogram.com/customcf/legacy/data/download_dataset.cfm?Filename=MZPR71DT.zip&Tp=1&Ctry_Code=MZ&surv_id=467&dm=1&dmode=nm,Moçambique/Moradores_PR/MZPR71DT.zip
MZPR7ADT.zip,MZ,Moçambique,PR,Moradores (Household Member Recode),"Informações demográficas de todos os moradores do domicílio (idade, sexo, educação).",Moradores_PR,7A,Stata (.dta),527,https://dhsprogram.com/customcf/legacy/data/download_dataset.cfm?Filename=MZPR7ADT.zip&Tp=1&Ctry_Code=MZ&surv_id=527&dm=1&dmode=nm,Moçambique/Moradores_PR/MZPR7ADT.zip
MZPR82DT.zip,MZ,Moçambique,PR,Moradores (Household Member Recode),"Informações demográficas de todos os moradores do domicílio (idade, sexo, educação).",Moradores_PR,82,Stata (.dta),564,https://dhsprogram.com/customcf/legacy/data/download_dataset.cfm?Filename=MZPR82DT.zip&Tp=1&Ctry_Code=MZ&surv_id=564&dm=1&dmode=nm,Moçambique/Moradores_PR/MZPR82DT.zip
MZWI31DT.zip,MZ,Moçambique,WI,Índice de Riqueza (Wealth Index),Pontuação e quintil do índice de riqueza socioeconômica.,Riqueza_WI,31,Stata (.dta),105,https://dhsprogram.com/customcf/legacy/data/download_dataset.cfm?Filename=MZWI31DT.zip&Tp=1&Ctry_Code=MZ&surv_id=105&dm=1&dmode=nm,Moçambique/Riqueza_WI/MZWI31DT.zip
NMBR21DT.zip,NM,Namíbia,BR,Nascimentos (Births Recode),"Histórico de nascimentos das mulheres entrevistadas, partos, peso ao nascer e mortalidade infantil.",Nascimentos_BR,21,Stata (.dta),48,https://dhsprogram.com/customcf/legacy/data/download_dataset.cfm?Filename=NMBR21DT.zip&Tp=1&Ctry_Code=NM&surv_id=48&dm=1&dmode=nm,Namíbia/Nascimentos_BR/NMBR21DT.zip
NMBR41DT.zip,NM,Namíbia,BR,Nascimentos (Births Recode),"Histórico de nascimentos das mulheres entrevistadas, partos, peso ao nascer e mortalidade infantil.",Nascimentos_BR,41,Stata (.dta),205,https://dhsprogram.com/customcf/legacy/data/download_dataset.cfm?Filename=NMBR41DT.zip&Tp=1&Ctry_Code=NM&surv_id=205&dm=1&dmode=nm,Namíbia/Nascimentos_BR/NMBR41DT.zip
NMBR51DT.zip,NM,Namíbia,BR,Nascimentos (Births Recode),"Histórico de nascimentos das mulheres entrevistadas, partos, peso ao nascer e mortalidade infantil.",Nascimentos_BR,51,Stata (.dta),284,https://dhsprogram.com/customcf/legacy/data/download_dataset.cfm?Filename=NMBR51DT.zip&Tp=1&Ctry_Code=NM&surv_id=284&dm=1&dmode=nm,Namíbia/Nascimentos_BR/NMBR51DT.zip
NMBR61DT.zip,NM,Namíbia,BR,Nascimentos (Births Recode),"Histórico de nascimentos das mulheres entrevistadas, partos, peso ao nascer e mortalidade infantil.",Nascimentos_BR,61,Stata (.dta),363,https://dhsprogram.com/customcf/legacy/data/download_dataset.cfm?Filename=NMBR61DT.zip&Tp=1&Ctry_Code=NM&surv_id=363&dm=1&dmode=nm,Namíbia/Nascimentos_BR/NMBR61DT.zip
NMCR41DT.zip,NM,Namíbia,CR,Casais (Couples Recode),Dados conjuntos de casais casados ou vivendo em união estável.,Casais_CR,41,Stata (.dta),205,https://dhsprogram.com/customcf/legacy/data/download_dataset.cfm?Filename=NMCR41DT.zip&Tp=1&Ctry_Code=NM&surv_id=205&dm=1&dmode=nm,Namíbia/Casais_CR/NMCR41DT.zip
NMCR51DT.zip,NM,Namíbia,CR,Casais (Couples Recode),Dados conjuntos de casais casados ou vivendo em união estável.,Casais_CR,51,Stata (.dta),284,https://dhsprogram.com/customcf/legacy/data/download_dataset.cfm?Filename=NMCR51DT.zip&Tp=1&Ctry_Code=NM&surv_id=284&dm=1&dmode=nm,Namíbia/Casais_CR/NMCR51DT.zip
NMCR61DT.zip,NM,Namíbia,CR,Casais (Couples Recode),Dados conjuntos de casais casados ou vivendo em união estável.,Casais_CR,61,Stata (.dta),363,https://dhsprogram.com/customcf/legacy/data/download_dataset.cfm?Filename=NMCR61DT.zip&Tp=1&Ctry_Code=NM&surv_id=363&dm=1&dmode=nm,Namíbia/Casais_CR/NMCR61DT.zip
NMHR21DT.zip,NM,Namíbia,HR,Domicílios (Household Recode),"Características do domicílio, saneamento básico, fontes de água, bens e bens duráveis.",Domicilios_HR,21,Stata (.dta),48,https://dhsprogram.com/customcf/legacy/data/download_dataset.cfm?Filename=NMHR21DT.zip&Tp=1&Ctry_Code=NM&surv_id=48&dm=1&dmode=nm,Namíbia/Domicilios_HR/NMHR21DT.zip
NMHR41DT.zip,NM,Namíbia,HR,Domicílios (Household Recode),"Características do domicílio, saneamento básico, fontes de água, bens e bens duráveis.",Domicilios_HR,41,Stata (.dta),205,https://dhsprogram.com/customcf/legacy/data/download_dataset.cfm?Filename=NMHR41DT.zip&Tp=1&Ctry_Code=NM&surv_id=205&dm=1&dmode=nm,Namíbia/Domicilios_HR/NMHR41DT.zip
NMHR51DT.zip,NM,Namíbia,HR,Domicílios (Household Recode),"Características do domicílio, saneamento básico, fontes de água, bens e bens duráveis.",Domicilios_HR,51,Stata (.dta),284,https://dhsprogram.com/customcf/legacy/data/download_dataset.cfm?Filename=NMHR51DT.zip&Tp=1&Ctry_Code=NM&surv_id=284&dm=1&dmode=nm,Namíbia/Domicilios_HR/NMHR51DT.zip
NMHR61DT.zip,NM,Namíbia,HR,Domicílios (Household Recode),"Características do domicílio, saneamento básico, fontes de água, bens e bens duráveis.",Domicilios_HR,61,Stata (.dta),363,https://dhsprogram.com/customcf/legacy/data/download_dataset.cfm?Filename=NMHR61DT.zip&Tp=1&Ctry_Code=NM&surv_id=363&dm=1&dmode=nm,Namíbia/Domicilios_HR/NMHR61DT.zip
NMHW21DT.zip,NM,Namíbia,HW,Antropometria (Height and Weight),"Medições de altura, peso e escores nutricionais de mães e crianças.",Antropometria_HW,21,Stata (.dta),48,https://dhsprogram.com/customcf/legacy/data/download_dataset.cfm?Filename=NMHW21DT.zip&Tp=1&Ctry_Code=NM&surv_id=48&dm=1&dmode=nm,Namíbia/Antropometria_HW/NMHW21DT.zip
NMHW41DT.zip,NM,Namíbia,HW,Antropometria (Height and Weight),"Medições de altura, peso e escores nutricionais de mães e crianças.",Antropometria_HW,41,Stata (.dta),205,https://dhsprogram.com/customcf/legacy/data/download_dataset.cfm?Filename=NMHW41DT.zip&Tp=1&Ctry_Code=NM&surv_id=205&dm=1&dmode=nm,Namíbia/Antropometria_HW/NMHW41DT.zip
NMIR21DT.zip,NM,Namíbia,IR,Mulheres (Individual Recode),"Dados individuais de mulheres (15-49 anos). Inclui saúde reprodutiva, maternidade, pré-natal, etc. [BÔNUS SAÚDE DA MULHER]",Saude_da_Mulher_IR,21,Stata (.dta),48,https://dhsprogram.com/customcf/legacy/data/download_dataset.cfm?Filename=NMIR21DT.zip&Tp=1&Ctry_Code=NM&surv_id=48&dm=1&dmode=nm,Namíbia/Saude_da_Mulher_IR/NMIR21DT.zip
NMIR41DT.zip,NM,Namíbia,IR,Mulheres (Individual Recode),"Dados individuais de mulheres (15-49 anos). Inclui saúde reprodutiva, maternidade, pré-natal, etc. [BÔNUS SAÚDE DA MULHER]",Saude_da_Mulher_IR,41,Stata (.dta),205,https://dhsprogram.com/customcf/legacy/data/download_dataset.cfm?Filename=NMIR41DT.zip&Tp=1&Ctry_Code=NM&surv_id=205&dm=1&dmode=nm,Namíbia/Saude_da_Mulher_IR/NMIR41DT.zip
NMIR51DT.zip,NM,Namíbia,IR,Mulheres (Individual Recode),"Dados individuais de mulheres (15-49 anos). Inclui saúde reprodutiva, maternidade, pré-natal, etc. [BÔNUS SAÚDE DA MULHER]",Saude_da_Mulher_IR,51,Stata (.dta),284,https://dhsprogram.com/customcf/legacy/data/download_dataset.cfm?Filename=NMIR51DT.zip&Tp=1&Ctry_Code=NM&surv_id=284&dm=1&dmode=nm,Namíbia/Saude_da_Mulher_IR/NMIR51DT.zip
NMIR61DT.zip,NM,Namíbia,IR,Mulheres (Individual Recode),"Dados individuais de mulheres (15-49 anos). Inclui saúde reprodutiva, maternidade, pré-natal, etc. [BÔNUS SAÚDE DA MULHER]",Saude_da_Mulher_IR,61,Stata (.dta),363,https://dhsprogram.com/customcf/legacy/data/download_dataset.cfm?Filename=NMIR61DT.zip&Tp=1&Ctry_Code=NM&surv_id=363&dm=1&dmode=nm,Namíbia/Saude_da_Mulher_IR/NMIR61DT.zip
NMKR21DT.zip,NM,Namíbia,KR,Crianças (Children's Recode),"Crianças menores de 5 anos de idade, vacinação, nutrição, amamentação e episódios de doenças.",Criancas_KR,21,Stata (.dta),48,https://dhsprogram.com/customcf/legacy/data/download_dataset.cfm?Filename=NMKR21DT.zip&Tp=1&Ctry_Code=NM&surv_id=48&dm=1&dmode=nm,Namíbia/Criancas_KR/NMKR21DT.zip
NMKR41DT.zip,NM,Namíbia,KR,Crianças (Children's Recode),"Crianças menores de 5 anos de idade, vacinação, nutrição, amamentação e episódios de doenças.",Criancas_KR,41,Stata (.dta),205,https://dhsprogram.com/customcf/legacy/data/download_dataset.cfm?Filename=NMKR41DT.zip&Tp=1&Ctry_Code=NM&surv_id=205&dm=1&dmode=nm,Namíbia/Criancas_KR/NMKR41DT.zip
NMKR51DT.zip,NM,Namíbia,KR,Crianças (Children's Recode),"Crianças menores de 5 anos de idade, vacinação, nutrição, amamentação e episódios de doenças.",Criancas_KR,51,Stata (.dta),284,https://dhsprogram.com/customcf/legacy/data/download_dataset.cfm?Filename=NMKR51DT.zip&Tp=1&Ctry_Code=NM&surv_id=284&dm=1&dmode=nm,Namíbia/Criancas_KR/NMKR51DT.zip
NMKR61DT.zip,NM,Namíbia,KR,Crianças (Children's Recode),"Crianças menores de 5 anos de idade, vacinação, nutrição, amamentação e episódios de doenças.",Criancas_KR,61,Stata (.dta),363,https://dhsprogram.com/customcf/legacy/data/download_dataset.cfm?Filename=NMKR61DT.zip&Tp=1&Ctry_Code=NM&surv_id=363&dm=1&dmode=nm,Namíbia/Criancas_KR/NMKR61DT.zip
NMMR41DT.zip,NM,Namíbia,MR,Homens (Men's Recode),"Dados individuais de homens (15-49/59 anos), trabalho, saúde e conhecimentos reprodutivos.",Homens_MR,41,Stata (.dta),205,https://dhsprogram.com/customcf/legacy/data/download_dataset.cfm?Filename=NMMR41DT.zip&Tp=1&Ctry_Code=NM&surv_id=205&dm=1&dmode=nm,Namíbia/Homens_MR/NMMR41DT.zip
NMMR51DT.zip,NM,Namíbia,MR,Homens (Men's Recode),"Dados individuais de homens (15-49/59 anos), trabalho, saúde e conhecimentos reprodutivos.",Homens_MR,51,Stata (.dta),284,https://dhsprogram.com/customcf/legacy/data/download_dataset.cfm?Filename=NMMR51DT.zip&Tp=1&Ctry_Code=NM&surv_id=284&dm=1&dmode=nm,Namíbia/Homens_MR/NMMR51DT.zip
NMMR61DT.zip,NM,Namíbia,MR,Homens (Men's Recode),"Dados individuais de homens (15-49/59 anos), trabalho, saúde e conhecimentos reprodutivos.",Homens_MR,61,Stata (.dta),363,https://dhsprogram.com/customcf/legacy/data/download_dataset.cfm?Filename=NMMR61DT.zip&Tp=1&Ctry_Code=NM&surv_id=363&dm=1&dmode=nm,Namíbia/Homens_MR/NMMR61DT.zip
NMPR21DT.zip,NM,Namíbia,PR,Moradores (Household Member Recode),"Informações demográficas de todos os moradores do domicílio (idade, sexo, educação).",Moradores_PR,21,Stata (.dta),48,https://dhsprogram.com/customcf/legacy/data/download_dataset.cfm?Filename=NMPR21DT.zip&Tp=1&Ctry_Code=NM&surv_id=48&dm=1&dmode=nm,Namíbia/Moradores_PR/NMPR21DT.zip
NMPR41DT.zip,NM,Namíbia,PR,Moradores (Household Member Recode),"Informações demográficas de todos os moradores do domicílio (idade, sexo, educação).",Moradores_PR,41,Stata (.dta),205,https://dhsprogram.com/customcf/legacy/data/download_dataset.cfm?Filename=NMPR41DT.zip&Tp=1&Ctry_Code=NM&surv_id=205&dm=1&dmode=nm,Namíbia/Moradores_PR/NMPR41DT.zip
NMPR52DT.zip,NM,Namíbia,PR,Moradores (Household Member Recode),"Informações demográficas de todos os moradores do domicílio (idade, sexo, educação).",Moradores_PR,52,Stata (.dta),284,https://dhsprogram.com/customcf/legacy/data/download_dataset.cfm?Filename=NMPR52DT.zip&Tp=1&Ctry_Code=NM&surv_id=284&dm=1&dmode=nm,Namíbia/Moradores_PR/NMPR52DT.zip
NMPR61DT.zip,NM,Namíbia,PR,Moradores (Household Member Recode),"Informações demográficas de todos os moradores do domicílio (idade, sexo, educação).",Moradores_PR,61,Stata (.dta),363,https://dhsprogram.com/customcf/legacy/data/download_dataset.cfm?Filename=NMPR61DT.zip&Tp=1&Ctry_Code=NM&surv_id=363&dm=1&dmode=nm,Namíbia/Moradores_PR/NMPR61DT.zip
NMWI21DT.zip,NM,Namíbia,WI,Índice de Riqueza (Wealth Index),Pontuação e quintil do índice de riqueza socioeconômica.,Riqueza_WI,21,Stata (.dta),48,https://dhsprogram.com/customcf/legacy/data/download_dataset.cfm?Filename=NMWI21DT.zip&Tp=1&Ctry_Code=NM&surv_id=48&dm=1&dmode=nm,Namíbia/Riqueza_WI/NMWI21DT.zip
NMWI41DT.zip,NM,Namíbia,WI,Índice de Riqueza (Wealth Index),Pontuação e quintil do índice de riqueza socioeconômica.,Riqueza_WI,41,Stata (.dta),205,https://dhsprogram.com/customcf/legacy/data/download_dataset.cfm?Filename=NMWI41DT.zip&Tp=1&Ctry_Code=NM&surv_id=205&dm=1&dmode=nm,Namíbia/Riqueza_WI/NMWI41DT.zip
NIBR22DT.zip,NI,Níger,BR,Nascimentos (Births Recode),"Histórico de nascimentos das mulheres entrevistadas, partos, peso ao nascer e mortalidade infantil.",Nascimentos_BR,22,Stata (.dta),53,https://dhsprogram.com/customcf/legacy/data/download_dataset.cfm?Filename=NIBR22DT.zip&Tp=1&Ctry_Code=NI&surv_id=53&dm=1&dmode=nm,Níger/Nascimentos_BR/NIBR22DT.zip
NIBR31DT.zip,NI,Níger,BR,Nascimentos (Births Recode),"Histórico de nascimentos das mulheres entrevistadas, partos, peso ao nascer e mortalidade infantil.",Nascimentos_BR,31,Stata (.dta),99,https://dhsprogram.com/customcf/legacy/data/download_dataset.cfm?Filename=NIBR31DT.zip&Tp=1&Ctry_Code=NI&surv_id=99&dm=1&dmode=nm,Níger/Nascimentos_BR/NIBR31DT.zip
NIBR51DT.zip,NI,Níger,BR,Nascimentos (Births Recode),"Histórico de nascimentos das mulheres entrevistadas, partos, peso ao nascer e mortalidade infantil.",Nascimentos_BR,51,Stata (.dta),277,https://dhsprogram.com/customcf/legacy/data/download_dataset.cfm?Filename=NIBR51DT.zip&Tp=1&Ctry_Code=NI&surv_id=277&dm=1&dmode=nm,Níger/Nascimentos_BR/NIBR51DT.zip
NIBR61DT.zip,NI,Níger,BR,Nascimentos (Births Recode),"Histórico de nascimentos das mulheres entrevistadas, partos, peso ao nascer e mortalidade infantil.",Nascimentos_BR,61,Stata (.dta),407,https://dhsprogram.com/customcf/legacy/data/download_dataset.cfm?Filename=NIBR61DT.zip&Tp=1&Ctry_Code=NI&surv_id=407&dm=1&dmode=nm,Níger/Nascimentos_BR/NIBR61DT.zip
NICR21DT.zip,NI,Níger,CR,Casais (Couples Recode),Dados conjuntos de casais casados ou vivendo em união estável.,Casais_CR,21,Stata (.dta),53,https://dhsprogram.com/customcf/legacy/data/download_dataset.cfm?Filename=NICR21DT.zip&Tp=1&Ctry_Code=NI&surv_id=53&dm=1&dmode=nm,Níger/Casais_CR/NICR21DT.zip
NICR31DT.zip,NI,Níger,CR,Casais (Couples Recode),Dados conjuntos de casais casados ou vivendo em união estável.,Casais_CR,31,Stata (.dta),99,https://dhsprogram.com/customcf/legacy/data/download_dataset.cfm?Filename=NICR31DT.zip&Tp=1&Ctry_Code=NI&surv_id=99&dm=1&dmode=nm,Níger/Casais_CR/NICR31DT.zip
NICR51DT.zip,NI,Níger,CR,Casais (Couples Recode),Dados conjuntos de casais casados ou vivendo em união estável.,Casais_CR,51,Stata (.dta),277,https://dhsprogram.com/customcf/legacy/data/download_dataset.cfm?Filename=NICR51DT.zip&Tp=1&Ctry_Code=NI&surv_id=277&dm=1&dmode=nm,Níger/Casais_CR/NICR51DT.zip
NICR61DT.zip,NI,Níger,CR,Casais (Couples Recode),Dados conjuntos de casais casados ou vivendo em união estável.,Casais_CR,61,Stata (.dta),407,https://dhsprogram.com/customcf/legacy/data/download_dataset.cfm?Filename=NICR61DT.zip&Tp=1&Ctry_Code=NI&surv_id=407&dm=1&dmode=nm,Níger/Casais_CR/NICR61DT.zip
NIHR22DT.zip,NI,Níger,HR,Domicílios (Household Recode),"Características do domicílio, saneamento básico, fontes de água, bens e bens duráveis.",Domicilios_HR,22,Stata (.dta),53,https://dhsprogram.com/customcf/legacy/data/download_dataset.cfm?Filename=NIHR22DT.zip&Tp=1&Ctry_Code=NI&surv_id=53&dm=1&dmode=nm,Níger/Domicilios_HR/NIHR22DT.zip
NIHR31DT.zip,NI,Níger,HR,Domicílios (Household Recode),"Características do domicílio, saneamento básico, fontes de água, bens e bens duráveis.",Domicilios_HR,31,Stata (.dta),99,https://dhsprogram.com/customcf/legacy/data/download_dataset.cfm?Filename=NIHR31DT.zip&Tp=1&Ctry_Code=NI&surv_id=99&dm=1&dmode=nm,Níger/Domicilios_HR/NIHR31DT.zip
NIHR51DT.zip,NI,Níger,HR,Domicílios (Household Recode),"Características do domicílio, saneamento básico, fontes de água, bens e bens duráveis.",Domicilios_HR,51,Stata (.dta),277,https://dhsprogram.com/customcf/legacy/data/download_dataset.cfm?Filename=NIHR51DT.zip&Tp=1&Ctry_Code=NI&surv_id=277&dm=1&dmode=nm,Níger/Domicilios_HR/NIHR51DT.zip
NIHR61DT.zip,NI,Níger,HR,Domicílios (Household Recode),"Características do domicílio, saneamento básico, fontes de água, bens e bens duráveis.",Domicilios_HR,61,Stata (.dta),407,https://dhsprogram.com/customcf/legacy/data/download_dataset.cfm?Filename=NIHR61DT.zip&Tp=1&Ctry_Code=NI&surv_id=407&dm=1&dmode=nm,Níger/Domicilios_HR/NIHR61DT.zip
NIHR82DT.zip,NI,Níger,HR,Domicílios (Household Recode),"Características do domicílio, saneamento básico, fontes de água, bens e bens duráveis.",Domicilios_HR,82,Stata (.dta),575,https://dhsprogram.com/customcf/legacy/data/download_dataset.cfm?Filename=NIHR82DT.zip&Tp=1&Ctry_Code=NI&surv_id=575&dm=1&dmode=nm,Níger/Domicilios_HR/NIHR82DT.zip
NIHW22DT.zip,NI,Níger,HW,Antropometria (Height and Weight),"Medições de altura, peso e escores nutricionais de mães e crianças.",Antropometria_HW,22,Stata (.dta),53,https://dhsprogram.com/customcf/legacy/data/download_dataset.cfm?Filename=NIHW22DT.zip&Tp=1&Ctry_Code=NI&surv_id=53&dm=1&dmode=nm,Níger/Antropometria_HW/NIHW22DT.zip
NIHW31DT.zip,NI,Níger,HW,Antropometria (Height and Weight),"Medições de altura, peso e escores nutricionais de mães e crianças.",Antropometria_HW,31,Stata (.dta),99,https://dhsprogram.com/customcf/legacy/data/download_dataset.cfm?Filename=NIHW31DT.zip&Tp=1&Ctry_Code=NI&surv_id=99&dm=1&dmode=nm,Níger/Antropometria_HW/NIHW31DT.zip
NIHW51DT.zip,NI,Níger,HW,Antropometria (Height and Weight),"Medições de altura, peso e escores nutricionais de mães e crianças.",Antropometria_HW,51,Stata (.dta),277,https://dhsprogram.com/customcf/legacy/data/download_dataset.cfm?Filename=NIHW51DT.zip&Tp=1&Ctry_Code=NI&surv_id=277&dm=1&dmode=nm,Níger/Antropometria_HW/NIHW51DT.zip
NIIR22DT.zip,NI,Níger,IR,Mulheres (Individual Recode),"Dados individuais de mulheres (15-49 anos). Inclui saúde reprodutiva, maternidade, pré-natal, etc. [BÔNUS SAÚDE DA MULHER]",Saude_da_Mulher_IR,22,Stata (.dta),53,https://dhsprogram.com/customcf/legacy/data/download_dataset.cfm?Filename=NIIR22DT.zip&Tp=1&Ctry_Code=NI&surv_id=53&dm=1&dmode=nm,Níger/Saude_da_Mulher_IR/NIIR22DT.zip
NIIR31DT.zip,NI,Níger,IR,Mulheres (Individual Recode),"Dados individuais de mulheres (15-49 anos). Inclui saúde reprodutiva, maternidade, pré-natal, etc. [BÔNUS SAÚDE DA MULHER]",Saude_da_Mulher_IR,31,Stata (.dta),99,https://dhsprogram.com/customcf/legacy/data/download_dataset.cfm?Filename=NIIR31DT.zip&Tp=1&Ctry_Code=NI&surv_id=99&dm=1&dmode=nm,Níger/Saude_da_Mulher_IR/NIIR31DT.zip
NIIR51DT.zip,NI,Níger,IR,Mulheres (Individual Recode),"Dados individuais de mulheres (15-49 anos). Inclui saúde reprodutiva, maternidade, pré-natal, etc. [BÔNUS SAÚDE DA MULHER]",Saude_da_Mulher_IR,51,Stata (.dta),277,https://dhsprogram.com/customcf/legacy/data/download_dataset.cfm?Filename=NIIR51DT.zip&Tp=1&Ctry_Code=NI&surv_id=277&dm=1&dmode=nm,Níger/Saude_da_Mulher_IR/NIIR51DT.zip
NIIR61DT.zip,NI,Níger,IR,Mulheres (Individual Recode),"Dados individuais de mulheres (15-49 anos). Inclui saúde reprodutiva, maternidade, pré-natal, etc. [BÔNUS SAÚDE DA MULHER]",Saude_da_Mulher_IR,61,Stata (.dta),407,https://dhsprogram.com/customcf/legacy/data/download_dataset.cfm?Filename=NIIR61DT.zip&Tp=1&Ctry_Code=NI&surv_id=407&dm=1&dmode=nm,Níger/Saude_da_Mulher_IR/NIIR61DT.zip
NIIR82DT.zip,NI,Níger,IR,Mulheres (Individual Recode),"Dados individuais de mulheres (15-49 anos). Inclui saúde reprodutiva, maternidade, pré-natal, etc. [BÔNUS SAÚDE DA MULHER]",Saude_da_Mulher_IR,82,Stata (.dta),575,https://dhsprogram.com/customcf/legacy/data/download_dataset.cfm?Filename=NIIR82DT.zip&Tp=1&Ctry_Code=NI&surv_id=575&dm=1&dmode=nm,Níger/Saude_da_Mulher_IR/NIIR82DT.zip
NIKR21DT.zip,NI,Níger,KR,Crianças (Children's Recode),"Crianças menores de 5 anos de idade, vacinação, nutrição, amamentação e episódios de doenças.",Criancas_KR,21,Stata (.dta),53,https://dhsprogram.com/customcf/legacy/data/download_dataset.cfm?Filename=NIKR21DT.zip&Tp=1&Ctry_Code=NI&surv_id=53&dm=1&dmode=nm,Níger/Criancas_KR/NIKR21DT.zip
NIKR31DT.zip,NI,Níger,KR,Crianças (Children's Recode),"Crianças menores de 5 anos de idade, vacinação, nutrição, amamentação e episódios de doenças.",Criancas_KR,31,Stata (.dta),99,https://dhsprogram.com/customcf/legacy/data/download_dataset.cfm?Filename=NIKR31DT.zip&Tp=1&Ctry_Code=NI&surv_id=99&dm=1&dmode=nm,Níger/Criancas_KR/NIKR31DT.zip
NIKR51DT.zip,NI,Níger,KR,Crianças (Children's Recode),"Crianças menores de 5 anos de idade, vacinação, nutrição, amamentação e episódios de doenças.",Criancas_KR,51,Stata (.dta),277,https://dhsprogram.com/customcf/legacy/data/download_dataset.cfm?Filename=NIKR51DT.zip&Tp=1&Ctry_Code=NI&surv_id=277&dm=1&dmode=nm,Níger/Criancas_KR/NIKR51DT.zip
NIKR61DT.zip,NI,Níger,KR,Crianças (Children's Recode),"Crianças menores de 5 anos de idade, vacinação, nutrição, amamentação e episódios de doenças.",Criancas_KR,61,Stata (.dta),407,https://dhsprogram.com/customcf/legacy/data/download_dataset.cfm?Filename=NIKR61DT.zip&Tp=1&Ctry_Code=NI&surv_id=407&dm=1&dmode=nm,Níger/Criancas_KR/NIKR61DT.zip
NIKR82DT.zip,NI,Níger,KR,Crianças (Children's Recode),"Crianças menores de 5 anos de idade, vacinação, nutrição, amamentação e episódios de doenças.",Criancas_KR,82,Stata (.dta),575,https://dhsprogram.com/customcf/legacy/data/download_dataset.cfm?Filename=NIKR82DT.zip&Tp=1&Ctry_Code=NI&surv_id=575&dm=1&dmode=nm,Níger/Criancas_KR/NIKR82DT.zip
NIMR21DT.zip,NI,Níger,MR,Homens (Men's Recode),"Dados individuais de homens (15-49/59 anos), trabalho, saúde e conhecimentos reprodutivos.",Homens_MR,21,Stata (.dta),53,https://dhsprogram.com/customcf/legacy/data/download_dataset.cfm?Filename=NIMR21DT.zip&Tp=1&Ctry_Code=NI&surv_id=53&dm=1&dmode=nm,Níger/Homens_MR/NIMR21DT.zip
NIMR31DT.zip,NI,Níger,MR,Homens (Men's Recode),"Dados individuais de homens (15-49/59 anos), trabalho, saúde e conhecimentos reprodutivos.",Homens_MR,31,Stata (.dta),99,https://dhsprogram.com/customcf/legacy/data/download_dataset.cfm?Filename=NIMR31DT.zip&Tp=1&Ctry_Code=NI&surv_id=99&dm=1&dmode=nm,Níger/Homens_MR/NIMR31DT.zip
NIMR51DT.zip,NI,Níger,MR,Homens (Men's Recode),"Dados individuais de homens (15-49/59 anos), trabalho, saúde e conhecimentos reprodutivos.",Homens_MR,51,Stata (.dta),277,https://dhsprogram.com/customcf/legacy/data/download_dataset.cfm?Filename=NIMR51DT.zip&Tp=1&Ctry_Code=NI&surv_id=277&dm=1&dmode=nm,Níger/Homens_MR/NIMR51DT.zip
NIMR61DT.zip,NI,Níger,MR,Homens (Men's Recode),"Dados individuais de homens (15-49/59 anos), trabalho, saúde e conhecimentos reprodutivos.",Homens_MR,61,Stata (.dta),407,https://dhsprogram.com/customcf/legacy/data/download_dataset.cfm?Filename=NIMR61DT.zip&Tp=1&Ctry_Code=NI&surv_id=407&dm=1&dmode=nm,Níger/Homens_MR/NIMR61DT.zip
NIPR22DT.zip,NI,Níger,PR,Moradores (Household Member Recode),"Informações demográficas de todos os moradores do domicílio (idade, sexo, educação).",Moradores_PR,22,Stata (.dta),53,https://dhsprogram.com/customcf/legacy/data/download_dataset.cfm?Filename=NIPR22DT.zip&Tp=1&Ctry_Code=NI&surv_id=53&dm=1&dmode=nm,Níger/Moradores_PR/NIPR22DT.zip
NIPR31DT.zip,NI,Níger,PR,Moradores (Household Member Recode),"Informações demográficas de todos os moradores do domicílio (idade, sexo, educação).",Moradores_PR,31,Stata (.dta),99,https://dhsprogram.com/customcf/legacy/data/download_dataset.cfm?Filename=NIPR31DT.zip&Tp=1&Ctry_Code=NI&surv_id=99&dm=1&dmode=nm,Níger/Moradores_PR/NIPR31DT.zip
NIPR51DT.zip,NI,Níger,PR,Moradores (Household Member Recode),"Informações demográficas de todos os moradores do domicílio (idade, sexo, educação).",Moradores_PR,51,Stata (.dta),277,https://dhsprogram.com/customcf/legacy/data/download_dataset.cfm?Filename=NIPR51DT.zip&Tp=1&Ctry_Code=NI&surv_id=277&dm=1&dmode=nm,Níger/Moradores_PR/NIPR51DT.zip
NIPR61DT.zip,NI,Níger,PR,Moradores (Household Member Recode),"Informações demográficas de todos os moradores do domicílio (idade, sexo, educação).",Moradores_PR,61,Stata (.dta),407,https://dhsprogram.com/customcf/legacy/data/download_dataset.cfm?Filename=NIPR61DT.zip&Tp=1&Ctry_Code=NI&surv_id=407&dm=1&dmode=nm,Níger/Moradores_PR/NIPR61DT.zip
NIPR82DT.zip,NI,Níger,PR,Moradores (Household Member Recode),"Informações demográficas de todos os moradores do domicílio (idade, sexo, educação).",Moradores_PR,82,Stata (.dta),575,https://dhsprogram.com/customcf/legacy/data/download_dataset.cfm?Filename=NIPR82DT.zip&Tp=1&Ctry_Code=NI&surv_id=575&dm=1&dmode=nm,Níger/Moradores_PR/NIPR82DT.zip
NISQ21DT.zip,NI,Níger,SQ,Serviços de Saúde (Service Questionnaire),Disponibilidade e infraestrutura dos serviços de saúde comunitários.,Servicos_Saude_SQ,21,Stata (.dta),53,https://dhsprogram.com/customcf/legacy/data/download_dataset.cfm?Filename=NISQ21DT.zip&Tp=1&Ctry_Code=NI&surv_id=53&dm=1&dmode=nm,Níger/Servicos_Saude_SQ/NISQ21DT.zip
NISQ31DT.zip,NI,Níger,SQ,Serviços de Saúde (Service Questionnaire),Disponibilidade e infraestrutura dos serviços de saúde comunitários.,Servicos_Saude_SQ,31,Stata (.dta),99,https://dhsprogram.com/customcf/legacy/data/download_dataset.cfm?Filename=NISQ31DT.zip&Tp=1&Ctry_Code=NI&surv_id=99&dm=1&dmode=nm,Níger/Servicos_Saude_SQ/NISQ31DT.zip
NIWI31DT.zip,NI,Níger,WI,Índice de Riqueza (Wealth Index),Pontuação e quintil do índice de riqueza socioeconômica.,Riqueza_WI,31,Stata (.dta),99,https://dhsprogram.com/customcf/legacy/data/download_dataset.cfm?Filename=NIWI31DT.zip&Tp=1&Ctry_Code=NI&surv_id=99&dm=1&dmode=nm,Níger/Riqueza_WI/NIWI31DT.zip
NGBR21DT.zip,NG,Nigéria,BR,Nascimentos (Births Recode),"Histórico de nascimentos das mulheres entrevistadas, partos, peso ao nascer e mortalidade infantil.",Nascimentos_BR,21,Stata (.dta),32,https://dhsprogram.com/customcf/legacy/data/download_dataset.cfm?Filename=NGBR21DT.zip&Tp=1&Ctry_Code=NG&surv_id=32&dm=1&dmode=nm,Nigéria/Nascimentos_BR/NGBR21DT.zip
NGBR4BDT.zip,NG,Nigéria,BR,Nascimentos (Births Recode),"Histórico de nascimentos das mulheres entrevistadas, partos, peso ao nascer e mortalidade infantil.",Nascimentos_BR,4B,Stata (.dta),223,https://dhsprogram.com/customcf/legacy/data/download_dataset.cfm?Filename=NGBR4BDT.zip&Tp=1&Ctry_Code=NG&surv_id=223&dm=1&dmode=nm,Nigéria/Nascimentos_BR/NGBR4BDT.zip
NGBR53DT.zip,NG,Nigéria,BR,Nascimentos (Births Recode),"Histórico de nascimentos das mulheres entrevistadas, partos, peso ao nascer e mortalidade infantil.",Nascimentos_BR,53,Stata (.dta),302,https://dhsprogram.com/customcf/legacy/data/download_dataset.cfm?Filename=NGBR53DT.zip&Tp=1&Ctry_Code=NG&surv_id=302&dm=1&dmode=nm,Nigéria/Nascimentos_BR/NGBR53DT.zip
NGBR61DT.zip,NG,Nigéria,BR,Nascimentos (Births Recode),"Histórico de nascimentos das mulheres entrevistadas, partos, peso ao nascer e mortalidade infantil.",Nascimentos_BR,61,Stata (.dta),392,https://dhsprogram.com/customcf/legacy/data/download_dataset.cfm?Filename=NGBR61DT.zip&Tp=1&Ctry_Code=NG&surv_id=392&dm=1&dmode=nm,Nigéria/Nascimentos_BR/NGBR61DT.zip
NGBR6ADT.zip,NG,Nigéria,BR,Nascimentos (Births Recode),"Histórico de nascimentos das mulheres entrevistadas, partos, peso ao nascer e mortalidade infantil.",Nascimentos_BR,6A,Stata (.dta),438,https://dhsprogram.com/customcf/legacy/data/download_dataset.cfm?Filename=NGBR6ADT.zip&Tp=1&Ctry_Code=NG&surv_id=438&dm=1&dmode=nm,Nigéria/Nascimentos_BR/NGBR6ADT.zip
NGBR7BDT.zip,NG,Nigéria,BR,Nascimentos (Births Recode),"Histórico de nascimentos das mulheres entrevistadas, partos, peso ao nascer e mortalidade infantil.",Nascimentos_BR,7B,Stata (.dta),528,https://dhsprogram.com/customcf/legacy/data/download_dataset.cfm?Filename=NGBR7BDT.zip&Tp=1&Ctry_Code=NG&surv_id=528&dm=1&dmode=nm,Nigéria/Nascimentos_BR/NGBR7BDT.zip
NGBR8BDT.zip,NG,Nigéria,BR,Nascimentos (Births Recode),"Histórico de nascimentos das mulheres entrevistadas, partos, peso ao nascer e mortalidade infantil.",Nascimentos_BR,8B,Stata (.dta),609,https://dhsprogram.com/customcf/legacy/data/download_dataset.cfm?Filename=NGBR8BDT.zip&Tp=1&Ctry_Code=NG&surv_id=609&dm=1&dmode=nm,Nigéria/Nascimentos_BR/NGBR8BDT.zip
NGCR4ADT.zip,NG,Nigéria,CR,Casais (Couples Recode),Dados conjuntos de casais casados ou vivendo em união estável.,Casais_CR,4A,Stata (.dta),223,https://dhsprogram.com/customcf/legacy/data/download_dataset.cfm?Filename=NGCR4ADT.zip&Tp=1&Ctry_Code=NG&surv_id=223&dm=1&dmode=nm,Nigéria/Casais_CR/NGCR4ADT.zip
NGCR53DT.zip,NG,Nigéria,CR,Casais (Couples Recode),Dados conjuntos de casais casados ou vivendo em união estável.,Casais_CR,53,Stata (.dta),302,https://dhsprogram.com/customcf/legacy/data/download_dataset.cfm?Filename=NGCR53DT.zip&Tp=1&Ctry_Code=NG&surv_id=302&dm=1&dmode=nm,Nigéria/Casais_CR/NGCR53DT.zip
NGCR6ADT.zip,NG,Nigéria,CR,Casais (Couples Recode),Dados conjuntos de casais casados ou vivendo em união estável.,Casais_CR,6A,Stata (.dta),438,https://dhsprogram.com/customcf/legacy/data/download_dataset.cfm?Filename=NGCR6ADT.zip&Tp=1&Ctry_Code=NG&surv_id=438&dm=1&dmode=nm,Nigéria/Casais_CR/NGCR6ADT.zip
NGCR7ADT.zip,NG,Nigéria,CR,Casais (Couples Recode),Dados conjuntos de casais casados ou vivendo em união estável.,Casais_CR,7A,Stata (.dta),528,https://dhsprogram.com/customcf/legacy/data/download_dataset.cfm?Filename=NGCR7ADT.zip&Tp=1&Ctry_Code=NG&surv_id=528&dm=1&dmode=nm,Nigéria/Casais_CR/NGCR7ADT.zip
NGCR8BDT.zip,NG,Nigéria,CR,Casais (Couples Recode),Dados conjuntos de casais casados ou vivendo em união estável.,Casais_CR,8B,Stata (.dta),609,https://dhsprogram.com/customcf/legacy/data/download_dataset.cfm?Filename=NGCR8BDT.zip&Tp=1&Ctry_Code=NG&surv_id=609&dm=1&dmode=nm,Nigéria/Casais_CR/NGCR8BDT.zip
NGHR21DT.zip,NG,Nigéria,HR,Domicílios (Household Recode),"Características do domicílio, saneamento básico, fontes de água, bens e bens duráveis.",Domicilios_HR,21,Stata (.dta),32,https://dhsprogram.com/customcf/legacy/data/download_dataset.cfm?Filename=NGHR21DT.zip&Tp=1&Ctry_Code=NG&surv_id=32&dm=1&dmode=nm,Nigéria/Domicilios_HR/NGHR21DT.zip
NGHR4BDT.zip,NG,Nigéria,HR,Domicílios (Household Recode),"Características do domicílio, saneamento básico, fontes de água, bens e bens duráveis.",Domicilios_HR,4B,Stata (.dta),223,https://dhsprogram.com/customcf/legacy/data/download_dataset.cfm?Filename=NGHR4BDT.zip&Tp=1&Ctry_Code=NG&surv_id=223&dm=1&dmode=nm,Nigéria/Domicilios_HR/NGHR4BDT.zip
NGHR53DT.zip,NG,Nigéria,HR,Domicílios (Household Recode),"Características do domicílio, saneamento básico, fontes de água, bens e bens duráveis.",Domicilios_HR,53,Stata (.dta),302,https://dhsprogram.com/customcf/legacy/data/download_dataset.cfm?Filename=NGHR53DT.zip&Tp=1&Ctry_Code=NG&surv_id=302&dm=1&dmode=nm,Nigéria/Domicilios_HR/NGHR53DT.zip
NGHR61DT.zip,NG,Nigéria,HR,Domicílios (Household Recode),"Características do domicílio, saneamento básico, fontes de água, bens e bens duráveis.",Domicilios_HR,61,Stata (.dta),392,https://dhsprogram.com/customcf/legacy/data/download_dataset.cfm?Filename=NGHR61DT.zip&Tp=1&Ctry_Code=NG&surv_id=392&dm=1&dmode=nm,Nigéria/Domicilios_HR/NGHR61DT.zip
NGHR6ADT.zip,NG,Nigéria,HR,Domicílios (Household Recode),"Características do domicílio, saneamento básico, fontes de água, bens e bens duráveis.",Domicilios_HR,6A,Stata (.dta),438,https://dhsprogram.com/customcf/legacy/data/download_dataset.cfm?Filename=NGHR6ADT.zip&Tp=1&Ctry_Code=NG&surv_id=438&dm=1&dmode=nm,Nigéria/Domicilios_HR/NGHR6ADT.zip
NGHR71DT.zip,NG,Nigéria,HR,Domicílios (Household Recode),"Características do domicílio, saneamento básico, fontes de água, bens e bens duráveis.",Domicilios_HR,71,Stata (.dta),474,https://dhsprogram.com/customcf/legacy/data/download_dataset.cfm?Filename=NGHR71DT.zip&Tp=1&Ctry_Code=NG&surv_id=474&dm=1&dmode=nm,Nigéria/Domicilios_HR/NGHR71DT.zip
NGHR7BDT.zip,NG,Nigéria,HR,Domicílios (Household Recode),"Características do domicílio, saneamento básico, fontes de água, bens e bens duráveis.",Domicilios_HR,7B,Stata (.dta),528,https://dhsprogram.com/customcf/legacy/data/download_dataset.cfm?Filename=NGHR7BDT.zip&Tp=1&Ctry_Code=NG&surv_id=528&dm=1&dmode=nm,Nigéria/Domicilios_HR/NGHR7BDT.zip
NGHR81DT.zip,NG,Nigéria,HR,Domicílios (Household Recode),"Características do domicílio, saneamento básico, fontes de água, bens e bens duráveis.",Domicilios_HR,81,Stata (.dta),576,https://dhsprogram.com/customcf/legacy/data/download_dataset.cfm?Filename=NGHR81DT.zip&Tp=1&Ctry_Code=NG&surv_id=576&dm=1&dmode=nm,Nigéria/Domicilios_HR/NGHR81DT.zip
NGHR8BDT.zip,NG,Nigéria,HR,Domicílios (Household Recode),"Características do domicílio, saneamento básico, fontes de água, bens e bens duráveis.",Domicilios_HR,8B,Stata (.dta),609,https://dhsprogram.com/customcf/legacy/data/download_dataset.cfm?Filename=NGHR8BDT.zip&Tp=1&Ctry_Code=NG&surv_id=609&dm=1&dmode=nm,Nigéria/Domicilios_HR/NGHR8BDT.zip
NGHW21DT.zip,NG,Nigéria,HW,Antropometria (Height and Weight),"Medições de altura, peso e escores nutricionais de mães e crianças.",Antropometria_HW,21,Stata (.dta),32,https://dhsprogram.com/customcf/legacy/data/download_dataset.cfm?Filename=NGHW21DT.zip&Tp=1&Ctry_Code=NG&surv_id=32&dm=1&dmode=nm,Nigéria/Antropometria_HW/NGHW21DT.zip
NGHW4BDT.zip,NG,Nigéria,HW,Antropometria (Height and Weight),"Medições de altura, peso e escores nutricionais de mães e crianças.",Antropometria_HW,4B,Stata (.dta),223,https://dhsprogram.com/customcf/legacy/data/download_dataset.cfm?Filename=NGHW4BDT.zip&Tp=1&Ctry_Code=NG&surv_id=223&dm=1&dmode=nm,Nigéria/Antropometria_HW/NGHW4BDT.zip
NGIR21DT.zip,NG,Nigéria,IR,Mulheres (Individual Recode),"Dados individuais de mulheres (15-49 anos). Inclui saúde reprodutiva, maternidade, pré-natal, etc. [BÔNUS SAÚDE DA MULHER]",Saude_da_Mulher_IR,21,Stata (.dta),32,https://dhsprogram.com/customcf/legacy/data/download_dataset.cfm?Filename=NGIR21DT.zip&Tp=1&Ctry_Code=NG&surv_id=32&dm=1&dmode=nm,Nigéria/Saude_da_Mulher_IR/NGIR21DT.zip
NGIR4BDT.zip,NG,Nigéria,IR,Mulheres (Individual Recode),"Dados individuais de mulheres (15-49 anos). Inclui saúde reprodutiva, maternidade, pré-natal, etc. [BÔNUS SAÚDE DA MULHER]",Saude_da_Mulher_IR,4B,Stata (.dta),223,https://dhsprogram.com/customcf/legacy/data/download_dataset.cfm?Filename=NGIR4BDT.zip&Tp=1&Ctry_Code=NG&surv_id=223&dm=1&dmode=nm,Nigéria/Saude_da_Mulher_IR/NGIR4BDT.zip
NGIR53DT.zip,NG,Nigéria,IR,Mulheres (Individual Recode),"Dados individuais de mulheres (15-49 anos). Inclui saúde reprodutiva, maternidade, pré-natal, etc. [BÔNUS SAÚDE DA MULHER]",Saude_da_Mulher_IR,53,Stata (.dta),302,https://dhsprogram.com/customcf/legacy/data/download_dataset.cfm?Filename=NGIR53DT.zip&Tp=1&Ctry_Code=NG&surv_id=302&dm=1&dmode=nm,Nigéria/Saude_da_Mulher_IR/NGIR53DT.zip
NGIR61DT.zip,NG,Nigéria,IR,Mulheres (Individual Recode),"Dados individuais de mulheres (15-49 anos). Inclui saúde reprodutiva, maternidade, pré-natal, etc. [BÔNUS SAÚDE DA MULHER]",Saude_da_Mulher_IR,61,Stata (.dta),392,https://dhsprogram.com/customcf/legacy/data/download_dataset.cfm?Filename=NGIR61DT.zip&Tp=1&Ctry_Code=NG&surv_id=392&dm=1&dmode=nm,Nigéria/Saude_da_Mulher_IR/NGIR61DT.zip
NGIR6ADT.zip,NG,Nigéria,IR,Mulheres (Individual Recode),"Dados individuais de mulheres (15-49 anos). Inclui saúde reprodutiva, maternidade, pré-natal, etc. [BÔNUS SAÚDE DA MULHER]",Saude_da_Mulher_IR,6A,Stata (.dta),438,https://dhsprogram.com/customcf/legacy/data/download_dataset.cfm?Filename=NGIR6ADT.zip&Tp=1&Ctry_Code=NG&surv_id=438&dm=1&dmode=nm,Nigéria/Saude_da_Mulher_IR/NGIR6ADT.zip
NGIR71DT.zip,NG,Nigéria,IR,Mulheres (Individual Recode),"Dados individuais de mulheres (15-49 anos). Inclui saúde reprodutiva, maternidade, pré-natal, etc. [BÔNUS SAÚDE DA MULHER]",Saude_da_Mulher_IR,71,Stata (.dta),474,https://dhsprogram.com/customcf/legacy/data/download_dataset.cfm?Filename=NGIR71DT.zip&Tp=1&Ctry_Code=NG&surv_id=474&dm=1&dmode=nm,Nigéria/Saude_da_Mulher_IR/NGIR71DT.zip
NGIR7BDT.zip,NG,Nigéria,IR,Mulheres (Individual Recode),"Dados individuais de mulheres (15-49 anos). Inclui saúde reprodutiva, maternidade, pré-natal, etc. [BÔNUS SAÚDE DA MULHER]",Saude_da_Mulher_IR,7B,Stata (.dta),528,https://dhsprogram.com/customcf/legacy/data/download_dataset.cfm?Filename=NGIR7BDT.zip&Tp=1&Ctry_Code=NG&surv_id=528&dm=1&dmode=nm,Nigéria/Saude_da_Mulher_IR/NGIR7BDT.zip
NGIR81DT.zip,NG,Nigéria,IR,Mulheres (Individual Recode),"Dados individuais de mulheres (15-49 anos). Inclui saúde reprodutiva, maternidade, pré-natal, etc. [BÔNUS SAÚDE DA MULHER]",Saude_da_Mulher_IR,81,Stata (.dta),576,https://dhsprogram.com/customcf/legacy/data/download_dataset.cfm?Filename=NGIR81DT.zip&Tp=1&Ctry_Code=NG&surv_id=576&dm=1&dmode=nm,Nigéria/Saude_da_Mulher_IR/NGIR81DT.zip
NGIR8BDT.zip,NG,Nigéria,IR,Mulheres (Individual Recode),"Dados individuais de mulheres (15-49 anos). Inclui saúde reprodutiva, maternidade, pré-natal, etc. [BÔNUS SAÚDE DA MULHER]",Saude_da_Mulher_IR,8B,Stata (.dta),609,https://dhsprogram.com/customcf/legacy/data/download_dataset.cfm?Filename=NGIR8BDT.zip&Tp=1&Ctry_Code=NG&surv_id=609&dm=1&dmode=nm,Nigéria/Saude_da_Mulher_IR/NGIR8BDT.zip
NGKR21DT.zip,NG,Nigéria,KR,Crianças (Children's Recode),"Crianças menores de 5 anos de idade, vacinação, nutrição, amamentação e episódios de doenças.",Criancas_KR,21,Stata (.dta),32,https://dhsprogram.com/customcf/legacy/data/download_dataset.cfm?Filename=NGKR21DT.zip&Tp=1&Ctry_Code=NG&surv_id=32&dm=1&dmode=nm,Nigéria/Criancas_KR/NGKR21DT.zip
NGKR4BDT.zip,NG,Nigéria,KR,Crianças (Children's Recode),"Crianças menores de 5 anos de idade, vacinação, nutrição, amamentação e episódios de doenças.",Criancas_KR,4B,Stata (.dta),223,https://dhsprogram.com/customcf/legacy/data/download_dataset.cfm?Filename=NGKR4BDT.zip&Tp=1&Ctry_Code=NG&surv_id=223&dm=1&dmode=nm,Nigéria/Criancas_KR/NGKR4BDT.zip
NGKR53DT.zip,NG,Nigéria,KR,Crianças (Children's Recode),"Crianças menores de 5 anos de idade, vacinação, nutrição, amamentação e episódios de doenças.",Criancas_KR,53,Stata (.dta),302,https://dhsprogram.com/customcf/legacy/data/download_dataset.cfm?Filename=NGKR53DT.zip&Tp=1&Ctry_Code=NG&surv_id=302&dm=1&dmode=nm,Nigéria/Criancas_KR/NGKR53DT.zip
NGKR61DT.zip,NG,Nigéria,KR,Crianças (Children's Recode),"Crianças menores de 5 anos de idade, vacinação, nutrição, amamentação e episódios de doenças.",Criancas_KR,61,Stata (.dta),392,https://dhsprogram.com/customcf/legacy/data/download_dataset.cfm?Filename=NGKR61DT.zip&Tp=1&Ctry_Code=NG&surv_id=392&dm=1&dmode=nm,Nigéria/Criancas_KR/NGKR61DT.zip
NGKR6ADT.zip,NG,Nigéria,KR,Crianças (Children's Recode),"Crianças menores de 5 anos de idade, vacinação, nutrição, amamentação e episódios de doenças.",Criancas_KR,6A,Stata (.dta),438,https://dhsprogram.com/customcf/legacy/data/download_dataset.cfm?Filename=NGKR6ADT.zip&Tp=1&Ctry_Code=NG&surv_id=438&dm=1&dmode=nm,Nigéria/Criancas_KR/NGKR6ADT.zip
NGKR71DT.zip,NG,Nigéria,KR,Crianças (Children's Recode),"Crianças menores de 5 anos de idade, vacinação, nutrição, amamentação e episódios de doenças.",Criancas_KR,71,Stata (.dta),474,https://dhsprogram.com/customcf/legacy/data/download_dataset.cfm?Filename=NGKR71DT.zip&Tp=1&Ctry_Code=NG&surv_id=474&dm=1&dmode=nm,Nigéria/Criancas_KR/NGKR71DT.zip
NGKR7BDT.zip,NG,Nigéria,KR,Crianças (Children's Recode),"Crianças menores de 5 anos de idade, vacinação, nutrição, amamentação e episódios de doenças.",Criancas_KR,7B,Stata (.dta),528,https://dhsprogram.com/customcf/legacy/data/download_dataset.cfm?Filename=NGKR7BDT.zip&Tp=1&Ctry_Code=NG&surv_id=528&dm=1&dmode=nm,Nigéria/Criancas_KR/NGKR7BDT.zip
NGKR81DT.zip,NG,Nigéria,KR,Crianças (Children's Recode),"Crianças menores de 5 anos de idade, vacinação, nutrição, amamentação e episódios de doenças.",Criancas_KR,81,Stata (.dta),576,https://dhsprogram.com/customcf/legacy/data/download_dataset.cfm?Filename=NGKR81DT.zip&Tp=1&Ctry_Code=NG&surv_id=576&dm=1&dmode=nm,Nigéria/Criancas_KR/NGKR81DT.zip
NGKR8BDT.zip,NG,Nigéria,KR,Crianças (Children's Recode),"Crianças menores de 5 anos de idade, vacinação, nutrição, amamentação e episódios de doenças.",Criancas_KR,8B,Stata (.dta),609,https://dhsprogram.com/customcf/legacy/data/download_dataset.cfm?Filename=NGKR8BDT.zip&Tp=1&Ctry_Code=NG&surv_id=609&dm=1&dmode=nm,Nigéria/Criancas_KR/NGKR8BDT.zip
NGMR4ADT.zip,NG,Nigéria,MR,Homens (Men's Recode),"Dados individuais de homens (15-49/59 anos), trabalho, saúde e conhecimentos reprodutivos.",Homens_MR,4A,Stata (.dta),223,https://dhsprogram.com/customcf/legacy/data/download_dataset.cfm?Filename=NGMR4ADT.zip&Tp=1&Ctry_Code=NG&surv_id=223&dm=1&dmode=nm,Nigéria/Homens_MR/NGMR4ADT.zip
NGMR52DT.zip,NG,Nigéria,MR,Homens (Men's Recode),"Dados individuais de homens (15-49/59 anos), trabalho, saúde e conhecimentos reprodutivos.",Homens_MR,52,Stata (.dta),302,https://dhsprogram.com/customcf/legacy/data/download_dataset.cfm?Filename=NGMR52DT.zip&Tp=1&Ctry_Code=NG&surv_id=302&dm=1&dmode=nm,Nigéria/Homens_MR/NGMR52DT.zip
NGMR6ADT.zip,NG,Nigéria,MR,Homens (Men's Recode),"Dados individuais de homens (15-49/59 anos), trabalho, saúde e conhecimentos reprodutivos.",Homens_MR,6A,Stata (.dta),438,https://dhsprogram.com/customcf/legacy/data/download_dataset.cfm?Filename=NGMR6ADT.zip&Tp=1&Ctry_Code=NG&surv_id=438&dm=1&dmode=nm,Nigéria/Homens_MR/NGMR6ADT.zip
NGMR7ADT.zip,NG,Nigéria,MR,Homens (Men's Recode),"Dados individuais de homens (15-49/59 anos), trabalho, saúde e conhecimentos reprodutivos.",Homens_MR,7A,Stata (.dta),528,https://dhsprogram.com/customcf/legacy/data/download_dataset.cfm?Filename=NGMR7ADT.zip&Tp=1&Ctry_Code=NG&surv_id=528&dm=1&dmode=nm,Nigéria/Homens_MR/NGMR7ADT.zip
NGMR8BDT.zip,NG,Nigéria,MR,Homens (Men's Recode),"Dados individuais de homens (15-49/59 anos), trabalho, saúde e conhecimentos reprodutivos.",Homens_MR,8B,Stata (.dta),609,https://dhsprogram.com/customcf/legacy/data/download_dataset.cfm?Filename=NGMR8BDT.zip&Tp=1&Ctry_Code=NG&surv_id=609&dm=1&dmode=nm,Nigéria/Homens_MR/NGMR8BDT.zip
NGPR21DT.zip,NG,Nigéria,PR,Moradores (Household Member Recode),"Informações demográficas de todos os moradores do domicílio (idade, sexo, educação).",Moradores_PR,21,Stata (.dta),32,https://dhsprogram.com/customcf/legacy/data/download_dataset.cfm?Filename=NGPR21DT.zip&Tp=1&Ctry_Code=NG&surv_id=32&dm=1&dmode=nm,Nigéria/Moradores_PR/NGPR21DT.zip
NGPR4CDT.zip,NG,Nigéria,PR,Moradores (Household Member Recode),"Informações demográficas de todos os moradores do domicílio (idade, sexo, educação).",Moradores_PR,4C,Stata (.dta),223,https://dhsprogram.com/customcf/legacy/data/download_dataset.cfm?Filename=NGPR4CDT.zip&Tp=1&Ctry_Code=NG&surv_id=223&dm=1&dmode=nm,Nigéria/Moradores_PR/NGPR4CDT.zip
NGPR53DT.zip,NG,Nigéria,PR,Moradores (Household Member Recode),"Informações demográficas de todos os moradores do domicílio (idade, sexo, educação).",Moradores_PR,53,Stata (.dta),302,https://dhsprogram.com/customcf/legacy/data/download_dataset.cfm?Filename=NGPR53DT.zip&Tp=1&Ctry_Code=NG&surv_id=302&dm=1&dmode=nm,Nigéria/Moradores_PR/NGPR53DT.zip
NGPR61DT.zip,NG,Nigéria,PR,Moradores (Household Member Recode),"Informações demográficas de todos os moradores do domicílio (idade, sexo, educação).",Moradores_PR,61,Stata (.dta),392,https://dhsprogram.com/customcf/legacy/data/download_dataset.cfm?Filename=NGPR61DT.zip&Tp=1&Ctry_Code=NG&surv_id=392&dm=1&dmode=nm,Nigéria/Moradores_PR/NGPR61DT.zip
NGPR6ADT.zip,NG,Nigéria,PR,Moradores (Household Member Recode),"Informações demográficas de todos os moradores do domicílio (idade, sexo, educação).",Moradores_PR,6A,Stata (.dta),438,https://dhsprogram.com/customcf/legacy/data/download_dataset.cfm?Filename=NGPR6ADT.zip&Tp=1&Ctry_Code=NG&surv_id=438&dm=1&dmode=nm,Nigéria/Moradores_PR/NGPR6ADT.zip
NGPR71DT.zip,NG,Nigéria,PR,Moradores (Household Member Recode),"Informações demográficas de todos os moradores do domicílio (idade, sexo, educação).",Moradores_PR,71,Stata (.dta),474,https://dhsprogram.com/customcf/legacy/data/download_dataset.cfm?Filename=NGPR71DT.zip&Tp=1&Ctry_Code=NG&surv_id=474&dm=1&dmode=nm,Nigéria/Moradores_PR/NGPR71DT.zip
NGPR7BDT.zip,NG,Nigéria,PR,Moradores (Household Member Recode),"Informações demográficas de todos os moradores do domicílio (idade, sexo, educação).",Moradores_PR,7B,Stata (.dta),528,https://dhsprogram.com/customcf/legacy/data/download_dataset.cfm?Filename=NGPR7BDT.zip&Tp=1&Ctry_Code=NG&surv_id=528&dm=1&dmode=nm,Nigéria/Moradores_PR/NGPR7BDT.zip
NGPR81DT.zip,NG,Nigéria,PR,Moradores (Household Member Recode),"Informações demográficas de todos os moradores do domicílio (idade, sexo, educação).",Moradores_PR,81,Stata (.dta),576,https://dhsprogram.com/customcf/legacy/data/download_dataset.cfm?Filename=NGPR81DT.zip&Tp=1&Ctry_Code=NG&surv_id=576&dm=1&dmode=nm,Nigéria/Moradores_PR/NGPR81DT.zip
NGPR8BDT.zip,NG,Nigéria,PR,Moradores (Household Member Recode),"Informações demográficas de todos os moradores do domicílio (idade, sexo, educação).",Moradores_PR,8B,Stata (.dta),609,https://dhsprogram.com/customcf/legacy/data/download_dataset.cfm?Filename=NGPR8BDT.zip&Tp=1&Ctry_Code=NG&surv_id=609&dm=1&dmode=nm,Nigéria/Moradores_PR/NGPR8BDT.zip
NGSQ23DT.zip,NG,Nigéria,SQ,Serviços de Saúde (Service Questionnaire),Disponibilidade e infraestrutura dos serviços de saúde comunitários.,Servicos_Saude_SQ,23,Stata (.dta),32,https://dhsprogram.com/customcf/legacy/data/download_dataset.cfm?Filename=NGSQ23DT.zip&Tp=1&Ctry_Code=NG&surv_id=32&dm=1&dmode=nm,Nigéria/Servicos_Saude_SQ/NGSQ23DT.zip
NGVA8JDT.zip,NG,Nigéria,VA,Autópsia Verbal (Verbal Autopsy),Inquérito para determinação de causa de morte.,Autopsia_Verbal_VA,8J,Stata (.dta),618,https://dhsprogram.com/customcf/legacy/data/download_dataset.cfm?Filename=NGVA8JDT.zip&Tp=1&Ctry_Code=NG&surv_id=618&dm=1&dmode=nm,Nigéria/Autopsia_Verbal_VA/NGVA8JDT.zip
NGWI21DT.zip,NG,Nigéria,WI,Índice de Riqueza (Wealth Index),Pontuação e quintil do índice de riqueza socioeconômica.,Riqueza_WI,21,Stata (.dta),32,https://dhsprogram.com/customcf/legacy/data/download_dataset.cfm?Filename=NGWI21DT.zip&Tp=1&Ctry_Code=NG&surv_id=32&dm=1&dmode=nm,Nigéria/Riqueza_WI/NGWI21DT.zip
OSBR01DT.zip,OS,África do Sul (Histórico/Outro),BR,Nascimentos (Births Recode),"Histórico de nascimentos das mulheres entrevistadas, partos, peso ao nascer e mortalidade infantil.",Nascimentos_BR,01,Stata (.dta),8,https://dhsprogram.com/customcf/legacy/data/download_dataset.cfm?Filename=OSBR01DT.zip&Tp=1&Ctry_Code=OS&surv_id=8&dm=1&dmode=nm,África do Sul (Histórico/Outro)/Nascimentos_BR/OSBR01DT.zip
OSHH01DT.zip,OS,África do Sul (Histórico/Outro),HH,Inquérito Domiciliar (Household Survey),Questionário domiciliar expandido / experimental.,Inquerito_Domiciliar_HH,01,Stata (.dta),8,https://dhsprogram.com/customcf/legacy/data/download_dataset.cfm?Filename=OSHH01DT.zip&Tp=1&Ctry_Code=OS&surv_id=8&dm=1&dmode=nm,África do Sul (Histórico/Outro)/Inquerito_Domiciliar_HH/OSHH01DT.zip
OSHW01DT.zip,OS,África do Sul (Histórico/Outro),HW,Antropometria (Height and Weight),"Medições de altura, peso e escores nutricionais de mães e crianças.",Antropometria_HW,01,Stata (.dta),8,https://dhsprogram.com/customcf/legacy/data/download_dataset.cfm?Filename=OSHW01DT.zip&Tp=1&Ctry_Code=OS&surv_id=8&dm=1&dmode=nm,África do Sul (Histórico/Outro)/Antropometria_HW/OSHW01DT.zip
OSIR01DT.zip,OS,África do Sul (Histórico/Outro),IR,Mulheres (Individual Recode),"Dados individuais de mulheres (15-49 anos). Inclui saúde reprodutiva, maternidade, pré-natal, etc. [BÔNUS SAÚDE DA MULHER]",Saude_da_Mulher_IR,01,Stata (.dta),8,https://dhsprogram.com/customcf/legacy/data/download_dataset.cfm?Filename=OSIR01DT.zip&Tp=1&Ctry_Code=OS&surv_id=8&dm=1&dmode=nm,África do Sul (Histórico/Outro)/Saude_da_Mulher_IR/OSIR01DT.zip
OSKR01DT.zip,OS,África do Sul (Histórico/Outro),KR,Crianças (Children's Recode),"Crianças menores de 5 anos de idade, vacinação, nutrição, amamentação e episódios de doenças.",Criancas_KR,01,Stata (.dta),8,https://dhsprogram.com/customcf/legacy/data/download_dataset.cfm?Filename=OSKR01DT.zip&Tp=1&Ctry_Code=OS&surv_id=8&dm=1&dmode=nm,África do Sul (Histórico/Outro)/Criancas_KR/OSKR01DT.zip
RWBR21DT.zip,RW,Ruanda,BR,Nascimentos (Births Recode),"Histórico de nascimentos das mulheres entrevistadas, partos, peso ao nascer e mortalidade infantil.",Nascimentos_BR,21,Stata (.dta),43,https://dhsprogram.com/customcf/legacy/data/download_dataset.cfm?Filename=RWBR21DT.zip&Tp=1&Ctry_Code=RW&surv_id=43&dm=1&dmode=nm,Ruanda/Nascimentos_BR/RWBR21DT.zip
RWBR41DT.zip,RW,Ruanda,BR,Nascimentos (Births Recode),"Histórico de nascimentos das mulheres entrevistadas, partos, peso ao nascer e mortalidade infantil.",Nascimentos_BR,41,Stata (.dta),165,https://dhsprogram.com/customcf/legacy/data/download_dataset.cfm?Filename=RWBR41DT.zip&Tp=1&Ctry_Code=RW&surv_id=165&dm=1&dmode=nm,Ruanda/Nascimentos_BR/RWBR41DT.zip
RWBR53DT.zip,RW,Ruanda,BR,Nascimentos (Births Recode),"Histórico de nascimentos das mulheres entrevistadas, partos, peso ao nascer e mortalidade infantil.",Nascimentos_BR,53,Stata (.dta),252,https://dhsprogram.com/customcf/legacy/data/download_dataset.cfm?Filename=RWBR53DT.zip&Tp=1&Ctry_Code=RW&surv_id=252&dm=1&dmode=nm,Ruanda/Nascimentos_BR/RWBR53DT.zip
RWBR5ADT.zip,RW,Ruanda,BR,Nascimentos (Births Recode),"Histórico de nascimentos das mulheres entrevistadas, partos, peso ao nascer e mortalidade infantil.",Nascimentos_BR,5A,Stata (.dta),323,https://dhsprogram.com/customcf/legacy/data/download_dataset.cfm?Filename=RWBR5ADT.zip&Tp=1&Ctry_Code=RW&surv_id=323&dm=1&dmode=nm,Ruanda/Nascimentos_BR/RWBR5ADT.zip
RWBR61DT.zip,RW,Ruanda,BR,Nascimentos (Births Recode),"Histórico de nascimentos das mulheres entrevistadas, partos, peso ao nascer e mortalidade infantil.",Nascimentos_BR,61,Stata (.dta),364,https://dhsprogram.com/customcf/legacy/data/download_dataset.cfm?Filename=RWBR61DT.zip&Tp=1&Ctry_Code=RW&surv_id=364&dm=1&dmode=nm,Ruanda/Nascimentos_BR/RWBR61DT.zip
RWBR70DT.zip,RW,Ruanda,BR,Nascimentos (Births Recode),"Histórico de nascimentos das mulheres entrevistadas, partos, peso ao nascer e mortalidade infantil.",Nascimentos_BR,70,Stata (.dta),468,https://dhsprogram.com/customcf/legacy/data/download_dataset.cfm?Filename=RWBR70DT.zip&Tp=1&Ctry_Code=RW&surv_id=468&dm=1&dmode=nm,Ruanda/Nascimentos_BR/RWBR70DT.zip
RWBR81DT.zip,RW,Ruanda,BR,Nascimentos (Births Recode),"Histórico de nascimentos das mulheres entrevistadas, partos, peso ao nascer e mortalidade infantil.",Nascimentos_BR,81,Stata (.dta),554,https://dhsprogram.com/customcf/legacy/data/download_dataset.cfm?Filename=RWBR81DT.zip&Tp=1&Ctry_Code=RW&surv_id=554&dm=1&dmode=nm,Ruanda/Nascimentos_BR/RWBR81DT.zip
RWBR91DT.zip,RW,Ruanda,BR,Nascimentos (Births Recode),"Histórico de nascimentos das mulheres entrevistadas, partos, peso ao nascer e mortalidade infantil.",Nascimentos_BR,91,Stata (.dta),624,https://dhsprogram.com/customcf/legacy/data/download_dataset.cfm?Filename=RWBR91DT.zip&Tp=1&Ctry_Code=RW&surv_id=624&dm=1&dmode=nm,Ruanda/Nascimentos_BR/RWBR91DT.zip
RWCR21DT.zip,RW,Ruanda,CR,Casais (Couples Recode),Dados conjuntos de casais casados ou vivendo em união estável.,Casais_CR,21,Stata (.dta),43,https://dhsprogram.com/customcf/legacy/data/download_dataset.cfm?Filename=RWCR21DT.zip&Tp=1&Ctry_Code=RW&surv_id=43&dm=1&dmode=nm,Ruanda/Casais_CR/RWCR21DT.zip
RWCR41DT.zip,RW,Ruanda,CR,Casais (Couples Recode),Dados conjuntos de casais casados ou vivendo em união estável.,Casais_CR,41,Stata (.dta),165,https://dhsprogram.com/customcf/legacy/data/download_dataset.cfm?Filename=RWCR41DT.zip&Tp=1&Ctry_Code=RW&surv_id=165&dm=1&dmode=nm,Ruanda/Casais_CR/RWCR41DT.zip
RWCR53DT.zip,RW,Ruanda,CR,Casais (Couples Recode),Dados conjuntos de casais casados ou vivendo em união estável.,Casais_CR,53,Stata (.dta),252,https://dhsprogram.com/customcf/legacy/data/download_dataset.cfm?Filename=RWCR53DT.zip&Tp=1&Ctry_Code=RW&surv_id=252&dm=1&dmode=nm,Ruanda/Casais_CR/RWCR53DT.zip
RWCR61DT.zip,RW,Ruanda,CR,Casais (Couples Recode),Dados conjuntos de casais casados ou vivendo em união estável.,Casais_CR,61,Stata (.dta),364,https://dhsprogram.com/customcf/legacy/data/download_dataset.cfm?Filename=RWCR61DT.zip&Tp=1&Ctry_Code=RW&surv_id=364&dm=1&dmode=nm,Ruanda/Casais_CR/RWCR61DT.zip
RWCR70DT.zip,RW,Ruanda,CR,Casais (Couples Recode),Dados conjuntos de casais casados ou vivendo em união estável.,Casais_CR,70,Stata (.dta),468,https://dhsprogram.com/customcf/legacy/data/download_dataset.cfm?Filename=RWCR70DT.zip&Tp=1&Ctry_Code=RW&surv_id=468&dm=1&dmode=nm,Ruanda/Casais_CR/RWCR70DT.zip
RWCR81DT.zip,RW,Ruanda,CR,Casais (Couples Recode),Dados conjuntos de casais casados ou vivendo em união estável.,Casais_CR,81,Stata (.dta),554,https://dhsprogram.com/customcf/legacy/data/download_dataset.cfm?Filename=RWCR81DT.zip&Tp=1&Ctry_Code=RW&surv_id=554&dm=1&dmode=nm,Ruanda/Casais_CR/RWCR81DT.zip
RWCR91DT.zip,RW,Ruanda,CR,Casais (Couples Recode),Dados conjuntos de casais casados ou vivendo em união estável.,Casais_CR,91,Stata (.dta),624,https://dhsprogram.com/customcf/legacy/data/download_dataset.cfm?Filename=RWCR91DT.zip&Tp=1&Ctry_Code=RW&surv_id=624&dm=1&dmode=nm,Ruanda/Casais_CR/RWCR91DT.zip
RWHH6ADT.zip,RW,Ruanda,HH,Inquérito Domiciliar (Household Survey),Questionário domiciliar expandido / experimental.,Inquerito_Domiciliar_HH,6A,Stata (.dta),422,https://dhsprogram.com/customcf/legacy/data/download_dataset.cfm?Filename=RWHH6ADT.zip&Tp=1&Ctry_Code=RW&surv_id=422&dm=1&dmode=nm,Ruanda/Inquerito_Domiciliar_HH/RWHH6ADT.zip
RWHR21DT.zip,RW,Ruanda,HR,Domicílios (Household Recode),"Características do domicílio, saneamento básico, fontes de água, bens e bens duráveis.",Domicilios_HR,21,Stata (.dta),43,https://dhsprogram.com/customcf/legacy/data/download_dataset.cfm?Filename=RWHR21DT.zip&Tp=1&Ctry_Code=RW&surv_id=43&dm=1&dmode=nm,Ruanda/Domicilios_HR/RWHR21DT.zip
RWHR41DT.zip,RW,Ruanda,HR,Domicílios (Household Recode),"Características do domicílio, saneamento básico, fontes de água, bens e bens duráveis.",Domicilios_HR,41,Stata (.dta),165,https://dhsprogram.com/customcf/legacy/data/download_dataset.cfm?Filename=RWHR41DT.zip&Tp=1&Ctry_Code=RW&surv_id=165&dm=1&dmode=nm,Ruanda/Domicilios_HR/RWHR41DT.zip
RWHR53DT.zip,RW,Ruanda,HR,Domicílios (Household Recode),"Características do domicílio, saneamento básico, fontes de água, bens e bens duráveis.",Domicilios_HR,53,Stata (.dta),252,https://dhsprogram.com/customcf/legacy/data/download_dataset.cfm?Filename=RWHR53DT.zip&Tp=1&Ctry_Code=RW&surv_id=252&dm=1&dmode=nm,Ruanda/Domicilios_HR/RWHR53DT.zip
RWHR5ADT.zip,RW,Ruanda,HR,Domicílios (Household Recode),"Características do domicílio, saneamento básico, fontes de água, bens e bens duráveis.",Domicilios_HR,5A,Stata (.dta),323,https://dhsprogram.com/customcf/legacy/data/download_dataset.cfm?Filename=RWHR5ADT.zip&Tp=1&Ctry_Code=RW&surv_id=323&dm=1&dmode=nm,Ruanda/Domicilios_HR/RWHR5ADT.zip
RWHR61DT.zip,RW,Ruanda,HR,Domicílios (Household Recode),"Características do domicílio, saneamento básico, fontes de água, bens e bens duráveis.",Domicilios_HR,61,Stata (.dta),364,https://dhsprogram.com/customcf/legacy/data/download_dataset.cfm?Filename=RWHR61DT.zip&Tp=1&Ctry_Code=RW&surv_id=364&dm=1&dmode=nm,Ruanda/Domicilios_HR/RWHR61DT.zip
RWHR6IDT.zip,RW,Ruanda,HR,Domicílios (Household Recode),"Características do domicílio, saneamento básico, fontes de água, bens e bens duráveis.",Domicilios_HR,6I,Stata (.dta),449,https://dhsprogram.com/customcf/legacy/data/download_dataset.cfm?Filename=RWHR6IDT.zip&Tp=1&Ctry_Code=RW&surv_id=449&dm=1&dmode=nm,Ruanda/Domicilios_HR/RWHR6IDT.zip
RWHR70DT.zip,RW,Ruanda,HR,Domicílios (Household Recode),"Características do domicílio, saneamento básico, fontes de água, bens e bens duráveis.",Domicilios_HR,70,Stata (.dta),468,https://dhsprogram.com/customcf/legacy/data/download_dataset.cfm?Filename=RWHR70DT.zip&Tp=1&Ctry_Code=RW&surv_id=468&dm=1&dmode=nm,Ruanda/Domicilios_HR/RWHR70DT.zip
RWHR7ADT.zip,RW,Ruanda,HR,Domicílios (Household Recode),"Características do domicílio, saneamento básico, fontes de água, bens e bens duráveis.",Domicilios_HR,7A,Stata (.dta),540,https://dhsprogram.com/customcf/legacy/data/download_dataset.cfm?Filename=RWHR7ADT.zip&Tp=1&Ctry_Code=RW&surv_id=540&dm=1&dmode=nm,Ruanda/Domicilios_HR/RWHR7ADT.zip
RWHR81DT.zip,RW,Ruanda,HR,Domicílios (Household Recode),"Características do domicílio, saneamento básico, fontes de água, bens e bens duráveis.",Domicilios_HR,81,Stata (.dta),554,https://dhsprogram.com/customcf/legacy/data/download_dataset.cfm?Filename=RWHR81DT.zip&Tp=1&Ctry_Code=RW&surv_id=554&dm=1&dmode=nm,Ruanda/Domicilios_HR/RWHR81DT.zip
RWHR8ADT.zip,RW,Ruanda,HR,Domicílios (Household Recode),"Características do domicílio, saneamento básico, fontes de água, bens e bens duráveis.",Domicilios_HR,8A,Stata (.dta),607,https://dhsprogram.com/customcf/legacy/data/download_dataset.cfm?Filename=RWHR8ADT.zip&Tp=1&Ctry_Code=RW&surv_id=607&dm=1&dmode=nm,Ruanda/Domicilios_HR/RWHR8ADT.zip
RWHR91DT.zip,RW,Ruanda,HR,Domicílios (Household Recode),"Características do domicílio, saneamento básico, fontes de água, bens e bens duráveis.",Domicilios_HR,91,Stata (.dta),624,https://dhsprogram.com/customcf/legacy/data/download_dataset.cfm?Filename=RWHR91DT.zip&Tp=1&Ctry_Code=RW&surv_id=624&dm=1&dmode=nm,Ruanda/Domicilios_HR/RWHR91DT.zip
RWHW21DT.zip,RW,Ruanda,HW,Antropometria (Height and Weight),"Medições de altura, peso e escores nutricionais de mães e crianças.",Antropometria_HW,21,Stata (.dta),43,https://dhsprogram.com/customcf/legacy/data/download_dataset.cfm?Filename=RWHW21DT.zip&Tp=1&Ctry_Code=RW&surv_id=43&dm=1&dmode=nm,Ruanda/Antropometria_HW/RWHW21DT.zip
RWHW41DT.zip,RW,Ruanda,HW,Antropometria (Height and Weight),"Medições de altura, peso e escores nutricionais de mães e crianças.",Antropometria_HW,41,Stata (.dta),165,https://dhsprogram.com/customcf/legacy/data/download_dataset.cfm?Filename=RWHW41DT.zip&Tp=1&Ctry_Code=RW&surv_id=165&dm=1&dmode=nm,Ruanda/Antropometria_HW/RWHW41DT.zip
RWHW52DT.zip,RW,Ruanda,HW,Antropometria (Height and Weight),"Medições de altura, peso e escores nutricionais de mães e crianças.",Antropometria_HW,52,Stata (.dta),252,https://dhsprogram.com/customcf/legacy/data/download_dataset.cfm?Filename=RWHW52DT.zip&Tp=1&Ctry_Code=RW&surv_id=252&dm=1&dmode=nm,Ruanda/Antropometria_HW/RWHW52DT.zip
RWIQ6ADT.zip,RW,Ruanda,IQ,Questionário Individual (Individual Questionnaire),Questionários individuais específicos.,Questionario_Individual_IQ,6A,Stata (.dta),422,https://dhsprogram.com/customcf/legacy/data/download_dataset.cfm?Filename=RWIQ6ADT.zip&Tp=1&Ctry_Code=RW&surv_id=422&dm=1&dmode=nm,Ruanda/Questionario_Individual_IQ/RWIQ6ADT.zip
RWIR21DT.zip,RW,Ruanda,IR,Mulheres (Individual Recode),"Dados individuais de mulheres (15-49 anos). Inclui saúde reprodutiva, maternidade, pré-natal, etc. [BÔNUS SAÚDE DA MULHER]",Saude_da_Mulher_IR,21,Stata (.dta),43,https://dhsprogram.com/customcf/legacy/data/download_dataset.cfm?Filename=RWIR21DT.zip&Tp=1&Ctry_Code=RW&surv_id=43&dm=1&dmode=nm,Ruanda/Saude_da_Mulher_IR/RWIR21DT.zip
RWIR41DT.zip,RW,Ruanda,IR,Mulheres (Individual Recode),"Dados individuais de mulheres (15-49 anos). Inclui saúde reprodutiva, maternidade, pré-natal, etc. [BÔNUS SAÚDE DA MULHER]",Saude_da_Mulher_IR,41,Stata (.dta),165,https://dhsprogram.com/customcf/legacy/data/download_dataset.cfm?Filename=RWIR41DT.zip&Tp=1&Ctry_Code=RW&surv_id=165&dm=1&dmode=nm,Ruanda/Saude_da_Mulher_IR/RWIR41DT.zip
RWIR53DT.zip,RW,Ruanda,IR,Mulheres (Individual Recode),"Dados individuais de mulheres (15-49 anos). Inclui saúde reprodutiva, maternidade, pré-natal, etc. [BÔNUS SAÚDE DA MULHER]",Saude_da_Mulher_IR,53,Stata (.dta),252,https://dhsprogram.com/customcf/legacy/data/download_dataset.cfm?Filename=RWIR53DT.zip&Tp=1&Ctry_Code=RW&surv_id=252&dm=1&dmode=nm,Ruanda/Saude_da_Mulher_IR/RWIR53DT.zip
RWIR5ADT.zip,RW,Ruanda,IR,Mulheres (Individual Recode),"Dados individuais de mulheres (15-49 anos). Inclui saúde reprodutiva, maternidade, pré-natal, etc. [BÔNUS SAÚDE DA MULHER]",Saude_da_Mulher_IR,5A,Stata (.dta),323,https://dhsprogram.com/customcf/legacy/data/download_dataset.cfm?Filename=RWIR5ADT.zip&Tp=1&Ctry_Code=RW&surv_id=323&dm=1&dmode=nm,Ruanda/Saude_da_Mulher_IR/RWIR5ADT.zip
RWIR61DT.zip,RW,Ruanda,IR,Mulheres (Individual Recode),"Dados individuais de mulheres (15-49 anos). Inclui saúde reprodutiva, maternidade, pré-natal, etc. [BÔNUS SAÚDE DA MULHER]",Saude_da_Mulher_IR,61,Stata (.dta),364,https://dhsprogram.com/customcf/legacy/data/download_dataset.cfm?Filename=RWIR61DT.zip&Tp=1&Ctry_Code=RW&surv_id=364&dm=1&dmode=nm,Ruanda/Saude_da_Mulher_IR/RWIR61DT.zip
RWIR6IDT.zip,RW,Ruanda,IR,Mulheres (Individual Recode),"Dados individuais de mulheres (15-49 anos). Inclui saúde reprodutiva, maternidade, pré-natal, etc. [BÔNUS SAÚDE DA MULHER]",Saude_da_Mulher_IR,6I,Stata (.dta),449,https://dhsprogram.com/customcf/legacy/data/download_dataset.cfm?Filename=RWIR6IDT.zip&Tp=1&Ctry_Code=RW&surv_id=449&dm=1&dmode=nm,Ruanda/Saude_da_Mulher_IR/RWIR6IDT.zip
RWIR70DT.zip,RW,Ruanda,IR,Mulheres (Individual Recode),"Dados individuais de mulheres (15-49 anos). Inclui saúde reprodutiva, maternidade, pré-natal, etc. [BÔNUS SAÚDE DA MULHER]",Saude_da_Mulher_IR,70,Stata (.dta),468,https://dhsprogram.com/customcf/legacy/data/download_dataset.cfm?Filename=RWIR70DT.zip&Tp=1&Ctry_Code=RW&surv_id=468&dm=1&dmode=nm,Ruanda/Saude_da_Mulher_IR/RWIR70DT.zip
RWIR7ADT.zip,RW,Ruanda,IR,Mulheres (Individual Recode),"Dados individuais de mulheres (15-49 anos). Inclui saúde reprodutiva, maternidade, pré-natal, etc. [BÔNUS SAÚDE DA MULHER]",Saude_da_Mulher_IR,7A,Stata (.dta),540,https://dhsprogram.com/customcf/legacy/data/download_dataset.cfm?Filename=RWIR7ADT.zip&Tp=1&Ctry_Code=RW&surv_id=540&dm=1&dmode=nm,Ruanda/Saude_da_Mulher_IR/RWIR7ADT.zip
RWIR81DT.zip,RW,Ruanda,IR,Mulheres (Individual Recode),"Dados individuais de mulheres (15-49 anos). Inclui saúde reprodutiva, maternidade, pré-natal, etc. [BÔNUS SAÚDE DA MULHER]",Saude_da_Mulher_IR,81,Stata (.dta),554,https://dhsprogram.com/customcf/legacy/data/download_dataset.cfm?Filename=RWIR81DT.zip&Tp=1&Ctry_Code=RW&surv_id=554&dm=1&dmode=nm,Ruanda/Saude_da_Mulher_IR/RWIR81DT.zip
RWIR8ADT.zip,RW,Ruanda,IR,Mulheres (Individual Recode),"Dados individuais de mulheres (15-49 anos). Inclui saúde reprodutiva, maternidade, pré-natal, etc. [BÔNUS SAÚDE DA MULHER]",Saude_da_Mulher_IR,8A,Stata (.dta),607,https://dhsprogram.com/customcf/legacy/data/download_dataset.cfm?Filename=RWIR8ADT.zip&Tp=1&Ctry_Code=RW&surv_id=607&dm=1&dmode=nm,Ruanda/Saude_da_Mulher_IR/RWIR8ADT.zip
RWIR91DT.zip,RW,Ruanda,IR,Mulheres (Individual Recode),"Dados individuais de mulheres (15-49 anos). Inclui saúde reprodutiva, maternidade, pré-natal, etc. [BÔNUS SAÚDE DA MULHER]",Saude_da_Mulher_IR,91,Stata (.dta),624,https://dhsprogram.com/customcf/legacy/data/download_dataset.cfm?Filename=RWIR91DT.zip&Tp=1&Ctry_Code=RW&surv_id=624&dm=1&dmode=nm,Ruanda/Saude_da_Mulher_IR/RWIR91DT.zip
RWKR21DT.zip,RW,Ruanda,KR,Crianças (Children's Recode),"Crianças menores de 5 anos de idade, vacinação, nutrição, amamentação e episódios de doenças.",Criancas_KR,21,Stata (.dta),43,https://dhsprogram.com/customcf/legacy/data/download_dataset.cfm?Filename=RWKR21DT.zip&Tp=1&Ctry_Code=RW&surv_id=43&dm=1&dmode=nm,Ruanda/Criancas_KR/RWKR21DT.zip
RWKR41DT.zip,RW,Ruanda,KR,Crianças (Children's Recode),"Crianças menores de 5 anos de idade, vacinação, nutrição, amamentação e episódios de doenças.",Criancas_KR,41,Stata (.dta),165,https://dhsprogram.com/customcf/legacy/data/download_dataset.cfm?Filename=RWKR41DT.zip&Tp=1&Ctry_Code=RW&surv_id=165&dm=1&dmode=nm,Ruanda/Criancas_KR/RWKR41DT.zip
RWKR53DT.zip,RW,Ruanda,KR,Crianças (Children's Recode),"Crianças menores de 5 anos de idade, vacinação, nutrição, amamentação e episódios de doenças.",Criancas_KR,53,Stata (.dta),252,https://dhsprogram.com/customcf/legacy/data/download_dataset.cfm?Filename=RWKR53DT.zip&Tp=1&Ctry_Code=RW&surv_id=252&dm=1&dmode=nm,Ruanda/Criancas_KR/RWKR53DT.zip
RWKR5ADT.zip,RW,Ruanda,KR,Crianças (Children's Recode),"Crianças menores de 5 anos de idade, vacinação, nutrição, amamentação e episódios de doenças.",Criancas_KR,5A,Stata (.dta),323,https://dhsprogram.com/customcf/legacy/data/download_dataset.cfm?Filename=RWKR5ADT.zip&Tp=1&Ctry_Code=RW&surv_id=323&dm=1&dmode=nm,Ruanda/Criancas_KR/RWKR5ADT.zip
RWKR61DT.zip,RW,Ruanda,KR,Crianças (Children's Recode),"Crianças menores de 5 anos de idade, vacinação, nutrição, amamentação e episódios de doenças.",Criancas_KR,61,Stata (.dta),364,https://dhsprogram.com/customcf/legacy/data/download_dataset.cfm?Filename=RWKR61DT.zip&Tp=1&Ctry_Code=RW&surv_id=364&dm=1&dmode=nm,Ruanda/Criancas_KR/RWKR61DT.zip
RWKR6IDT.zip,RW,Ruanda,KR,Crianças (Children's Recode),"Crianças menores de 5 anos de idade, vacinação, nutrição, amamentação e episódios de doenças.",Criancas_KR,6I,Stata (.dta),449,https://dhsprogram.com/customcf/legacy/data/download_dataset.cfm?Filename=RWKR6IDT.zip&Tp=1&Ctry_Code=RW&surv_id=449&dm=1&dmode=nm,Ruanda/Criancas_KR/RWKR6IDT.zip
RWKR70DT.zip,RW,Ruanda,KR,Crianças (Children's Recode),"Crianças menores de 5 anos de idade, vacinação, nutrição, amamentação e episódios de doenças.",Criancas_KR,70,Stata (.dta),468,https://dhsprogram.com/customcf/legacy/data/download_dataset.cfm?Filename=RWKR70DT.zip&Tp=1&Ctry_Code=RW&surv_id=468&dm=1&dmode=nm,Ruanda/Criancas_KR/RWKR70DT.zip
RWKR7ADT.zip,RW,Ruanda,KR,Crianças (Children's Recode),"Crianças menores de 5 anos de idade, vacinação, nutrição, amamentação e episódios de doenças.",Criancas_KR,7A,Stata (.dta),540,https://dhsprogram.com/customcf/legacy/data/download_dataset.cfm?Filename=RWKR7ADT.zip&Tp=1&Ctry_Code=RW&surv_id=540&dm=1&dmode=nm,Ruanda/Criancas_KR/RWKR7ADT.zip
RWKR81DT.zip,RW,Ruanda,KR,Crianças (Children's Recode),"Crianças menores de 5 anos de idade, vacinação, nutrição, amamentação e episódios de doenças.",Criancas_KR,81,Stata (.dta),554,https://dhsprogram.com/customcf/legacy/data/download_dataset.cfm?Filename=RWKR81DT.zip&Tp=1&Ctry_Code=RW&surv_id=554&dm=1&dmode=nm,Ruanda/Criancas_KR/RWKR81DT.zip
RWKR8ADT.zip,RW,Ruanda,KR,Crianças (Children's Recode),"Crianças menores de 5 anos de idade, vacinação, nutrição, amamentação e episódios de doenças.",Criancas_KR,8A,Stata (.dta),607,https://dhsprogram.com/customcf/legacy/data/download_dataset.cfm?Filename=RWKR8ADT.zip&Tp=1&Ctry_Code=RW&surv_id=607&dm=1&dmode=nm,Ruanda/Criancas_KR/RWKR8ADT.zip
RWKR91DT.zip,RW,Ruanda,KR,Crianças (Children's Recode),"Crianças menores de 5 anos de idade, vacinação, nutrição, amamentação e episódios de doenças.",Criancas_KR,91,Stata (.dta),624,https://dhsprogram.com/customcf/legacy/data/download_dataset.cfm?Filename=RWKR91DT.zip&Tp=1&Ctry_Code=RW&surv_id=624&dm=1&dmode=nm,Ruanda/Criancas_KR/RWKR91DT.zip
RWMR21DT.zip,RW,Ruanda,MR,Homens (Men's Recode),"Dados individuais de homens (15-49/59 anos), trabalho, saúde e conhecimentos reprodutivos.",Homens_MR,21,Stata (.dta),43,https://dhsprogram.com/customcf/legacy/data/download_dataset.cfm?Filename=RWMR21DT.zip&Tp=1&Ctry_Code=RW&surv_id=43&dm=1&dmode=nm,Ruanda/Homens_MR/RWMR21DT.zip
RWMR41DT.zip,RW,Ruanda,MR,Homens (Men's Recode),"Dados individuais de homens (15-49/59 anos), trabalho, saúde e conhecimentos reprodutivos.",Homens_MR,41,Stata (.dta),165,https://dhsprogram.com/customcf/legacy/data/download_dataset.cfm?Filename=RWMR41DT.zip&Tp=1&Ctry_Code=RW&surv_id=165&dm=1&dmode=nm,Ruanda/Homens_MR/RWMR41DT.zip
RWMR53DT.zip,RW,Ruanda,MR,Homens (Men's Recode),"Dados individuais de homens (15-49/59 anos), trabalho, saúde e conhecimentos reprodutivos.",Homens_MR,53,Stata (.dta),252,https://dhsprogram.com/customcf/legacy/data/download_dataset.cfm?Filename=RWMR53DT.zip&Tp=1&Ctry_Code=RW&surv_id=252&dm=1&dmode=nm,Ruanda/Homens_MR/RWMR53DT.zip
RWMR5ADT.zip,RW,Ruanda,MR,Homens (Men's Recode),"Dados individuais de homens (15-49/59 anos), trabalho, saúde e conhecimentos reprodutivos.",Homens_MR,5A,Stata (.dta),323,https://dhsprogram.com/customcf/legacy/data/download_dataset.cfm?Filename=RWMR5ADT.zip&Tp=1&Ctry_Code=RW&surv_id=323&dm=1&dmode=nm,Ruanda/Homens_MR/RWMR5ADT.zip
RWMR61DT.zip,RW,Ruanda,MR,Homens (Men's Recode),"Dados individuais de homens (15-49/59 anos), trabalho, saúde e conhecimentos reprodutivos.",Homens_MR,61,Stata (.dta),364,https://dhsprogram.com/customcf/legacy/data/download_dataset.cfm?Filename=RWMR61DT.zip&Tp=1&Ctry_Code=RW&surv_id=364&dm=1&dmode=nm,Ruanda/Homens_MR/RWMR61DT.zip
RWMR70DT.zip,RW,Ruanda,MR,Homens (Men's Recode),"Dados individuais de homens (15-49/59 anos), trabalho, saúde e conhecimentos reprodutivos.",Homens_MR,70,Stata (.dta),468,https://dhsprogram.com/customcf/legacy/data/download_dataset.cfm?Filename=RWMR70DT.zip&Tp=1&Ctry_Code=RW&surv_id=468&dm=1&dmode=nm,Ruanda/Homens_MR/RWMR70DT.zip
RWMR81DT.zip,RW,Ruanda,MR,Homens (Men's Recode),"Dados individuais de homens (15-49/59 anos), trabalho, saúde e conhecimentos reprodutivos.",Homens_MR,81,Stata (.dta),554,https://dhsprogram.com/customcf/legacy/data/download_dataset.cfm?Filename=RWMR81DT.zip&Tp=1&Ctry_Code=RW&surv_id=554&dm=1&dmode=nm,Ruanda/Homens_MR/RWMR81DT.zip
RWMR91DT.zip,RW,Ruanda,MR,Homens (Men's Recode),"Dados individuais de homens (15-49/59 anos), trabalho, saúde e conhecimentos reprodutivos.",Homens_MR,91,Stata (.dta),624,https://dhsprogram.com/customcf/legacy/data/download_dataset.cfm?Filename=RWMR91DT.zip&Tp=1&Ctry_Code=RW&surv_id=624&dm=1&dmode=nm,Ruanda/Homens_MR/RWMR91DT.zip
RWPR21DT.zip,RW,Ruanda,PR,Moradores (Household Member Recode),"Informações demográficas de todos os moradores do domicílio (idade, sexo, educação).",Moradores_PR,21,Stata (.dta),43,https://dhsprogram.com/customcf/legacy/data/download_dataset.cfm?Filename=RWPR21DT.zip&Tp=1&Ctry_Code=RW&surv_id=43&dm=1&dmode=nm,Ruanda/Moradores_PR/RWPR21DT.zip
RWPR41DT.zip,RW,Ruanda,PR,Moradores (Household Member Recode),"Informações demográficas de todos os moradores do domicílio (idade, sexo, educação).",Moradores_PR,41,Stata (.dta),165,https://dhsprogram.com/customcf/legacy/data/download_dataset.cfm?Filename=RWPR41DT.zip&Tp=1&Ctry_Code=RW&surv_id=165&dm=1&dmode=nm,Ruanda/Moradores_PR/RWPR41DT.zip
RWPR53DT.zip,RW,Ruanda,PR,Moradores (Household Member Recode),"Informações demográficas de todos os moradores do domicílio (idade, sexo, educação).",Moradores_PR,53,Stata (.dta),252,https://dhsprogram.com/customcf/legacy/data/download_dataset.cfm?Filename=RWPR53DT.zip&Tp=1&Ctry_Code=RW&surv_id=252&dm=1&dmode=nm,Ruanda/Moradores_PR/RWPR53DT.zip
RWPR5ADT.zip,RW,Ruanda,PR,Moradores (Household Member Recode),"Informações demográficas de todos os moradores do domicílio (idade, sexo, educação).",Moradores_PR,5A,Stata (.dta),323,https://dhsprogram.com/customcf/legacy/data/download_dataset.cfm?Filename=RWPR5ADT.zip&Tp=1&Ctry_Code=RW&surv_id=323&dm=1&dmode=nm,Ruanda/Moradores_PR/RWPR5ADT.zip
RWPR61DT.zip,RW,Ruanda,PR,Moradores (Household Member Recode),"Informações demográficas de todos os moradores do domicílio (idade, sexo, educação).",Moradores_PR,61,Stata (.dta),364,https://dhsprogram.com/customcf/legacy/data/download_dataset.cfm?Filename=RWPR61DT.zip&Tp=1&Ctry_Code=RW&surv_id=364&dm=1&dmode=nm,Ruanda/Moradores_PR/RWPR61DT.zip
RWPR6IDT.zip,RW,Ruanda,PR,Moradores (Household Member Recode),"Informações demográficas de todos os moradores do domicílio (idade, sexo, educação).",Moradores_PR,6I,Stata (.dta),449,https://dhsprogram.com/customcf/legacy/data/download_dataset.cfm?Filename=RWPR6IDT.zip&Tp=1&Ctry_Code=RW&surv_id=449&dm=1&dmode=nm,Ruanda/Moradores_PR/RWPR6IDT.zip
RWPR70DT.zip,RW,Ruanda,PR,Moradores (Household Member Recode),"Informações demográficas de todos os moradores do domicílio (idade, sexo, educação).",Moradores_PR,70,Stata (.dta),468,https://dhsprogram.com/customcf/legacy/data/download_dataset.cfm?Filename=RWPR70DT.zip&Tp=1&Ctry_Code=RW&surv_id=468&dm=1&dmode=nm,Ruanda/Moradores_PR/RWPR70DT.zip
RWPR7ADT.zip,RW,Ruanda,PR,Moradores (Household Member Recode),"Informações demográficas de todos os moradores do domicílio (idade, sexo, educação).",Moradores_PR,7A,Stata (.dta),540,https://dhsprogram.com/customcf/legacy/data/download_dataset.cfm?Filename=RWPR7ADT.zip&Tp=1&Ctry_Code=RW&surv_id=540&dm=1&dmode=nm,Ruanda/Moradores_PR/RWPR7ADT.zip
RWPR81DT.zip,RW,Ruanda,PR,Moradores (Household Member Recode),"Informações demográficas de todos os moradores do domicílio (idade, sexo, educação).",Moradores_PR,81,Stata (.dta),554,https://dhsprogram.com/customcf/legacy/data/download_dataset.cfm?Filename=RWPR81DT.zip&Tp=1&Ctry_Code=RW&surv_id=554&dm=1&dmode=nm,Ruanda/Moradores_PR/RWPR81DT.zip
RWPR8ADT.zip,RW,Ruanda,PR,Moradores (Household Member Recode),"Informações demográficas de todos os moradores do domicílio (idade, sexo, educação).",Moradores_PR,8A,Stata (.dta),607,https://dhsprogram.com/customcf/legacy/data/download_dataset.cfm?Filename=RWPR8ADT.zip&Tp=1&Ctry_Code=RW&surv_id=607&dm=1&dmode=nm,Ruanda/Moradores_PR/RWPR8ADT.zip
RWPR91DT.zip,RW,Ruanda,PR,Moradores (Household Member Recode),"Informações demográficas de todos os moradores do domicílio (idade, sexo, educação).",Moradores_PR,91,Stata (.dta),624,https://dhsprogram.com/customcf/legacy/data/download_dataset.cfm?Filename=RWPR91DT.zip&Tp=1&Ctry_Code=RW&surv_id=624&dm=1&dmode=nm,Ruanda/Moradores_PR/RWPR91DT.zip
RWWI21DT.zip,RW,Ruanda,WI,Índice de Riqueza (Wealth Index),Pontuação e quintil do índice de riqueza socioeconômica.,Riqueza_WI,21,Stata (.dta),43,https://dhsprogram.com/customcf/legacy/data/download_dataset.cfm?Filename=RWWI21DT.zip&Tp=1&Ctry_Code=RW&surv_id=43&dm=1&dmode=nm,Ruanda/Riqueza_WI/RWWI21DT.zip
RWWI42DT.zip,RW,Ruanda,WI,Índice de Riqueza (Wealth Index),Pontuação e quintil do índice de riqueza socioeconômica.,Riqueza_WI,42,Stata (.dta),165,https://dhsprogram.com/customcf/legacy/data/download_dataset.cfm?Filename=RWWI42DT.zip&Tp=1&Ctry_Code=RW&surv_id=165&dm=1&dmode=nm,Ruanda/Riqueza_WI/RWWI42DT.zip
STBR51DT.zip,ST,São Tomé e Príncipe,BR,Nascimentos (Births Recode),"Histórico de nascimentos das mulheres entrevistadas, partos, peso ao nascer e mortalidade infantil.",Nascimentos_BR,51,Stata (.dta),318,https://dhsprogram.com/customcf/legacy/data/download_dataset.cfm?Filename=STBR51DT.zip&Tp=1&Ctry_Code=ST&surv_id=318&dm=1&dmode=nm,São Tomé e Príncipe/Nascimentos_BR/STBR51DT.zip
STCR51DT.zip,ST,São Tomé e Príncipe,CR,Casais (Couples Recode),Dados conjuntos de casais casados ou vivendo em união estável.,Casais_CR,51,Stata (.dta),318,https://dhsprogram.com/customcf/legacy/data/download_dataset.cfm?Filename=STCR51DT.zip&Tp=1&Ctry_Code=ST&surv_id=318&dm=1&dmode=nm,São Tomé e Príncipe/Casais_CR/STCR51DT.zip
STHR51DT.zip,ST,São Tomé e Príncipe,HR,Domicílios (Household Recode),"Características do domicílio, saneamento básico, fontes de água, bens e bens duráveis.",Domicilios_HR,51,Stata (.dta),318,https://dhsprogram.com/customcf/legacy/data/download_dataset.cfm?Filename=STHR51DT.zip&Tp=1&Ctry_Code=ST&surv_id=318&dm=1&dmode=nm,São Tomé e Príncipe/Domicilios_HR/STHR51DT.zip
STIR51DT.zip,ST,São Tomé e Príncipe,IR,Mulheres (Individual Recode),"Dados individuais de mulheres (15-49 anos). Inclui saúde reprodutiva, maternidade, pré-natal, etc. [BÔNUS SAÚDE DA MULHER]",Saude_da_Mulher_IR,51,Stata (.dta),318,https://dhsprogram.com/customcf/legacy/data/download_dataset.cfm?Filename=STIR51DT.zip&Tp=1&Ctry_Code=ST&surv_id=318&dm=1&dmode=nm,São Tomé e Príncipe/Saude_da_Mulher_IR/STIR51DT.zip
STKR51DT.zip,ST,São Tomé e Príncipe,KR,Crianças (Children's Recode),"Crianças menores de 5 anos de idade, vacinação, nutrição, amamentação e episódios de doenças.",Criancas_KR,51,Stata (.dta),318,https://dhsprogram.com/customcf/legacy/data/download_dataset.cfm?Filename=STKR51DT.zip&Tp=1&Ctry_Code=ST&surv_id=318&dm=1&dmode=nm,São Tomé e Príncipe/Criancas_KR/STKR51DT.zip
STMR51DT.zip,ST,São Tomé e Príncipe,MR,Homens (Men's Recode),"Dados individuais de homens (15-49/59 anos), trabalho, saúde e conhecimentos reprodutivos.",Homens_MR,51,Stata (.dta),318,https://dhsprogram.com/customcf/legacy/data/download_dataset.cfm?Filename=STMR51DT.zip&Tp=1&Ctry_Code=ST&surv_id=318&dm=1&dmode=nm,São Tomé e Príncipe/Homens_MR/STMR51DT.zip
STPR51DT.zip,ST,São Tomé e Príncipe,PR,Moradores (Household Member Recode),"Informações demográficas de todos os moradores do domicílio (idade, sexo, educação).",Moradores_PR,51,Stata (.dta),318,https://dhsprogram.com/customcf/legacy/data/download_dataset.cfm?Filename=STPR51DT.zip&Tp=1&Ctry_Code=ST&surv_id=318&dm=1&dmode=nm,São Tomé e Príncipe/Moradores_PR/STPR51DT.zip
SNBR02DT.zip,SN,Senegal,BR,Nascimentos (Births Recode),"Histórico de nascimentos das mulheres entrevistadas, partos, peso ao nascer e mortalidade infantil.",Nascimentos_BR,02,Stata (.dta),3,https://dhsprogram.com/customcf/legacy/data/download_dataset.cfm?Filename=SNBR02DT.zip&Tp=1&Ctry_Code=SN&surv_id=3&dm=1&dmode=nm,Senegal/Nascimentos_BR/SNBR02DT.zip
SNBR21DT.zip,SN,Senegal,BR,Nascimentos (Births Recode),"Histórico de nascimentos das mulheres entrevistadas, partos, peso ao nascer e mortalidade infantil.",Nascimentos_BR,21,Stata (.dta),46,https://dhsprogram.com/customcf/legacy/data/download_dataset.cfm?Filename=SNBR21DT.zip&Tp=1&Ctry_Code=SN&surv_id=46&dm=1&dmode=nm,Senegal/Nascimentos_BR/SNBR21DT.zip
SNBR32DT.zip,SN,Senegal,BR,Nascimentos (Births Recode),"Histórico de nascimentos das mulheres entrevistadas, partos, peso ao nascer e mortalidade infantil.",Nascimentos_BR,32,Stata (.dta),81,https://dhsprogram.com/customcf/legacy/data/download_dataset.cfm?Filename=SNBR32DT.zip&Tp=1&Ctry_Code=SN&surv_id=81&dm=1&dmode=nm,Senegal/Nascimentos_BR/SNBR32DT.zip
SNBR4ADT.zip,SN,Senegal,BR,Nascimentos (Births Recode),"Histórico de nascimentos das mulheres entrevistadas, partos, peso ao nascer e mortalidade infantil.",Nascimentos_BR,4A,Stata (.dta),233,https://dhsprogram.com/customcf/legacy/data/download_dataset.cfm?Filename=SNBR4ADT.zip&Tp=1&Ctry_Code=SN&surv_id=233&dm=1&dmode=nm,Senegal/Nascimentos_BR/SNBR4ADT.zip
SNBR5ADT.zip,SN,Senegal,BR,Nascimentos (Births Recode),"Histórico de nascimentos das mulheres entrevistadas, partos, peso ao nascer e mortalidade infantil.",Nascimentos_BR,5A,Stata (.dta),338,https://dhsprogram.com/customcf/legacy/data/download_dataset.cfm?Filename=SNBR5ADT.zip&Tp=1&Ctry_Code=SN&surv_id=338&dm=1&dmode=nm,Senegal/Nascimentos_BR/SNBR5ADT.zip
SNBR61DT.zip,SN,Senegal,BR,Nascimentos (Births Recode),"Histórico de nascimentos das mulheres entrevistadas, partos, peso ao nascer e mortalidade infantil.",Nascimentos_BR,61,Stata (.dta),365,https://dhsprogram.com/customcf/legacy/data/download_dataset.cfm?Filename=SNBR61DT.zip&Tp=1&Ctry_Code=SN&surv_id=365&dm=1&dmode=nm,Senegal/Nascimentos_BR/SNBR61DT.zip
SNBR6DDT.zip,SN,Senegal,BR,Nascimentos (Births Recode),"Histórico de nascimentos das mulheres entrevistadas, partos, peso ao nascer e mortalidade infantil.",Nascimentos_BR,6D,Stata (.dta),423,https://dhsprogram.com/customcf/legacy/data/download_dataset.cfm?Filename=SNBR6DDT.zip&Tp=1&Ctry_Code=SN&surv_id=423&dm=1&dmode=nm,Senegal/Nascimentos_BR/SNBR6DDT.zip
SNBR71DT.zip,SN,Senegal,BR,Nascimentos (Births Recode),"Histórico de nascimentos das mulheres entrevistadas, partos, peso ao nascer e mortalidade infantil.",Nascimentos_BR,71,Stata (.dta),457,https://dhsprogram.com/customcf/legacy/data/download_dataset.cfm?Filename=SNBR71DT.zip&Tp=1&Ctry_Code=SN&surv_id=457&dm=1&dmode=nm,Senegal/Nascimentos_BR/SNBR71DT.zip
SNBR7ADT.zip,SN,Senegal,BR,Nascimentos (Births Recode),"Histórico de nascimentos das mulheres entrevistadas, partos, peso ao nascer e mortalidade infantil.",Nascimentos_BR,7A,Stata (.dta),489,https://dhsprogram.com/customcf/legacy/data/download_dataset.cfm?Filename=SNBR7ADT.zip&Tp=1&Ctry_Code=SN&surv_id=489&dm=1&dmode=nm,Senegal/Nascimentos_BR/SNBR7ADT.zip
SNBR7IDT.zip,SN,Senegal,BR,Nascimentos (Births Recode),"Histórico de nascimentos das mulheres entrevistadas, partos, peso ao nascer e mortalidade infantil.",Nascimentos_BR,7I,Stata (.dta),524,https://dhsprogram.com/customcf/legacy/data/download_dataset.cfm?Filename=SNBR7IDT.zip&Tp=1&Ctry_Code=SN&surv_id=524&dm=1&dmode=nm,Senegal/Nascimentos_BR/SNBR7IDT.zip
SNBR7ZDT.zip,SN,Senegal,BR,Nascimentos (Births Recode),"Histórico de nascimentos das mulheres entrevistadas, partos, peso ao nascer e mortalidade infantil.",Nascimentos_BR,7Z,Stata (.dta),534,https://dhsprogram.com/customcf/legacy/data/download_dataset.cfm?Filename=SNBR7ZDT.zip&Tp=1&Ctry_Code=SN&surv_id=534&dm=1&dmode=nm,Senegal/Nascimentos_BR/SNBR7ZDT.zip
SNBR81DT.zip,SN,Senegal,BR,Nascimentos (Births Recode),"Histórico de nascimentos das mulheres entrevistadas, partos, peso ao nascer e mortalidade infantil.",Nascimentos_BR,81,Stata (.dta),580,https://dhsprogram.com/customcf/legacy/data/download_dataset.cfm?Filename=SNBR81DT.zip&Tp=1&Ctry_Code=SN&surv_id=580&dm=1&dmode=nm,Senegal/Nascimentos_BR/SNBR81DT.zip
SNBR8BDT.zip,SN,Senegal,BR,Nascimentos (Births Recode),"Histórico de nascimentos das mulheres entrevistadas, partos, peso ao nascer e mortalidade infantil.",Nascimentos_BR,8B,Stata (.dta),581,https://dhsprogram.com/customcf/legacy/data/download_dataset.cfm?Filename=SNBR8BDT.zip&Tp=1&Ctry_Code=SN&surv_id=581&dm=1&dmode=nm,Senegal/Nascimentos_BR/SNBR8BDT.zip
SNBR8SDT.zip,SN,Senegal,BR,Nascimentos (Births Recode),"Histórico de nascimentos das mulheres entrevistadas, partos, peso ao nascer e mortalidade infantil.",Nascimentos_BR,8S,Stata (.dta),611,https://dhsprogram.com/customcf/legacy/data/download_dataset.cfm?Filename=SNBR8SDT.zip&Tp=1&Ctry_Code=SN&surv_id=611&dm=1&dmode=nm,Senegal/Nascimentos_BR/SNBR8SDT.zip
SNCR21DT.zip,SN,Senegal,CR,Casais (Couples Recode),Dados conjuntos de casais casados ou vivendo em união estável.,Casais_CR,21,Stata (.dta),46,https://dhsprogram.com/customcf/legacy/data/download_dataset.cfm?Filename=SNCR21DT.zip&Tp=1&Ctry_Code=SN&surv_id=46&dm=1&dmode=nm,Senegal/Casais_CR/SNCR21DT.zip
SNCR31DT.zip,SN,Senegal,CR,Casais (Couples Recode),Dados conjuntos de casais casados ou vivendo em união estável.,Casais_CR,31,Stata (.dta),81,https://dhsprogram.com/customcf/legacy/data/download_dataset.cfm?Filename=SNCR31DT.zip&Tp=1&Ctry_Code=SN&surv_id=81&dm=1&dmode=nm,Senegal/Casais_CR/SNCR31DT.zip
SNCR4ADT.zip,SN,Senegal,CR,Casais (Couples Recode),Dados conjuntos de casais casados ou vivendo em união estável.,Casais_CR,4A,Stata (.dta),233,https://dhsprogram.com/customcf/legacy/data/download_dataset.cfm?Filename=SNCR4ADT.zip&Tp=1&Ctry_Code=SN&surv_id=233&dm=1&dmode=nm,Senegal/Casais_CR/SNCR4ADT.zip
SNCR61DT.zip,SN,Senegal,CR,Casais (Couples Recode),Dados conjuntos de casais casados ou vivendo em união estável.,Casais_CR,61,Stata (.dta),365,https://dhsprogram.com/customcf/legacy/data/download_dataset.cfm?Filename=SNCR61DT.zip&Tp=1&Ctry_Code=SN&surv_id=365&dm=1&dmode=nm,Senegal/Casais_CR/SNCR61DT.zip
SNCR71DT.zip,SN,Senegal,CR,Casais (Couples Recode),Dados conjuntos de casais casados ou vivendo em união estável.,Casais_CR,71,Stata (.dta),457,https://dhsprogram.com/customcf/legacy/data/download_dataset.cfm?Filename=SNCR71DT.zip&Tp=1&Ctry_Code=SN&surv_id=457&dm=1&dmode=nm,Senegal/Casais_CR/SNCR71DT.zip
SNCR7ADT.zip,SN,Senegal,CR,Casais (Couples Recode),Dados conjuntos de casais casados ou vivendo em união estável.,Casais_CR,7A,Stata (.dta),489,https://dhsprogram.com/customcf/legacy/data/download_dataset.cfm?Filename=SNCR7ADT.zip&Tp=1&Ctry_Code=SN&surv_id=489&dm=1&dmode=nm,Senegal/Casais_CR/SNCR7ADT.zip
SNCR7IDT.zip,SN,Senegal,CR,Casais (Couples Recode),Dados conjuntos de casais casados ou vivendo em união estável.,Casais_CR,7I,Stata (.dta),524,https://dhsprogram.com/customcf/legacy/data/download_dataset.cfm?Filename=SNCR7IDT.zip&Tp=1&Ctry_Code=SN&surv_id=524&dm=1&dmode=nm,Senegal/Casais_CR/SNCR7IDT.zip
SNCR7ZDT.zip,SN,Senegal,CR,Casais (Couples Recode),Dados conjuntos de casais casados ou vivendo em união estável.,Casais_CR,7Z,Stata (.dta),534,https://dhsprogram.com/customcf/legacy/data/download_dataset.cfm?Filename=SNCR7ZDT.zip&Tp=1&Ctry_Code=SN&surv_id=534&dm=1&dmode=nm,Senegal/Casais_CR/SNCR7ZDT.zip
SNCR81DT.zip,SN,Senegal,CR,Casais (Couples Recode),Dados conjuntos de casais casados ou vivendo em união estável.,Casais_CR,81,Stata (.dta),580,https://dhsprogram.com/customcf/legacy/data/download_dataset.cfm?Filename=SNCR81DT.zip&Tp=1&Ctry_Code=SN&surv_id=580&dm=1&dmode=nm,Senegal/Casais_CR/SNCR81DT.zip
SNCR8BDT.zip,SN,Senegal,CR,Casais (Couples Recode),Dados conjuntos de casais casados ou vivendo em união estável.,Casais_CR,8B,Stata (.dta),581,https://dhsprogram.com/customcf/legacy/data/download_dataset.cfm?Filename=SNCR8BDT.zip&Tp=1&Ctry_Code=SN&surv_id=581&dm=1&dmode=nm,Senegal/Casais_CR/SNCR8BDT.zip
SNCR8SDT.zip,SN,Senegal,CR,Casais (Couples Recode),Dados conjuntos de casais casados ou vivendo em união estável.,Casais_CR,8S,Stata (.dta),611,https://dhsprogram.com/customcf/legacy/data/download_dataset.cfm?Filename=SNCR8SDT.zip&Tp=1&Ctry_Code=SN&surv_id=611&dm=1&dmode=nm,Senegal/Casais_CR/SNCR8SDT.zip
SNHH01DT.zip,SN,Senegal,HH,Inquérito Domiciliar (Household Survey),Questionário domiciliar expandido / experimental.,Inquerito_Domiciliar_HH,01,Stata (.dta),3,https://dhsprogram.com/customcf/legacy/data/download_dataset.cfm?Filename=SNHH01DT.zip&Tp=1&Ctry_Code=SN&surv_id=3&dm=1&dmode=nm,Senegal/Inquerito_Domiciliar_HH/SNHH01DT.zip
SNHH41DT.zip,SN,Senegal,HH,Inquérito Domiciliar (Household Survey),Questionário domiciliar expandido / experimental.,Inquerito_Domiciliar_HH,41,Stata (.dta),166,https://dhsprogram.com/customcf/legacy/data/download_dataset.cfm?Filename=SNHH41DT.zip&Tp=1&Ctry_Code=SN&surv_id=166&dm=1&dmode=nm,Senegal/Inquerito_Domiciliar_HH/SNHH41DT.zip
SNHR21DT.zip,SN,Senegal,HR,Domicílios (Household Recode),"Características do domicílio, saneamento básico, fontes de água, bens e bens duráveis.",Domicilios_HR,21,Stata (.dta),46,https://dhsprogram.com/customcf/legacy/data/download_dataset.cfm?Filename=SNHR21DT.zip&Tp=1&Ctry_Code=SN&surv_id=46&dm=1&dmode=nm,Senegal/Domicilios_HR/SNHR21DT.zip
SNHR32DT.zip,SN,Senegal,HR,Domicílios (Household Recode),"Características do domicílio, saneamento básico, fontes de água, bens e bens duráveis.",Domicilios_HR,32,Stata (.dta),81,https://dhsprogram.com/customcf/legacy/data/download_dataset.cfm?Filename=SNHR32DT.zip&Tp=1&Ctry_Code=SN&surv_id=81&dm=1&dmode=nm,Senegal/Domicilios_HR/SNHR32DT.zip
SNHR4ADT.zip,SN,Senegal,HR,Domicílios (Household Recode),"Características do domicílio, saneamento básico, fontes de água, bens e bens duráveis.",Domicilios_HR,4A,Stata (.dta),233,https://dhsprogram.com/customcf/legacy/data/download_dataset.cfm?Filename=SNHR4ADT.zip&Tp=1&Ctry_Code=SN&surv_id=233&dm=1&dmode=nm,Senegal/Domicilios_HR/SNHR4ADT.zip
SNHR51DT.zip,SN,Senegal,HR,Domicílios (Household Recode),"Características do domicílio, saneamento básico, fontes de água, bens e bens duráveis.",Domicilios_HR,51,Stata (.dta),293,https://dhsprogram.com/customcf/legacy/data/download_dataset.cfm?Filename=SNHR51DT.zip&Tp=1&Ctry_Code=SN&surv_id=293&dm=1&dmode=nm,Senegal/Domicilios_HR/SNHR51DT.zip
SNHR5ADT.zip,SN,Senegal,HR,Domicílios (Household Recode),"Características do domicílio, saneamento básico, fontes de água, bens e bens duráveis.",Domicilios_HR,5A,Stata (.dta),338,https://dhsprogram.com/customcf/legacy/data/download_dataset.cfm?Filename=SNHR5ADT.zip&Tp=1&Ctry_Code=SN&surv_id=338&dm=1&dmode=nm,Senegal/Domicilios_HR/SNHR5ADT.zip
SNHR61DT.zip,SN,Senegal,HR,Domicílios (Household Recode),"Características do domicílio, saneamento básico, fontes de água, bens e bens duráveis.",Domicilios_HR,61,Stata (.dta),365,https://dhsprogram.com/customcf/legacy/data/download_dataset.cfm?Filename=SNHR61DT.zip&Tp=1&Ctry_Code=SN&surv_id=365&dm=1&dmode=nm,Senegal/Domicilios_HR/SNHR61DT.zip
SNHR6DDT.zip,SN,Senegal,HR,Domicílios (Household Recode),"Características do domicílio, saneamento básico, fontes de água, bens e bens duráveis.",Domicilios_HR,6D,Stata (.dta),423,https://dhsprogram.com/customcf/legacy/data/download_dataset.cfm?Filename=SNHR6DDT.zip&Tp=1&Ctry_Code=SN&surv_id=423&dm=1&dmode=nm,Senegal/Domicilios_HR/SNHR6DDT.zip
SNHR71DT.zip,SN,Senegal,HR,Domicílios (Household Recode),"Características do domicílio, saneamento básico, fontes de água, bens e bens duráveis.",Domicilios_HR,71,Stata (.dta),457,https://dhsprogram.com/customcf/legacy/data/download_dataset.cfm?Filename=SNHR71DT.zip&Tp=1&Ctry_Code=SN&surv_id=457&dm=1&dmode=nm,Senegal/Domicilios_HR/SNHR71DT.zip
SNHR7ADT.zip,SN,Senegal,HR,Domicílios (Household Recode),"Características do domicílio, saneamento básico, fontes de água, bens e bens duráveis.",Domicilios_HR,7A,Stata (.dta),489,https://dhsprogram.com/customcf/legacy/data/download_dataset.cfm?Filename=SNHR7ADT.zip&Tp=1&Ctry_Code=SN&surv_id=489&dm=1&dmode=nm,Senegal/Domicilios_HR/SNHR7ADT.zip
SNHR7IDT.zip,SN,Senegal,HR,Domicílios (Household Recode),"Características do domicílio, saneamento básico, fontes de água, bens e bens duráveis.",Domicilios_HR,7I,Stata (.dta),524,https://dhsprogram.com/customcf/legacy/data/download_dataset.cfm?Filename=SNHR7IDT.zip&Tp=1&Ctry_Code=SN&surv_id=524&dm=1&dmode=nm,Senegal/Domicilios_HR/SNHR7IDT.zip
SNHR7ZDT.zip,SN,Senegal,HR,Domicílios (Household Recode),"Características do domicílio, saneamento básico, fontes de água, bens e bens duráveis.",Domicilios_HR,7Z,Stata (.dta),534,https://dhsprogram.com/customcf/legacy/data/download_dataset.cfm?Filename=SNHR7ZDT.zip&Tp=1&Ctry_Code=SN&surv_id=534&dm=1&dmode=nm,Senegal/Domicilios_HR/SNHR7ZDT.zip
SNHR81DT.zip,SN,Senegal,HR,Domicílios (Household Recode),"Características do domicílio, saneamento básico, fontes de água, bens e bens duráveis.",Domicilios_HR,81,Stata (.dta),580,https://dhsprogram.com/customcf/legacy/data/download_dataset.cfm?Filename=SNHR81DT.zip&Tp=1&Ctry_Code=SN&surv_id=580&dm=1&dmode=nm,Senegal/Domicilios_HR/SNHR81DT.zip
SNHR8BDT.zip,SN,Senegal,HR,Domicílios (Household Recode),"Características do domicílio, saneamento básico, fontes de água, bens e bens duráveis.",Domicilios_HR,8B,Stata (.dta),581,https://dhsprogram.com/customcf/legacy/data/download_dataset.cfm?Filename=SNHR8BDT.zip&Tp=1&Ctry_Code=SN&surv_id=581&dm=1&dmode=nm,Senegal/Domicilios_HR/SNHR8BDT.zip
SNHR8IDT.zip,SN,Senegal,HR,Domicílios (Household Recode),"Características do domicílio, saneamento básico, fontes de água, bens e bens duráveis.",Domicilios_HR,8I,Stata (.dta),587,https://dhsprogram.com/customcf/legacy/data/download_dataset.cfm?Filename=SNHR8IDT.zip&Tp=1&Ctry_Code=SN&surv_id=587&dm=1&dmode=nm,Senegal/Domicilios_HR/SNHR8IDT.zip
SNHR8SDT.zip,SN,Senegal,HR,Domicílios (Household Recode),"Características do domicílio, saneamento básico, fontes de água, bens e bens duráveis.",Domicilios_HR,8S,Stata (.dta),611,https://dhsprogram.com/customcf/legacy/data/download_dataset.cfm?Filename=SNHR8SDT.zip&Tp=1&Ctry_Code=SN&surv_id=611&dm=1&dmode=nm,Senegal/Domicilios_HR/SNHR8SDT.zip
SNHW02DT.zip,SN,Senegal,HW,Antropometria (Height and Weight),"Medições de altura, peso e escores nutricionais de mães e crianças.",Antropometria_HW,02,Stata (.dta),3,https://dhsprogram.com/customcf/legacy/data/download_dataset.cfm?Filename=SNHW02DT.zip&Tp=1&Ctry_Code=SN&surv_id=3&dm=1&dmode=nm,Senegal/Antropometria_HW/SNHW02DT.zip
SNHW21DT.zip,SN,Senegal,HW,Antropometria (Height and Weight),"Medições de altura, peso e escores nutricionais de mães e crianças.",Antropometria_HW,21,Stata (.dta),46,https://dhsprogram.com/customcf/legacy/data/download_dataset.cfm?Filename=SNHW21DT.zip&Tp=1&Ctry_Code=SN&surv_id=46&dm=1&dmode=nm,Senegal/Antropometria_HW/SNHW21DT.zip
SNHW4ADT.zip,SN,Senegal,HW,Antropometria (Height and Weight),"Medições de altura, peso e escores nutricionais de mães e crianças.",Antropometria_HW,4A,Stata (.dta),233,https://dhsprogram.com/customcf/legacy/data/download_dataset.cfm?Filename=SNHW4ADT.zip&Tp=1&Ctry_Code=SN&surv_id=233&dm=1&dmode=nm,Senegal/Antropometria_HW/SNHW4ADT.zip
SNIQ41DT.zip,SN,Senegal,IQ,Questionário Individual (Individual Questionnaire),Questionários individuais específicos.,Questionario_Individual_IQ,41,Stata (.dta),166,https://dhsprogram.com/customcf/legacy/data/download_dataset.cfm?Filename=SNIQ41DT.zip&Tp=1&Ctry_Code=SN&surv_id=166&dm=1&dmode=nm,Senegal/Questionario_Individual_IQ/SNIQ41DT.zip
SNIR02DT.zip,SN,Senegal,IR,Mulheres (Individual Recode),"Dados individuais de mulheres (15-49 anos). Inclui saúde reprodutiva, maternidade, pré-natal, etc. [BÔNUS SAÚDE DA MULHER]",Saude_da_Mulher_IR,02,Stata (.dta),3,https://dhsprogram.com/customcf/legacy/data/download_dataset.cfm?Filename=SNIR02DT.zip&Tp=1&Ctry_Code=SN&surv_id=3&dm=1&dmode=nm,Senegal/Saude_da_Mulher_IR/SNIR02DT.zip
SNIR21DT.zip,SN,Senegal,IR,Mulheres (Individual Recode),"Dados individuais de mulheres (15-49 anos). Inclui saúde reprodutiva, maternidade, pré-natal, etc. [BÔNUS SAÚDE DA MULHER]",Saude_da_Mulher_IR,21,Stata (.dta),46,https://dhsprogram.com/customcf/legacy/data/download_dataset.cfm?Filename=SNIR21DT.zip&Tp=1&Ctry_Code=SN&surv_id=46&dm=1&dmode=nm,Senegal/Saude_da_Mulher_IR/SNIR21DT.zip
SNIR32DT.zip,SN,Senegal,IR,Mulheres (Individual Recode),"Dados individuais de mulheres (15-49 anos). Inclui saúde reprodutiva, maternidade, pré-natal, etc. [BÔNUS SAÚDE DA MULHER]",Saude_da_Mulher_IR,32,Stata (.dta),81,https://dhsprogram.com/customcf/legacy/data/download_dataset.cfm?Filename=SNIR32DT.zip&Tp=1&Ctry_Code=SN&surv_id=81&dm=1&dmode=nm,Senegal/Saude_da_Mulher_IR/SNIR32DT.zip
SNIR4ADT.zip,SN,Senegal,IR,Mulheres (Individual Recode),"Dados individuais de mulheres (15-49 anos). Inclui saúde reprodutiva, maternidade, pré-natal, etc. [BÔNUS SAÚDE DA MULHER]",Saude_da_Mulher_IR,4A,Stata (.dta),233,https://dhsprogram.com/customcf/legacy/data/download_dataset.cfm?Filename=SNIR4ADT.zip&Tp=1&Ctry_Code=SN&surv_id=233&dm=1&dmode=nm,Senegal/Saude_da_Mulher_IR/SNIR4ADT.zip
SNIR51DT.zip,SN,Senegal,IR,Mulheres (Individual Recode),"Dados individuais de mulheres (15-49 anos). Inclui saúde reprodutiva, maternidade, pré-natal, etc. [BÔNUS SAÚDE DA MULHER]",Saude_da_Mulher_IR,51,Stata (.dta),293,https://dhsprogram.com/customcf/legacy/data/download_dataset.cfm?Filename=SNIR51DT.zip&Tp=1&Ctry_Code=SN&surv_id=293&dm=1&dmode=nm,Senegal/Saude_da_Mulher_IR/SNIR51DT.zip
SNIR5ADT.zip,SN,Senegal,IR,Mulheres (Individual Recode),"Dados individuais de mulheres (15-49 anos). Inclui saúde reprodutiva, maternidade, pré-natal, etc. [BÔNUS SAÚDE DA MULHER]",Saude_da_Mulher_IR,5A,Stata (.dta),338,https://dhsprogram.com/customcf/legacy/data/download_dataset.cfm?Filename=SNIR5ADT.zip&Tp=1&Ctry_Code=SN&surv_id=338&dm=1&dmode=nm,Senegal/Saude_da_Mulher_IR/SNIR5ADT.zip
SNIR61DT.zip,SN,Senegal,IR,Mulheres (Individual Recode),"Dados individuais de mulheres (15-49 anos). Inclui saúde reprodutiva, maternidade, pré-natal, etc. [BÔNUS SAÚDE DA MULHER]",Saude_da_Mulher_IR,61,Stata (.dta),365,https://dhsprogram.com/customcf/legacy/data/download_dataset.cfm?Filename=SNIR61DT.zip&Tp=1&Ctry_Code=SN&surv_id=365&dm=1&dmode=nm,Senegal/Saude_da_Mulher_IR/SNIR61DT.zip
SNIR6DDT.zip,SN,Senegal,IR,Mulheres (Individual Recode),"Dados individuais de mulheres (15-49 anos). Inclui saúde reprodutiva, maternidade, pré-natal, etc. [BÔNUS SAÚDE DA MULHER]",Saude_da_Mulher_IR,6D,Stata (.dta),423,https://dhsprogram.com/customcf/legacy/data/download_dataset.cfm?Filename=SNIR6DDT.zip&Tp=1&Ctry_Code=SN&surv_id=423&dm=1&dmode=nm,Senegal/Saude_da_Mulher_IR/SNIR6DDT.zip
SNIR71DT.zip,SN,Senegal,IR,Mulheres (Individual Recode),"Dados individuais de mulheres (15-49 anos). Inclui saúde reprodutiva, maternidade, pré-natal, etc. [BÔNUS SAÚDE DA MULHER]",Saude_da_Mulher_IR,71,Stata (.dta),457,https://dhsprogram.com/customcf/legacy/data/download_dataset.cfm?Filename=SNIR71DT.zip&Tp=1&Ctry_Code=SN&surv_id=457&dm=1&dmode=nm,Senegal/Saude_da_Mulher_IR/SNIR71DT.zip
SNIR7ADT.zip,SN,Senegal,IR,Mulheres (Individual Recode),"Dados individuais de mulheres (15-49 anos). Inclui saúde reprodutiva, maternidade, pré-natal, etc. [BÔNUS SAÚDE DA MULHER]",Saude_da_Mulher_IR,7A,Stata (.dta),489,https://dhsprogram.com/customcf/legacy/data/download_dataset.cfm?Filename=SNIR7ADT.zip&Tp=1&Ctry_Code=SN&surv_id=489&dm=1&dmode=nm,Senegal/Saude_da_Mulher_IR/SNIR7ADT.zip
SNIR7IDT.zip,SN,Senegal,IR,Mulheres (Individual Recode),"Dados individuais de mulheres (15-49 anos). Inclui saúde reprodutiva, maternidade, pré-natal, etc. [BÔNUS SAÚDE DA MULHER]",Saude_da_Mulher_IR,7I,Stata (.dta),524,https://dhsprogram.com/customcf/legacy/data/download_dataset.cfm?Filename=SNIR7IDT.zip&Tp=1&Ctry_Code=SN&surv_id=524&dm=1&dmode=nm,Senegal/Saude_da_Mulher_IR/SNIR7IDT.zip
SNIR7ZDT.zip,SN,Senegal,IR,Mulheres (Individual Recode),"Dados individuais de mulheres (15-49 anos). Inclui saúde reprodutiva, maternidade, pré-natal, etc. [BÔNUS SAÚDE DA MULHER]",Saude_da_Mulher_IR,7Z,Stata (.dta),534,https://dhsprogram.com/customcf/legacy/data/download_dataset.cfm?Filename=SNIR7ZDT.zip&Tp=1&Ctry_Code=SN&surv_id=534&dm=1&dmode=nm,Senegal/Saude_da_Mulher_IR/SNIR7ZDT.zip
SNIR81DT.zip,SN,Senegal,IR,Mulheres (Individual Recode),"Dados individuais de mulheres (15-49 anos). Inclui saúde reprodutiva, maternidade, pré-natal, etc. [BÔNUS SAÚDE DA MULHER]",Saude_da_Mulher_IR,81,Stata (.dta),580,https://dhsprogram.com/customcf/legacy/data/download_dataset.cfm?Filename=SNIR81DT.zip&Tp=1&Ctry_Code=SN&surv_id=580&dm=1&dmode=nm,Senegal/Saude_da_Mulher_IR/SNIR81DT.zip
SNIR8BDT.zip,SN,Senegal,IR,Mulheres (Individual Recode),"Dados individuais de mulheres (15-49 anos). Inclui saúde reprodutiva, maternidade, pré-natal, etc. [BÔNUS SAÚDE DA MULHER]",Saude_da_Mulher_IR,8B,Stata (.dta),581,https://dhsprogram.com/customcf/legacy/data/download_dataset.cfm?Filename=SNIR8BDT.zip&Tp=1&Ctry_Code=SN&surv_id=581&dm=1&dmode=nm,Senegal/Saude_da_Mulher_IR/SNIR8BDT.zip
SNIR8IDT.zip,SN,Senegal,IR,Mulheres (Individual Recode),"Dados individuais de mulheres (15-49 anos). Inclui saúde reprodutiva, maternidade, pré-natal, etc. [BÔNUS SAÚDE DA MULHER]",Saude_da_Mulher_IR,8I,Stata (.dta),587,https://dhsprogram.com/customcf/legacy/data/download_dataset.cfm?Filename=SNIR8IDT.zip&Tp=1&Ctry_Code=SN&surv_id=587&dm=1&dmode=nm,Senegal/Saude_da_Mulher_IR/SNIR8IDT.zip
SNIR8SDT.zip,SN,Senegal,IR,Mulheres (Individual Recode),"Dados individuais de mulheres (15-49 anos). Inclui saúde reprodutiva, maternidade, pré-natal, etc. [BÔNUS SAÚDE DA MULHER]",Saude_da_Mulher_IR,8S,Stata (.dta),611,https://dhsprogram.com/customcf/legacy/data/download_dataset.cfm?Filename=SNIR8SDT.zip&Tp=1&Ctry_Code=SN&surv_id=611&dm=1&dmode=nm,Senegal/Saude_da_Mulher_IR/SNIR8SDT.zip
SNKR01DT.zip,SN,Senegal,KR,Crianças (Children's Recode),"Crianças menores de 5 anos de idade, vacinação, nutrição, amamentação e episódios de doenças.",Criancas_KR,01,Stata (.dta),3,https://dhsprogram.com/customcf/legacy/data/download_dataset.cfm?Filename=SNKR01DT.zip&Tp=1&Ctry_Code=SN&surv_id=3&dm=1&dmode=nm,Senegal/Criancas_KR/SNKR01DT.zip
SNKR21DT.zip,SN,Senegal,KR,Crianças (Children's Recode),"Crianças menores de 5 anos de idade, vacinação, nutrição, amamentação e episódios de doenças.",Criancas_KR,21,Stata (.dta),46,https://dhsprogram.com/customcf/legacy/data/download_dataset.cfm?Filename=SNKR21DT.zip&Tp=1&Ctry_Code=SN&surv_id=46&dm=1&dmode=nm,Senegal/Criancas_KR/SNKR21DT.zip
SNKR32DT.zip,SN,Senegal,KR,Crianças (Children's Recode),"Crianças menores de 5 anos de idade, vacinação, nutrição, amamentação e episódios de doenças.",Criancas_KR,32,Stata (.dta),81,https://dhsprogram.com/customcf/legacy/data/download_dataset.cfm?Filename=SNKR32DT.zip&Tp=1&Ctry_Code=SN&surv_id=81&dm=1&dmode=nm,Senegal/Criancas_KR/SNKR32DT.zip
SNKR4ADT.zip,SN,Senegal,KR,Crianças (Children's Recode),"Crianças menores de 5 anos de idade, vacinação, nutrição, amamentação e episódios de doenças.",Criancas_KR,4A,Stata (.dta),233,https://dhsprogram.com/customcf/legacy/data/download_dataset.cfm?Filename=SNKR4ADT.zip&Tp=1&Ctry_Code=SN&surv_id=233&dm=1&dmode=nm,Senegal/Criancas_KR/SNKR4ADT.zip
SNKR51DT.zip,SN,Senegal,KR,Crianças (Children's Recode),"Crianças menores de 5 anos de idade, vacinação, nutrição, amamentação e episódios de doenças.",Criancas_KR,51,Stata (.dta),293,https://dhsprogram.com/customcf/legacy/data/download_dataset.cfm?Filename=SNKR51DT.zip&Tp=1&Ctry_Code=SN&surv_id=293&dm=1&dmode=nm,Senegal/Criancas_KR/SNKR51DT.zip
SNKR5ADT.zip,SN,Senegal,KR,Crianças (Children's Recode),"Crianças menores de 5 anos de idade, vacinação, nutrição, amamentação e episódios de doenças.",Criancas_KR,5A,Stata (.dta),338,https://dhsprogram.com/customcf/legacy/data/download_dataset.cfm?Filename=SNKR5ADT.zip&Tp=1&Ctry_Code=SN&surv_id=338&dm=1&dmode=nm,Senegal/Criancas_KR/SNKR5ADT.zip
SNKR61DT.zip,SN,Senegal,KR,Crianças (Children's Recode),"Crianças menores de 5 anos de idade, vacinação, nutrição, amamentação e episódios de doenças.",Criancas_KR,61,Stata (.dta),365,https://dhsprogram.com/customcf/legacy/data/download_dataset.cfm?Filename=SNKR61DT.zip&Tp=1&Ctry_Code=SN&surv_id=365&dm=1&dmode=nm,Senegal/Criancas_KR/SNKR61DT.zip
SNKR6DDT.zip,SN,Senegal,KR,Crianças (Children's Recode),"Crianças menores de 5 anos de idade, vacinação, nutrição, amamentação e episódios de doenças.",Criancas_KR,6D,Stata (.dta),423,https://dhsprogram.com/customcf/legacy/data/download_dataset.cfm?Filename=SNKR6DDT.zip&Tp=1&Ctry_Code=SN&surv_id=423&dm=1&dmode=nm,Senegal/Criancas_KR/SNKR6DDT.zip
SNKR71DT.zip,SN,Senegal,KR,Crianças (Children's Recode),"Crianças menores de 5 anos de idade, vacinação, nutrição, amamentação e episódios de doenças.",Criancas_KR,71,Stata (.dta),457,https://dhsprogram.com/customcf/legacy/data/download_dataset.cfm?Filename=SNKR71DT.zip&Tp=1&Ctry_Code=SN&surv_id=457&dm=1&dmode=nm,Senegal/Criancas_KR/SNKR71DT.zip
SNKR7ADT.zip,SN,Senegal,KR,Crianças (Children's Recode),"Crianças menores de 5 anos de idade, vacinação, nutrição, amamentação e episódios de doenças.",Criancas_KR,7A,Stata (.dta),489,https://dhsprogram.com/customcf/legacy/data/download_dataset.cfm?Filename=SNKR7ADT.zip&Tp=1&Ctry_Code=SN&surv_id=489&dm=1&dmode=nm,Senegal/Criancas_KR/SNKR7ADT.zip
SNKR7IDT.zip,SN,Senegal,KR,Crianças (Children's Recode),"Crianças menores de 5 anos de idade, vacinação, nutrição, amamentação e episódios de doenças.",Criancas_KR,7I,Stata (.dta),524,https://dhsprogram.com/customcf/legacy/data/download_dataset.cfm?Filename=SNKR7IDT.zip&Tp=1&Ctry_Code=SN&surv_id=524&dm=1&dmode=nm,Senegal/Criancas_KR/SNKR7IDT.zip
SNKR7ZDT.zip,SN,Senegal,KR,Crianças (Children's Recode),"Crianças menores de 5 anos de idade, vacinação, nutrição, amamentação e episódios de doenças.",Criancas_KR,7Z,Stata (.dta),534,https://dhsprogram.com/customcf/legacy/data/download_dataset.cfm?Filename=SNKR7ZDT.zip&Tp=1&Ctry_Code=SN&surv_id=534&dm=1&dmode=nm,Senegal/Criancas_KR/SNKR7ZDT.zip
SNKR81DT.zip,SN,Senegal,KR,Crianças (Children's Recode),"Crianças menores de 5 anos de idade, vacinação, nutrição, amamentação e episódios de doenças.",Criancas_KR,81,Stata (.dta),580,https://dhsprogram.com/customcf/legacy/data/download_dataset.cfm?Filename=SNKR81DT.zip&Tp=1&Ctry_Code=SN&surv_id=580&dm=1&dmode=nm,Senegal/Criancas_KR/SNKR81DT.zip
SNKR8BDT.zip,SN,Senegal,KR,Crianças (Children's Recode),"Crianças menores de 5 anos de idade, vacinação, nutrição, amamentação e episódios de doenças.",Criancas_KR,8B,Stata (.dta),581,https://dhsprogram.com/customcf/legacy/data/download_dataset.cfm?Filename=SNKR8BDT.zip&Tp=1&Ctry_Code=SN&surv_id=581&dm=1&dmode=nm,Senegal/Criancas_KR/SNKR8BDT.zip
SNKR8IDT.zip,SN,Senegal,KR,Crianças (Children's Recode),"Crianças menores de 5 anos de idade, vacinação, nutrição, amamentação e episódios de doenças.",Criancas_KR,8I,Stata (.dta),587,https://dhsprogram.com/customcf/legacy/data/download_dataset.cfm?Filename=SNKR8IDT.zip&Tp=1&Ctry_Code=SN&surv_id=587&dm=1&dmode=nm,Senegal/Criancas_KR/SNKR8IDT.zip
SNKR8SDT.zip,SN,Senegal,KR,Crianças (Children's Recode),"Crianças menores de 5 anos de idade, vacinação, nutrição, amamentação e episódios de doenças.",Criancas_KR,8S,Stata (.dta),611,https://dhsprogram.com/customcf/legacy/data/download_dataset.cfm?Filename=SNKR8SDT.zip&Tp=1&Ctry_Code=SN&surv_id=611&dm=1&dmode=nm,Senegal/Criancas_KR/SNKR8SDT.zip
SNML41DT.zip,SN,Senegal,ML,Malária (Malaria Module),"Módulo de prevenção, testes e tratamento de malária.",Malaria_ML,41,Stata (.dta),166,https://dhsprogram.com/customcf/legacy/data/download_dataset.cfm?Filename=SNML41DT.zip&Tp=1&Ctry_Code=SN&surv_id=166&dm=1&dmode=nm,Senegal/Malaria_ML/SNML41DT.zip
SNMR21DT.zip,SN,Senegal,MR,Homens (Men's Recode),"Dados individuais de homens (15-49/59 anos), trabalho, saúde e conhecimentos reprodutivos.",Homens_MR,21,Stata (.dta),46,https://dhsprogram.com/customcf/legacy/data/download_dataset.cfm?Filename=SNMR21DT.zip&Tp=1&Ctry_Code=SN&surv_id=46&dm=1&dmode=nm,Senegal/Homens_MR/SNMR21DT.zip
SNMR31DT.zip,SN,Senegal,MR,Homens (Men's Recode),"Dados individuais de homens (15-49/59 anos), trabalho, saúde e conhecimentos reprodutivos.",Homens_MR,31,Stata (.dta),81,https://dhsprogram.com/customcf/legacy/data/download_dataset.cfm?Filename=SNMR31DT.zip&Tp=1&Ctry_Code=SN&surv_id=81&dm=1&dmode=nm,Senegal/Homens_MR/SNMR31DT.zip
SNMR4ADT.zip,SN,Senegal,MR,Homens (Men's Recode),"Dados individuais de homens (15-49/59 anos), trabalho, saúde e conhecimentos reprodutivos.",Homens_MR,4A,Stata (.dta),233,https://dhsprogram.com/customcf/legacy/data/download_dataset.cfm?Filename=SNMR4ADT.zip&Tp=1&Ctry_Code=SN&surv_id=233&dm=1&dmode=nm,Senegal/Homens_MR/SNMR4ADT.zip
SNMR61DT.zip,SN,Senegal,MR,Homens (Men's Recode),"Dados individuais de homens (15-49/59 anos), trabalho, saúde e conhecimentos reprodutivos.",Homens_MR,61,Stata (.dta),365,https://dhsprogram.com/customcf/legacy/data/download_dataset.cfm?Filename=SNMR61DT.zip&Tp=1&Ctry_Code=SN&surv_id=365&dm=1&dmode=nm,Senegal/Homens_MR/SNMR61DT.zip
SNMR71DT.zip,SN,Senegal,MR,Homens (Men's Recode),"Dados individuais de homens (15-49/59 anos), trabalho, saúde e conhecimentos reprodutivos.",Homens_MR,71,Stata (.dta),457,https://dhsprogram.com/customcf/legacy/data/download_dataset.cfm?Filename=SNMR71DT.zip&Tp=1&Ctry_Code=SN&surv_id=457&dm=1&dmode=nm,Senegal/Homens_MR/SNMR71DT.zip
SNMR7ADT.zip,SN,Senegal,MR,Homens (Men's Recode),"Dados individuais de homens (15-49/59 anos), trabalho, saúde e conhecimentos reprodutivos.",Homens_MR,7A,Stata (.dta),489,https://dhsprogram.com/customcf/legacy/data/download_dataset.cfm?Filename=SNMR7ADT.zip&Tp=1&Ctry_Code=SN&surv_id=489&dm=1&dmode=nm,Senegal/Homens_MR/SNMR7ADT.zip
SNMR7IDT.zip,SN,Senegal,MR,Homens (Men's Recode),"Dados individuais de homens (15-49/59 anos), trabalho, saúde e conhecimentos reprodutivos.",Homens_MR,7I,Stata (.dta),524,https://dhsprogram.com/customcf/legacy/data/download_dataset.cfm?Filename=SNMR7IDT.zip&Tp=1&Ctry_Code=SN&surv_id=524&dm=1&dmode=nm,Senegal/Homens_MR/SNMR7IDT.zip
SNMR7ZDT.zip,SN,Senegal,MR,Homens (Men's Recode),"Dados individuais de homens (15-49/59 anos), trabalho, saúde e conhecimentos reprodutivos.",Homens_MR,7Z,Stata (.dta),534,https://dhsprogram.com/customcf/legacy/data/download_dataset.cfm?Filename=SNMR7ZDT.zip&Tp=1&Ctry_Code=SN&surv_id=534&dm=1&dmode=nm,Senegal/Homens_MR/SNMR7ZDT.zip
SNMR81DT.zip,SN,Senegal,MR,Homens (Men's Recode),"Dados individuais de homens (15-49/59 anos), trabalho, saúde e conhecimentos reprodutivos.",Homens_MR,81,Stata (.dta),580,https://dhsprogram.com/customcf/legacy/data/download_dataset.cfm?Filename=SNMR81DT.zip&Tp=1&Ctry_Code=SN&surv_id=580&dm=1&dmode=nm,Senegal/Homens_MR/SNMR81DT.zip
SNMR8BDT.zip,SN,Senegal,MR,Homens (Men's Recode),"Dados individuais de homens (15-49/59 anos), trabalho, saúde e conhecimentos reprodutivos.",Homens_MR,8B,Stata (.dta),581,https://dhsprogram.com/customcf/legacy/data/download_dataset.cfm?Filename=SNMR8BDT.zip&Tp=1&Ctry_Code=SN&surv_id=581&dm=1&dmode=nm,Senegal/Homens_MR/SNMR8BDT.zip
SNMR8SDT.zip,SN,Senegal,MR,Homens (Men's Recode),"Dados individuais de homens (15-49/59 anos), trabalho, saúde e conhecimentos reprodutivos.",Homens_MR,8S,Stata (.dta),611,https://dhsprogram.com/customcf/legacy/data/download_dataset.cfm?Filename=SNMR8SDT.zip&Tp=1&Ctry_Code=SN&surv_id=611&dm=1&dmode=nm,Senegal/Homens_MR/SNMR8SDT.zip
SNPR21DT.zip,SN,Senegal,PR,Moradores (Household Member Recode),"Informações demográficas de todos os moradores do domicílio (idade, sexo, educação).",Moradores_PR,21,Stata (.dta),46,https://dhsprogram.com/customcf/legacy/data/download_dataset.cfm?Filename=SNPR21DT.zip&Tp=1&Ctry_Code=SN&surv_id=46&dm=1&dmode=nm,Senegal/Moradores_PR/SNPR21DT.zip
SNPR32DT.zip,SN,Senegal,PR,Moradores (Household Member Recode),"Informações demográficas de todos os moradores do domicílio (idade, sexo, educação).",Moradores_PR,32,Stata (.dta),81,https://dhsprogram.com/customcf/legacy/data/download_dataset.cfm?Filename=SNPR32DT.zip&Tp=1&Ctry_Code=SN&surv_id=81&dm=1&dmode=nm,Senegal/Moradores_PR/SNPR32DT.zip
SNPR4ADT.zip,SN,Senegal,PR,Moradores (Household Member Recode),"Informações demográficas de todos os moradores do domicílio (idade, sexo, educação).",Moradores_PR,4A,Stata (.dta),233,https://dhsprogram.com/customcf/legacy/data/download_dataset.cfm?Filename=SNPR4ADT.zip&Tp=1&Ctry_Code=SN&surv_id=233&dm=1&dmode=nm,Senegal/Moradores_PR/SNPR4ADT.zip
SNPR51DT.zip,SN,Senegal,PR,Moradores (Household Member Recode),"Informações demográficas de todos os moradores do domicílio (idade, sexo, educação).",Moradores_PR,51,Stata (.dta),293,https://dhsprogram.com/customcf/legacy/data/download_dataset.cfm?Filename=SNPR51DT.zip&Tp=1&Ctry_Code=SN&surv_id=293&dm=1&dmode=nm,Senegal/Moradores_PR/SNPR51DT.zip
SNPR5ADT.zip,SN,Senegal,PR,Moradores (Household Member Recode),"Informações demográficas de todos os moradores do domicílio (idade, sexo, educação).",Moradores_PR,5A,Stata (.dta),338,https://dhsprogram.com/customcf/legacy/data/download_dataset.cfm?Filename=SNPR5ADT.zip&Tp=1&Ctry_Code=SN&surv_id=338&dm=1&dmode=nm,Senegal/Moradores_PR/SNPR5ADT.zip
SNPR61DT.zip,SN,Senegal,PR,Moradores (Household Member Recode),"Informações demográficas de todos os moradores do domicílio (idade, sexo, educação).",Moradores_PR,61,Stata (.dta),365,https://dhsprogram.com/customcf/legacy/data/download_dataset.cfm?Filename=SNPR61DT.zip&Tp=1&Ctry_Code=SN&surv_id=365&dm=1&dmode=nm,Senegal/Moradores_PR/SNPR61DT.zip
SNPR6DDT.zip,SN,Senegal,PR,Moradores (Household Member Recode),"Informações demográficas de todos os moradores do domicílio (idade, sexo, educação).",Moradores_PR,6D,Stata (.dta),423,https://dhsprogram.com/customcf/legacy/data/download_dataset.cfm?Filename=SNPR6DDT.zip&Tp=1&Ctry_Code=SN&surv_id=423&dm=1&dmode=nm,Senegal/Moradores_PR/SNPR6DDT.zip
SNPR71DT.zip,SN,Senegal,PR,Moradores (Household Member Recode),"Informações demográficas de todos os moradores do domicílio (idade, sexo, educação).",Moradores_PR,71,Stata (.dta),457,https://dhsprogram.com/customcf/legacy/data/download_dataset.cfm?Filename=SNPR71DT.zip&Tp=1&Ctry_Code=SN&surv_id=457&dm=1&dmode=nm,Senegal/Moradores_PR/SNPR71DT.zip
SNPR7ADT.zip,SN,Senegal,PR,Moradores (Household Member Recode),"Informações demográficas de todos os moradores do domicílio (idade, sexo, educação).",Moradores_PR,7A,Stata (.dta),489,https://dhsprogram.com/customcf/legacy/data/download_dataset.cfm?Filename=SNPR7ADT.zip&Tp=1&Ctry_Code=SN&surv_id=489&dm=1&dmode=nm,Senegal/Moradores_PR/SNPR7ADT.zip
SNPR7IDT.zip,SN,Senegal,PR,Moradores (Household Member Recode),"Informações demográficas de todos os moradores do domicílio (idade, sexo, educação).",Moradores_PR,7I,Stata (.dta),524,https://dhsprogram.com/customcf/legacy/data/download_dataset.cfm?Filename=SNPR7IDT.zip&Tp=1&Ctry_Code=SN&surv_id=524&dm=1&dmode=nm,Senegal/Moradores_PR/SNPR7IDT.zip
SNPR7ZDT.zip,SN,Senegal,PR,Moradores (Household Member Recode),"Informações demográficas de todos os moradores do domicílio (idade, sexo, educação).",Moradores_PR,7Z,Stata (.dta),534,https://dhsprogram.com/customcf/legacy/data/download_dataset.cfm?Filename=SNPR7ZDT.zip&Tp=1&Ctry_Code=SN&surv_id=534&dm=1&dmode=nm,Senegal/Moradores_PR/SNPR7ZDT.zip
SNPR81DT.zip,SN,Senegal,PR,Moradores (Household Member Recode),"Informações demográficas de todos os moradores do domicílio (idade, sexo, educação).",Moradores_PR,81,Stata (.dta),580,https://dhsprogram.com/customcf/legacy/data/download_dataset.cfm?Filename=SNPR81DT.zip&Tp=1&Ctry_Code=SN&surv_id=580&dm=1&dmode=nm,Senegal/Moradores_PR/SNPR81DT.zip
SNPR8BDT.zip,SN,Senegal,PR,Moradores (Household Member Recode),"Informações demográficas de todos os moradores do domicílio (idade, sexo, educação).",Moradores_PR,8B,Stata (.dta),581,https://dhsprogram.com/customcf/legacy/data/download_dataset.cfm?Filename=SNPR8BDT.zip&Tp=1&Ctry_Code=SN&surv_id=581&dm=1&dmode=nm,Senegal/Moradores_PR/SNPR8BDT.zip
SNPR8IDT.zip,SN,Senegal,PR,Moradores (Household Member Recode),"Informações demográficas de todos os moradores do domicílio (idade, sexo, educação).",Moradores_PR,8I,Stata (.dta),587,https://dhsprogram.com/customcf/legacy/data/download_dataset.cfm?Filename=SNPR8IDT.zip&Tp=1&Ctry_Code=SN&surv_id=587&dm=1&dmode=nm,Senegal/Moradores_PR/SNPR8IDT.zip
SNPR8SDT.zip,SN,Senegal,PR,Moradores (Household Member Recode),"Informações demográficas de todos os moradores do domicílio (idade, sexo, educação).",Moradores_PR,8S,Stata (.dta),611,https://dhsprogram.com/customcf/legacy/data/download_dataset.cfm?Filename=SNPR8SDT.zip&Tp=1&Ctry_Code=SN&surv_id=611&dm=1&dmode=nm,Senegal/Moradores_PR/SNPR8SDT.zip
SNSQ22DT.zip,SN,Senegal,SQ,Serviços de Saúde (Service Questionnaire),Disponibilidade e infraestrutura dos serviços de saúde comunitários.,Servicos_Saude_SQ,22,Stata (.dta),46,https://dhsprogram.com/customcf/legacy/data/download_dataset.cfm?Filename=SNSQ22DT.zip&Tp=1&Ctry_Code=SN&surv_id=46&dm=1&dmode=nm,Senegal/Servicos_Saude_SQ/SNSQ22DT.zip
SNWI32DT.zip,SN,Senegal,WI,Índice de Riqueza (Wealth Index),Pontuação e quintil do índice de riqueza socioeconômica.,Riqueza_WI,32,Stata (.dta),81,https://dhsprogram.com/customcf/legacy/data/download_dataset.cfm?Filename=SNWI32DT.zip&Tp=1&Ctry_Code=SN&surv_id=81&dm=1&dmode=nm,Senegal/Riqueza_WI/SNWI32DT.zip
SLBR51DT.zip,SL,Serra Leoa,BR,Nascimentos (Births Recode),"Histórico de nascimentos das mulheres entrevistadas, partos, peso ao nascer e mortalidade infantil.",Nascimentos_BR,51,Stata (.dta),324,https://dhsprogram.com/customcf/legacy/data/download_dataset.cfm?Filename=SLBR51DT.zip&Tp=1&Ctry_Code=SL&surv_id=324&dm=1&dmode=nm,Serra Leoa/Nascimentos_BR/SLBR51DT.zip
SLBR61DT.zip,SL,Serra Leoa,BR,Nascimentos (Births Recode),"Histórico de nascimentos das mulheres entrevistadas, partos, peso ao nascer e mortalidade infantil.",Nascimentos_BR,61,Stata (.dta),450,https://dhsprogram.com/customcf/legacy/data/download_dataset.cfm?Filename=SLBR61DT.zip&Tp=1&Ctry_Code=SL&surv_id=450&dm=1&dmode=nm,Serra Leoa/Nascimentos_BR/SLBR61DT.zip
SLBR7ADT.zip,SL,Serra Leoa,BR,Nascimentos (Births Recode),"Histórico de nascimentos das mulheres entrevistadas, partos, peso ao nascer e mortalidade infantil.",Nascimentos_BR,7A,Stata (.dta),545,https://dhsprogram.com/customcf/legacy/data/download_dataset.cfm?Filename=SLBR7ADT.zip&Tp=1&Ctry_Code=SL&surv_id=545&dm=1&dmode=nm,Serra Leoa/Nascimentos_BR/SLBR7ADT.zip
SLCR51DT.zip,SL,Serra Leoa,CR,Casais (Couples Recode),Dados conjuntos de casais casados ou vivendo em união estável.,Casais_CR,51,Stata (.dta),324,https://dhsprogram.com/customcf/legacy/data/download_dataset.cfm?Filename=SLCR51DT.zip&Tp=1&Ctry_Code=SL&surv_id=324&dm=1&dmode=nm,Serra Leoa/Casais_CR/SLCR51DT.zip
SLCR61DT.zip,SL,Serra Leoa,CR,Casais (Couples Recode),Dados conjuntos de casais casados ou vivendo em união estável.,Casais_CR,61,Stata (.dta),450,https://dhsprogram.com/customcf/legacy/data/download_dataset.cfm?Filename=SLCR61DT.zip&Tp=1&Ctry_Code=SL&surv_id=450&dm=1&dmode=nm,Serra Leoa/Casais_CR/SLCR61DT.zip
SLCR7ADT.zip,SL,Serra Leoa,CR,Casais (Couples Recode),Dados conjuntos de casais casados ou vivendo em união estável.,Casais_CR,7A,Stata (.dta),545,https://dhsprogram.com/customcf/legacy/data/download_dataset.cfm?Filename=SLCR7ADT.zip&Tp=1&Ctry_Code=SL&surv_id=545&dm=1&dmode=nm,Serra Leoa/Casais_CR/SLCR7ADT.zip
SLHR51DT.zip,SL,Serra Leoa,HR,Domicílios (Household Recode),"Características do domicílio, saneamento básico, fontes de água, bens e bens duráveis.",Domicilios_HR,51,Stata (.dta),324,https://dhsprogram.com/customcf/legacy/data/download_dataset.cfm?Filename=SLHR51DT.zip&Tp=1&Ctry_Code=SL&surv_id=324&dm=1&dmode=nm,Serra Leoa/Domicilios_HR/SLHR51DT.zip
SLHR61DT.zip,SL,Serra Leoa,HR,Domicílios (Household Recode),"Características do domicílio, saneamento básico, fontes de água, bens e bens duráveis.",Domicilios_HR,61,Stata (.dta),450,https://dhsprogram.com/customcf/legacy/data/download_dataset.cfm?Filename=SLHR61DT.zip&Tp=1&Ctry_Code=SL&surv_id=450&dm=1&dmode=nm,Serra Leoa/Domicilios_HR/SLHR61DT.zip
SLHR73DT.zip,SL,Serra Leoa,HR,Domicílios (Household Recode),"Características do domicílio, saneamento básico, fontes de água, bens e bens duráveis.",Domicilios_HR,73,Stata (.dta),515,https://dhsprogram.com/customcf/legacy/data/download_dataset.cfm?Filename=SLHR73DT.zip&Tp=1&Ctry_Code=SL&surv_id=515&dm=1&dmode=nm,Serra Leoa/Domicilios_HR/SLHR73DT.zip
SLHR7ADT.zip,SL,Serra Leoa,HR,Domicílios (Household Recode),"Características do domicílio, saneamento básico, fontes de água, bens e bens duráveis.",Domicilios_HR,7A,Stata (.dta),545,https://dhsprogram.com/customcf/legacy/data/download_dataset.cfm?Filename=SLHR7ADT.zip&Tp=1&Ctry_Code=SL&surv_id=545&dm=1&dmode=nm,Serra Leoa/Domicilios_HR/SLHR7ADT.zip
SLIR51DT.zip,SL,Serra Leoa,IR,Mulheres (Individual Recode),"Dados individuais de mulheres (15-49 anos). Inclui saúde reprodutiva, maternidade, pré-natal, etc. [BÔNUS SAÚDE DA MULHER]",Saude_da_Mulher_IR,51,Stata (.dta),324,https://dhsprogram.com/customcf/legacy/data/download_dataset.cfm?Filename=SLIR51DT.zip&Tp=1&Ctry_Code=SL&surv_id=324&dm=1&dmode=nm,Serra Leoa/Saude_da_Mulher_IR/SLIR51DT.zip
SLIR61DT.zip,SL,Serra Leoa,IR,Mulheres (Individual Recode),"Dados individuais de mulheres (15-49 anos). Inclui saúde reprodutiva, maternidade, pré-natal, etc. [BÔNUS SAÚDE DA MULHER]",Saude_da_Mulher_IR,61,Stata (.dta),450,https://dhsprogram.com/customcf/legacy/data/download_dataset.cfm?Filename=SLIR61DT.zip&Tp=1&Ctry_Code=SL&surv_id=450&dm=1&dmode=nm,Serra Leoa/Saude_da_Mulher_IR/SLIR61DT.zip
SLIR73DT.zip,SL,Serra Leoa,IR,Mulheres (Individual Recode),"Dados individuais de mulheres (15-49 anos). Inclui saúde reprodutiva, maternidade, pré-natal, etc. [BÔNUS SAÚDE DA MULHER]",Saude_da_Mulher_IR,73,Stata (.dta),515,https://dhsprogram.com/customcf/legacy/data/download_dataset.cfm?Filename=SLIR73DT.zip&Tp=1&Ctry_Code=SL&surv_id=515&dm=1&dmode=nm,Serra Leoa/Saude_da_Mulher_IR/SLIR73DT.zip
SLIR7ADT.zip,SL,Serra Leoa,IR,Mulheres (Individual Recode),"Dados individuais de mulheres (15-49 anos). Inclui saúde reprodutiva, maternidade, pré-natal, etc. [BÔNUS SAÚDE DA MULHER]",Saude_da_Mulher_IR,7A,Stata (.dta),545,https://dhsprogram.com/customcf/legacy/data/download_dataset.cfm?Filename=SLIR7ADT.zip&Tp=1&Ctry_Code=SL&surv_id=545&dm=1&dmode=nm,Serra Leoa/Saude_da_Mulher_IR/SLIR7ADT.zip
SLKR51DT.zip,SL,Serra Leoa,KR,Crianças (Children's Recode),"Crianças menores de 5 anos de idade, vacinação, nutrição, amamentação e episódios de doenças.",Criancas_KR,51,Stata (.dta),324,https://dhsprogram.com/customcf/legacy/data/download_dataset.cfm?Filename=SLKR51DT.zip&Tp=1&Ctry_Code=SL&surv_id=324&dm=1&dmode=nm,Serra Leoa/Criancas_KR/SLKR51DT.zip
SLKR61DT.zip,SL,Serra Leoa,KR,Crianças (Children's Recode),"Crianças menores de 5 anos de idade, vacinação, nutrição, amamentação e episódios de doenças.",Criancas_KR,61,Stata (.dta),450,https://dhsprogram.com/customcf/legacy/data/download_dataset.cfm?Filename=SLKR61DT.zip&Tp=1&Ctry_Code=SL&surv_id=450&dm=1&dmode=nm,Serra Leoa/Criancas_KR/SLKR61DT.zip
SLKR73DT.zip,SL,Serra Leoa,KR,Crianças (Children's Recode),"Crianças menores de 5 anos de idade, vacinação, nutrição, amamentação e episódios de doenças.",Criancas_KR,73,Stata (.dta),515,https://dhsprogram.com/customcf/legacy/data/download_dataset.cfm?Filename=SLKR73DT.zip&Tp=1&Ctry_Code=SL&surv_id=515&dm=1&dmode=nm,Serra Leoa/Criancas_KR/SLKR73DT.zip
SLKR7ADT.zip,SL,Serra Leoa,KR,Crianças (Children's Recode),"Crianças menores de 5 anos de idade, vacinação, nutrição, amamentação e episódios de doenças.",Criancas_KR,7A,Stata (.dta),545,https://dhsprogram.com/customcf/legacy/data/download_dataset.cfm?Filename=SLKR7ADT.zip&Tp=1&Ctry_Code=SL&surv_id=545&dm=1&dmode=nm,Serra Leoa/Criancas_KR/SLKR7ADT.zip
SLMR51DT.zip,SL,Serra Leoa,MR,Homens (Men's Recode),"Dados individuais de homens (15-49/59 anos), trabalho, saúde e conhecimentos reprodutivos.",Homens_MR,51,Stata (.dta),324,https://dhsprogram.com/customcf/legacy/data/download_dataset.cfm?Filename=SLMR51DT.zip&Tp=1&Ctry_Code=SL&surv_id=324&dm=1&dmode=nm,Serra Leoa/Homens_MR/SLMR51DT.zip
SLMR61DT.zip,SL,Serra Leoa,MR,Homens (Men's Recode),"Dados individuais de homens (15-49/59 anos), trabalho, saúde e conhecimentos reprodutivos.",Homens_MR,61,Stata (.dta),450,https://dhsprogram.com/customcf/legacy/data/download_dataset.cfm?Filename=SLMR61DT.zip&Tp=1&Ctry_Code=SL&surv_id=450&dm=1&dmode=nm,Serra Leoa/Homens_MR/SLMR61DT.zip
SLMR7ADT.zip,SL,Serra Leoa,MR,Homens (Men's Recode),"Dados individuais de homens (15-49/59 anos), trabalho, saúde e conhecimentos reprodutivos.",Homens_MR,7A,Stata (.dta),545,https://dhsprogram.com/customcf/legacy/data/download_dataset.cfm?Filename=SLMR7ADT.zip&Tp=1&Ctry_Code=SL&surv_id=545&dm=1&dmode=nm,Serra Leoa/Homens_MR/SLMR7ADT.zip
SLPR51DT.zip,SL,Serra Leoa,PR,Moradores (Household Member Recode),"Informações demográficas de todos os moradores do domicílio (idade, sexo, educação).",Moradores_PR,51,Stata (.dta),324,https://dhsprogram.com/customcf/legacy/data/download_dataset.cfm?Filename=SLPR51DT.zip&Tp=1&Ctry_Code=SL&surv_id=324&dm=1&dmode=nm,Serra Leoa/Moradores_PR/SLPR51DT.zip
SLPR61DT.zip,SL,Serra Leoa,PR,Moradores (Household Member Recode),"Informações demográficas de todos os moradores do domicílio (idade, sexo, educação).",Moradores_PR,61,Stata (.dta),450,https://dhsprogram.com/customcf/legacy/data/download_dataset.cfm?Filename=SLPR61DT.zip&Tp=1&Ctry_Code=SL&surv_id=450&dm=1&dmode=nm,Serra Leoa/Moradores_PR/SLPR61DT.zip
SLPR73DT.zip,SL,Serra Leoa,PR,Moradores (Household Member Recode),"Informações demográficas de todos os moradores do domicílio (idade, sexo, educação).",Moradores_PR,73,Stata (.dta),515,https://dhsprogram.com/customcf/legacy/data/download_dataset.cfm?Filename=SLPR73DT.zip&Tp=1&Ctry_Code=SL&surv_id=515&dm=1&dmode=nm,Serra Leoa/Moradores_PR/SLPR73DT.zip
SLPR7ADT.zip,SL,Serra Leoa,PR,Moradores (Household Member Recode),"Informações demográficas de todos os moradores do domicílio (idade, sexo, educação).",Moradores_PR,7A,Stata (.dta),545,https://dhsprogram.com/customcf/legacy/data/download_dataset.cfm?Filename=SLPR7ADT.zip&Tp=1&Ctry_Code=SL&surv_id=545&dm=1&dmode=nm,Serra Leoa/Moradores_PR/SLPR7ADT.zip
ZABR31DT.zip,ZA,África do Sul,BR,Nascimentos (Births Recode),"Histórico de nascimentos das mulheres entrevistadas, partos, peso ao nascer e mortalidade infantil.",Nascimentos_BR,31,Stata (.dta),113,https://dhsprogram.com/customcf/legacy/data/download_dataset.cfm?Filename=ZABR31DT.zip&Tp=1&Ctry_Code=ZA&surv_id=113&dm=1&dmode=nm,África do Sul/Nascimentos_BR/ZABR31DT.zip
ZABR71DT.zip,ZA,África do Sul,BR,Nascimentos (Births Recode),"Histórico de nascimentos das mulheres entrevistadas, partos, peso ao nascer e mortalidade infantil.",Nascimentos_BR,71,Stata (.dta),390,https://dhsprogram.com/customcf/legacy/data/download_dataset.cfm?Filename=ZABR71DT.zip&Tp=1&Ctry_Code=ZA&surv_id=390&dm=1&dmode=nm,África do Sul/Nascimentos_BR/ZABR71DT.zip
ZACR71DT.zip,ZA,África do Sul,CR,Casais (Couples Recode),Dados conjuntos de casais casados ou vivendo em união estável.,Casais_CR,71,Stata (.dta),390,https://dhsprogram.com/customcf/legacy/data/download_dataset.cfm?Filename=ZACR71DT.zip&Tp=1&Ctry_Code=ZA&surv_id=390&dm=1&dmode=nm,África do Sul/Casais_CR/ZACR71DT.zip
ZAHR31DT.zip,ZA,África do Sul,HR,Domicílios (Household Recode),"Características do domicílio, saneamento básico, fontes de água, bens e bens duráveis.",Domicilios_HR,31,Stata (.dta),113,https://dhsprogram.com/customcf/legacy/data/download_dataset.cfm?Filename=ZAHR31DT.zip&Tp=1&Ctry_Code=ZA&surv_id=113&dm=1&dmode=nm,África do Sul/Domicilios_HR/ZAHR31DT.zip
ZAHR71DT.zip,ZA,África do Sul,HR,Domicílios (Household Recode),"Características do domicílio, saneamento básico, fontes de água, bens e bens duráveis.",Domicilios_HR,71,Stata (.dta),390,https://dhsprogram.com/customcf/legacy/data/download_dataset.cfm?Filename=ZAHR71DT.zip&Tp=1&Ctry_Code=ZA&surv_id=390&dm=1&dmode=nm,África do Sul/Domicilios_HR/ZAHR71DT.zip
ZAIR31DT.zip,ZA,África do Sul,IR,Mulheres (Individual Recode),"Dados individuais de mulheres (15-49 anos). Inclui saúde reprodutiva, maternidade, pré-natal, etc. [BÔNUS SAÚDE DA MULHER]",Saude_da_Mulher_IR,31,Stata (.dta),113,https://dhsprogram.com/customcf/legacy/data/download_dataset.cfm?Filename=ZAIR31DT.zip&Tp=1&Ctry_Code=ZA&surv_id=113&dm=1&dmode=nm,África do Sul/Saude_da_Mulher_IR/ZAIR31DT.zip
ZAIR71DT.zip,ZA,África do Sul,IR,Mulheres (Individual Recode),"Dados individuais de mulheres (15-49 anos). Inclui saúde reprodutiva, maternidade, pré-natal, etc. [BÔNUS SAÚDE DA MULHER]",Saude_da_Mulher_IR,71,Stata (.dta),390,https://dhsprogram.com/customcf/legacy/data/download_dataset.cfm?Filename=ZAIR71DT.zip&Tp=1&Ctry_Code=ZA&surv_id=390&dm=1&dmode=nm,África do Sul/Saude_da_Mulher_IR/ZAIR71DT.zip
ZAKR31DT.zip,ZA,África do Sul,KR,Crianças (Children's Recode),"Crianças menores de 5 anos de idade, vacinação, nutrição, amamentação e episódios de doenças.",Criancas_KR,31,Stata (.dta),113,https://dhsprogram.com/customcf/legacy/data/download_dataset.cfm?Filename=ZAKR31DT.zip&Tp=1&Ctry_Code=ZA&surv_id=113&dm=1&dmode=nm,África do Sul/Criancas_KR/ZAKR31DT.zip
ZAKR71DT.zip,ZA,África do Sul,KR,Crianças (Children's Recode),"Crianças menores de 5 anos de idade, vacinação, nutrição, amamentação e episódios de doenças.",Criancas_KR,71,Stata (.dta),390,https://dhsprogram.com/customcf/legacy/data/download_dataset.cfm?Filename=ZAKR71DT.zip&Tp=1&Ctry_Code=ZA&surv_id=390&dm=1&dmode=nm,África do Sul/Criancas_KR/ZAKR71DT.zip
ZAMR71DT.zip,ZA,África do Sul,MR,Homens (Men's Recode),"Dados individuais de homens (15-49/59 anos), trabalho, saúde e conhecimentos reprodutivos.",Homens_MR,71,Stata (.dta),390,https://dhsprogram.com/customcf/legacy/data/download_dataset.cfm?Filename=ZAMR71DT.zip&Tp=1&Ctry_Code=ZA&surv_id=390&dm=1&dmode=nm,África do Sul/Homens_MR/ZAMR71DT.zip
ZAOD71DT.zip,ZA,África do Sul,OD,Outros Dados (Other Data),Módulos complementares ou datasets especiais.,Outros_OD,71,Stata (.dta),390,https://dhsprogram.com/customcf/legacy/data/download_dataset.cfm?Filename=ZAOD71DT.zip&Tp=1&Ctry_Code=ZA&surv_id=390&dm=1&dmode=nm,África do Sul/Outros_OD/ZAOD71DT.zip
ZAPR31DT.zip,ZA,África do Sul,PR,Moradores (Household Member Recode),"Informações demográficas de todos os moradores do domicílio (idade, sexo, educação).",Moradores_PR,31,Stata (.dta),113,https://dhsprogram.com/customcf/legacy/data/download_dataset.cfm?Filename=ZAPR31DT.zip&Tp=1&Ctry_Code=ZA&surv_id=113&dm=1&dmode=nm,África do Sul/Moradores_PR/ZAPR31DT.zip
ZAPR71DT.zip,ZA,África do Sul,PR,Moradores (Household Member Recode),"Informações demográficas de todos os moradores do domicílio (idade, sexo, educação).",Moradores_PR,71,Stata (.dta),390,https://dhsprogram.com/customcf/legacy/data/download_dataset.cfm?Filename=ZAPR71DT.zip&Tp=1&Ctry_Code=ZA&surv_id=390&dm=1&dmode=nm,África do Sul/Moradores_PR/ZAPR71DT.zip
ZAWI31DT.zip,ZA,África do Sul,WI,Índice de Riqueza (Wealth Index),Pontuação e quintil do índice de riqueza socioeconômica.,Riqueza_WI,31,Stata (.dta),113,https://dhsprogram.com/customcf/legacy/data/download_dataset.cfm?Filename=ZAWI31DT.zip&Tp=1&Ctry_Code=ZA&surv_id=113&dm=1&dmode=nm,África do Sul/Riqueza_WI/ZAWI31DT.zip
SDBR02DT.zip,SD,Sudão,BR,Nascimentos (Births Recode),"Histórico de nascimentos das mulheres entrevistadas, partos, peso ao nascer e mortalidade infantil.",Nascimentos_BR,02,Stata (.dta),29,https://dhsprogram.com/customcf/legacy/data/download_dataset.cfm?Filename=SDBR02DT.zip&Tp=1&Ctry_Code=SD&surv_id=29&dm=1&dmode=nm,Sudão/Nascimentos_BR/SDBR02DT.zip
SDHH01DT.zip,SD,Sudão,HH,Inquérito Domiciliar (Household Survey),Questionário domiciliar expandido / experimental.,Inquerito_Domiciliar_HH,01,Stata (.dta),29,https://dhsprogram.com/customcf/legacy/data/download_dataset.cfm?Filename=SDHH01DT.zip&Tp=1&Ctry_Code=SD&surv_id=29&dm=1&dmode=nm,Sudão/Inquerito_Domiciliar_HH/SDHH01DT.zip
SDIR02DT.zip,SD,Sudão,IR,Mulheres (Individual Recode),"Dados individuais de mulheres (15-49 anos). Inclui saúde reprodutiva, maternidade, pré-natal, etc. [BÔNUS SAÚDE DA MULHER]",Saude_da_Mulher_IR,02,Stata (.dta),29,https://dhsprogram.com/customcf/legacy/data/download_dataset.cfm?Filename=SDIR02DT.zip&Tp=1&Ctry_Code=SD&surv_id=29&dm=1&dmode=nm,Sudão/Saude_da_Mulher_IR/SDIR02DT.zip
SDKR01DT.zip,SD,Sudão,KR,Crianças (Children's Recode),"Crianças menores de 5 anos de idade, vacinação, nutrição, amamentação e episódios de doenças.",Criancas_KR,01,Stata (.dta),29,https://dhsprogram.com/customcf/legacy/data/download_dataset.cfm?Filename=SDKR01DT.zip&Tp=1&Ctry_Code=SD&surv_id=29&dm=1&dmode=nm,Sudão/Criancas_KR/SDKR01DT.zip
TZBR21DT.zip,TZ,Tanzânia,BR,Nascimentos (Births Recode),"Histórico de nascimentos das mulheres entrevistadas, partos, peso ao nascer e mortalidade infantil.",Nascimentos_BR,21,Stata (.dta),41,https://dhsprogram.com/customcf/legacy/data/download_dataset.cfm?Filename=TZBR21DT.zip&Tp=1&Ctry_Code=TZ&surv_id=41&dm=1&dmode=nm,Tanzânia/Nascimentos_BR/TZBR21DT.zip
TZBR3ADT.zip,TZ,Tanzânia,BR,Nascimentos (Births Recode),"Histórico de nascimentos das mulheres entrevistadas, partos, peso ao nascer e mortalidade infantil.",Nascimentos_BR,3A,Stata (.dta),82,https://dhsprogram.com/customcf/legacy/data/download_dataset.cfm?Filename=TZBR3ADT.zip&Tp=1&Ctry_Code=TZ&surv_id=82&dm=1&dmode=nm,Tanzânia/Nascimentos_BR/TZBR3ADT.zip
TZBR41DT.zip,TZ,Tanzânia,BR,Nascimentos (Births Recode),"Histórico de nascimentos das mulheres entrevistadas, partos, peso ao nascer e mortalidade infantil.",Nascimentos_BR,41,Stata (.dta),167,https://dhsprogram.com/customcf/legacy/data/download_dataset.cfm?Filename=TZBR41DT.zip&Tp=1&Ctry_Code=TZ&surv_id=167&dm=1&dmode=nm,Tanzânia/Nascimentos_BR/TZBR41DT.zip
TZBR4IDT.zip,TZ,Tanzânia,BR,Nascimentos (Births Recode),"Histórico de nascimentos das mulheres entrevistadas, partos, peso ao nascer e mortalidade infantil.",Nascimentos_BR,4I,Stata (.dta),253,https://dhsprogram.com/customcf/legacy/data/download_dataset.cfm?Filename=TZBR4IDT.zip&Tp=1&Ctry_Code=TZ&surv_id=253&dm=1&dmode=nm,Tanzânia/Nascimentos_BR/TZBR4IDT.zip
TZBR51DT.zip,TZ,Tanzânia,BR,Nascimentos (Births Recode),"Histórico de nascimentos das mulheres entrevistadas, partos, peso ao nascer e mortalidade infantil.",Nascimentos_BR,51,Stata (.dta),304,https://dhsprogram.com/customcf/legacy/data/download_dataset.cfm?Filename=TZBR51DT.zip&Tp=1&Ctry_Code=TZ&surv_id=304&dm=1&dmode=nm,Tanzânia/Nascimentos_BR/TZBR51DT.zip
TZBR63DT.zip,TZ,Tanzânia,BR,Nascimentos (Births Recode),"Histórico de nascimentos das mulheres entrevistadas, partos, peso ao nascer e mortalidade infantil.",Nascimentos_BR,63,Stata (.dta),345,https://dhsprogram.com/customcf/legacy/data/download_dataset.cfm?Filename=TZBR63DT.zip&Tp=1&Ctry_Code=TZ&surv_id=345&dm=1&dmode=nm,Tanzânia/Nascimentos_BR/TZBR63DT.zip
TZBR6ADT.zip,TZ,Tanzânia,BR,Nascimentos (Births Recode),"Histórico de nascimentos das mulheres entrevistadas, partos, peso ao nascer e mortalidade infantil.",Nascimentos_BR,6A,Stata (.dta),393,https://dhsprogram.com/customcf/legacy/data/download_dataset.cfm?Filename=TZBR6ADT.zip&Tp=1&Ctry_Code=TZ&surv_id=393&dm=1&dmode=nm,Tanzânia/Nascimentos_BR/TZBR6ADT.zip
TZBR7BDT.zip,TZ,Tanzânia,BR,Nascimentos (Births Recode),"Histórico de nascimentos das mulheres entrevistadas, partos, peso ao nascer e mortalidade infantil.",Nascimentos_BR,7B,Stata (.dta),485,https://dhsprogram.com/customcf/legacy/data/download_dataset.cfm?Filename=TZBR7BDT.zip&Tp=1&Ctry_Code=TZ&surv_id=485&dm=1&dmode=nm,Tanzânia/Nascimentos_BR/TZBR7BDT.zip
TZBR82DT.zip,TZ,Tanzânia,BR,Nascimentos (Births Recode),"Histórico de nascimentos das mulheres entrevistadas, partos, peso ao nascer e mortalidade infantil.",Nascimentos_BR,82,Stata (.dta),578,https://dhsprogram.com/customcf/legacy/data/download_dataset.cfm?Filename=TZBR82DT.zip&Tp=1&Ctry_Code=TZ&surv_id=578&dm=1&dmode=nm,Tanzânia/Nascimentos_BR/TZBR82DT.zip
TZCR21DT.zip,TZ,Tanzânia,CR,Casais (Couples Recode),Dados conjuntos de casais casados ou vivendo em união estável.,Casais_CR,21,Stata (.dta),41,https://dhsprogram.com/customcf/legacy/data/download_dataset.cfm?Filename=TZCR21DT.zip&Tp=1&Ctry_Code=TZ&surv_id=41&dm=1&dmode=nm,Tanzânia/Casais_CR/TZCR21DT.zip
TZCR3ADT.zip,TZ,Tanzânia,CR,Casais (Couples Recode),Dados conjuntos de casais casados ou vivendo em união estável.,Casais_CR,3A,Stata (.dta),82,https://dhsprogram.com/customcf/legacy/data/download_dataset.cfm?Filename=TZCR3ADT.zip&Tp=1&Ctry_Code=TZ&surv_id=82&dm=1&dmode=nm,Tanzânia/Casais_CR/TZCR3ADT.zip
TZCR41DT.zip,TZ,Tanzânia,CR,Casais (Couples Recode),Dados conjuntos de casais casados ou vivendo em união estável.,Casais_CR,41,Stata (.dta),167,https://dhsprogram.com/customcf/legacy/data/download_dataset.cfm?Filename=TZCR41DT.zip&Tp=1&Ctry_Code=TZ&surv_id=167&dm=1&dmode=nm,Tanzânia/Casais_CR/TZCR41DT.zip
TZCR4IDT.zip,TZ,Tanzânia,CR,Casais (Couples Recode),Dados conjuntos de casais casados ou vivendo em união estável.,Casais_CR,4I,Stata (.dta),253,https://dhsprogram.com/customcf/legacy/data/download_dataset.cfm?Filename=TZCR4IDT.zip&Tp=1&Ctry_Code=TZ&surv_id=253&dm=1&dmode=nm,Tanzânia/Casais_CR/TZCR4IDT.zip
TZCR63DT.zip,TZ,Tanzânia,CR,Casais (Couples Recode),Dados conjuntos de casais casados ou vivendo em união estável.,Casais_CR,63,Stata (.dta),345,https://dhsprogram.com/customcf/legacy/data/download_dataset.cfm?Filename=TZCR63DT.zip&Tp=1&Ctry_Code=TZ&surv_id=345&dm=1&dmode=nm,Tanzânia/Casais_CR/TZCR63DT.zip
TZCR7BDT.zip,TZ,Tanzânia,CR,Casais (Couples Recode),Dados conjuntos de casais casados ou vivendo em união estável.,Casais_CR,7B,Stata (.dta),485,https://dhsprogram.com/customcf/legacy/data/download_dataset.cfm?Filename=TZCR7BDT.zip&Tp=1&Ctry_Code=TZ&surv_id=485&dm=1&dmode=nm,Tanzânia/Casais_CR/TZCR7BDT.zip
TZCR82DT.zip,TZ,Tanzânia,CR,Casais (Couples Recode),Dados conjuntos de casais casados ou vivendo em união estável.,Casais_CR,82,Stata (.dta),578,https://dhsprogram.com/customcf/legacy/data/download_dataset.cfm?Filename=TZCR82DT.zip&Tp=1&Ctry_Code=TZ&surv_id=578&dm=1&dmode=nm,Tanzânia/Casais_CR/TZCR82DT.zip
TZHH31DT.zip,TZ,Tanzânia,HH,Inquérito Domiciliar (Household Survey),Questionário domiciliar expandido / experimental.,Inquerito_Domiciliar_HH,31,Stata (.dta),67,https://dhsprogram.com/customcf/legacy/data/download_dataset.cfm?Filename=TZHH31DT.zip&Tp=1&Ctry_Code=TZ&surv_id=67&dm=1&dmode=nm,Tanzânia/Inquerito_Domiciliar_HH/TZHH31DT.zip
TZHR21DT.zip,TZ,Tanzânia,HR,Domicílios (Household Recode),"Características do domicílio, saneamento básico, fontes de água, bens e bens duráveis.",Domicilios_HR,21,Stata (.dta),41,https://dhsprogram.com/customcf/legacy/data/download_dataset.cfm?Filename=TZHR21DT.zip&Tp=1&Ctry_Code=TZ&surv_id=41&dm=1&dmode=nm,Tanzânia/Domicilios_HR/TZHR21DT.zip
TZHR3ADT.zip,TZ,Tanzânia,HR,Domicílios (Household Recode),"Características do domicílio, saneamento básico, fontes de água, bens e bens duráveis.",Domicilios_HR,3A,Stata (.dta),82,https://dhsprogram.com/customcf/legacy/data/download_dataset.cfm?Filename=TZHR3ADT.zip&Tp=1&Ctry_Code=TZ&surv_id=82&dm=1&dmode=nm,Tanzânia/Domicilios_HR/TZHR3ADT.zip
TZHR41DT.zip,TZ,Tanzânia,HR,Domicílios (Household Recode),"Características do domicílio, saneamento básico, fontes de água, bens e bens duráveis.",Domicilios_HR,41,Stata (.dta),167,https://dhsprogram.com/customcf/legacy/data/download_dataset.cfm?Filename=TZHR41DT.zip&Tp=1&Ctry_Code=TZ&surv_id=167&dm=1&dmode=nm,Tanzânia/Domicilios_HR/TZHR41DT.zip
TZHR4ADT.zip,TZ,Tanzânia,HR,Domicílios (Household Recode),"Características do domicílio, saneamento básico, fontes de água, bens e bens duráveis.",Domicilios_HR,4A,Stata (.dta),234,https://dhsprogram.com/customcf/legacy/data/download_dataset.cfm?Filename=TZHR4ADT.zip&Tp=1&Ctry_Code=TZ&surv_id=234&dm=1&dmode=nm,Tanzânia/Domicilios_HR/TZHR4ADT.zip
TZHR4IDT.zip,TZ,Tanzânia,HR,Domicílios (Household Recode),"Características do domicílio, saneamento básico, fontes de água, bens e bens duráveis.",Domicilios_HR,4I,Stata (.dta),253,https://dhsprogram.com/customcf/legacy/data/download_dataset.cfm?Filename=TZHR4IDT.zip&Tp=1&Ctry_Code=TZ&surv_id=253&dm=1&dmode=nm,Tanzânia/Domicilios_HR/TZHR4IDT.zip
TZHR51DT.zip,TZ,Tanzânia,HR,Domicílios (Household Recode),"Características do domicílio, saneamento básico, fontes de água, bens e bens duráveis.",Domicilios_HR,51,Stata (.dta),304,https://dhsprogram.com/customcf/legacy/data/download_dataset.cfm?Filename=TZHR51DT.zip&Tp=1&Ctry_Code=TZ&surv_id=304&dm=1&dmode=nm,Tanzânia/Domicilios_HR/TZHR51DT.zip
TZHR63DT.zip,TZ,Tanzânia,HR,Domicílios (Household Recode),"Características do domicílio, saneamento básico, fontes de água, bens e bens duráveis.",Domicilios_HR,63,Stata (.dta),345,https://dhsprogram.com/customcf/legacy/data/download_dataset.cfm?Filename=TZHR63DT.zip&Tp=1&Ctry_Code=TZ&surv_id=345&dm=1&dmode=nm,Tanzânia/Domicilios_HR/TZHR63DT.zip
TZHR6ADT.zip,TZ,Tanzânia,HR,Domicílios (Household Recode),"Características do domicílio, saneamento básico, fontes de água, bens e bens duráveis.",Domicilios_HR,6A,Stata (.dta),393,https://dhsprogram.com/customcf/legacy/data/download_dataset.cfm?Filename=TZHR6ADT.zip&Tp=1&Ctry_Code=TZ&surv_id=393&dm=1&dmode=nm,Tanzânia/Domicilios_HR/TZHR6ADT.zip
TZHR7BDT.zip,TZ,Tanzânia,HR,Domicílios (Household Recode),"Características do domicílio, saneamento básico, fontes de água, bens e bens duráveis.",Domicilios_HR,7B,Stata (.dta),485,https://dhsprogram.com/customcf/legacy/data/download_dataset.cfm?Filename=TZHR7BDT.zip&Tp=1&Ctry_Code=TZ&surv_id=485&dm=1&dmode=nm,Tanzânia/Domicilios_HR/TZHR7BDT.zip
TZHR7IDT.zip,TZ,Tanzânia,HR,Domicílios (Household Recode),"Características do domicílio, saneamento básico, fontes de água, bens e bens duráveis.",Domicilios_HR,7I,Stata (.dta),529,https://dhsprogram.com/customcf/legacy/data/download_dataset.cfm?Filename=TZHR7IDT.zip&Tp=1&Ctry_Code=TZ&surv_id=529&dm=1&dmode=nm,Tanzânia/Domicilios_HR/TZHR7IDT.zip
TZHR82DT.zip,TZ,Tanzânia,HR,Domicílios (Household Recode),"Características do domicílio, saneamento básico, fontes de água, bens e bens duráveis.",Domicilios_HR,82,Stata (.dta),578,https://dhsprogram.com/customcf/legacy/data/download_dataset.cfm?Filename=TZHR82DT.zip&Tp=1&Ctry_Code=TZ&surv_id=578&dm=1&dmode=nm,Tanzânia/Domicilios_HR/TZHR82DT.zip
TZHW21DT.zip,TZ,Tanzânia,HW,Antropometria (Height and Weight),"Medições de altura, peso e escores nutricionais de mães e crianças.",Antropometria_HW,21,Stata (.dta),41,https://dhsprogram.com/customcf/legacy/data/download_dataset.cfm?Filename=TZHW21DT.zip&Tp=1&Ctry_Code=TZ&surv_id=41&dm=1&dmode=nm,Tanzânia/Antropometria_HW/TZHW21DT.zip
TZHW3ADT.zip,TZ,Tanzânia,HW,Antropometria (Height and Weight),"Medições de altura, peso e escores nutricionais de mães e crianças.",Antropometria_HW,3A,Stata (.dta),82,https://dhsprogram.com/customcf/legacy/data/download_dataset.cfm?Filename=TZHW3ADT.zip&Tp=1&Ctry_Code=TZ&surv_id=82&dm=1&dmode=nm,Tanzânia/Antropometria_HW/TZHW3ADT.zip
TZHW41DT.zip,TZ,Tanzânia,HW,Antropometria (Height and Weight),"Medições de altura, peso e escores nutricionais de mães e crianças.",Antropometria_HW,41,Stata (.dta),167,https://dhsprogram.com/customcf/legacy/data/download_dataset.cfm?Filename=TZHW41DT.zip&Tp=1&Ctry_Code=TZ&surv_id=167&dm=1&dmode=nm,Tanzânia/Antropometria_HW/TZHW41DT.zip
TZHW4IDT.zip,TZ,Tanzânia,HW,Antropometria (Height and Weight),"Medições de altura, peso e escores nutricionais de mães e crianças.",Antropometria_HW,4I,Stata (.dta),253,https://dhsprogram.com/customcf/legacy/data/download_dataset.cfm?Filename=TZHW4IDT.zip&Tp=1&Ctry_Code=TZ&surv_id=253&dm=1&dmode=nm,Tanzânia/Antropometria_HW/TZHW4IDT.zip
TZIQ31DT.zip,TZ,Tanzânia,IQ,Questionário Individual (Individual Questionnaire),Questionários individuais específicos.,Questionario_Individual_IQ,31,Stata (.dta),67,https://dhsprogram.com/customcf/legacy/data/download_dataset.cfm?Filename=TZIQ31DT.zip&Tp=1&Ctry_Code=TZ&surv_id=67&dm=1&dmode=nm,Tanzânia/Questionario_Individual_IQ/TZIQ31DT.zip
TZIR21DT.zip,TZ,Tanzânia,IR,Mulheres (Individual Recode),"Dados individuais de mulheres (15-49 anos). Inclui saúde reprodutiva, maternidade, pré-natal, etc. [BÔNUS SAÚDE DA MULHER]",Saude_da_Mulher_IR,21,Stata (.dta),41,https://dhsprogram.com/customcf/legacy/data/download_dataset.cfm?Filename=TZIR21DT.zip&Tp=1&Ctry_Code=TZ&surv_id=41&dm=1&dmode=nm,Tanzânia/Saude_da_Mulher_IR/TZIR21DT.zip
TZIR3ADT.zip,TZ,Tanzânia,IR,Mulheres (Individual Recode),"Dados individuais de mulheres (15-49 anos). Inclui saúde reprodutiva, maternidade, pré-natal, etc. [BÔNUS SAÚDE DA MULHER]",Saude_da_Mulher_IR,3A,Stata (.dta),82,https://dhsprogram.com/customcf/legacy/data/download_dataset.cfm?Filename=TZIR3ADT.zip&Tp=1&Ctry_Code=TZ&surv_id=82&dm=1&dmode=nm,Tanzânia/Saude_da_Mulher_IR/TZIR3ADT.zip
TZIR41DT.zip,TZ,Tanzânia,IR,Mulheres (Individual Recode),"Dados individuais de mulheres (15-49 anos). Inclui saúde reprodutiva, maternidade, pré-natal, etc. [BÔNUS SAÚDE DA MULHER]",Saude_da_Mulher_IR,41,Stata (.dta),167,https://dhsprogram.com/customcf/legacy/data/download_dataset.cfm?Filename=TZIR41DT.zip&Tp=1&Ctry_Code=TZ&surv_id=167&dm=1&dmode=nm,Tanzânia/Saude_da_Mulher_IR/TZIR41DT.zip
TZIR4ADT.zip,TZ,Tanzânia,IR,Mulheres (Individual Recode),"Dados individuais de mulheres (15-49 anos). Inclui saúde reprodutiva, maternidade, pré-natal, etc. [BÔNUS SAÚDE DA MULHER]",Saude_da_Mulher_IR,4A,Stata (.dta),234,https://dhsprogram.com/customcf/legacy/data/download_dataset.cfm?Filename=TZIR4ADT.zip&Tp=1&Ctry_Code=TZ&surv_id=234&dm=1&dmode=nm,Tanzânia/Saude_da_Mulher_IR/TZIR4ADT.zip
TZIR4IDT.zip,TZ,Tanzânia,IR,Mulheres (Individual Recode),"Dados individuais de mulheres (15-49 anos). Inclui saúde reprodutiva, maternidade, pré-natal, etc. [BÔNUS SAÚDE DA MULHER]",Saude_da_Mulher_IR,4I,Stata (.dta),253,https://dhsprogram.com/customcf/legacy/data/download_dataset.cfm?Filename=TZIR4IDT.zip&Tp=1&Ctry_Code=TZ&surv_id=253&dm=1&dmode=nm,Tanzânia/Saude_da_Mulher_IR/TZIR4IDT.zip
TZIR51DT.zip,TZ,Tanzânia,IR,Mulheres (Individual Recode),"Dados individuais de mulheres (15-49 anos). Inclui saúde reprodutiva, maternidade, pré-natal, etc. [BÔNUS SAÚDE DA MULHER]",Saude_da_Mulher_IR,51,Stata (.dta),304,https://dhsprogram.com/customcf/legacy/data/download_dataset.cfm?Filename=TZIR51DT.zip&Tp=1&Ctry_Code=TZ&surv_id=304&dm=1&dmode=nm,Tanzânia/Saude_da_Mulher_IR/TZIR51DT.zip
TZIR63DT.zip,TZ,Tanzânia,IR,Mulheres (Individual Recode),"Dados individuais de mulheres (15-49 anos). Inclui saúde reprodutiva, maternidade, pré-natal, etc. [BÔNUS SAÚDE DA MULHER]",Saude_da_Mulher_IR,63,Stata (.dta),345,https://dhsprogram.com/customcf/legacy/data/download_dataset.cfm?Filename=TZIR63DT.zip&Tp=1&Ctry_Code=TZ&surv_id=345&dm=1&dmode=nm,Tanzânia/Saude_da_Mulher_IR/TZIR63DT.zip
TZIR6ADT.zip,TZ,Tanzânia,IR,Mulheres (Individual Recode),"Dados individuais de mulheres (15-49 anos). Inclui saúde reprodutiva, maternidade, pré-natal, etc. [BÔNUS SAÚDE DA MULHER]",Saude_da_Mulher_IR,6A,Stata (.dta),393,https://dhsprogram.com/customcf/legacy/data/download_dataset.cfm?Filename=TZIR6ADT.zip&Tp=1&Ctry_Code=TZ&surv_id=393&dm=1&dmode=nm,Tanzânia/Saude_da_Mulher_IR/TZIR6ADT.zip
TZIR7BDT.zip,TZ,Tanzânia,IR,Mulheres (Individual Recode),"Dados individuais de mulheres (15-49 anos). Inclui saúde reprodutiva, maternidade, pré-natal, etc. [BÔNUS SAÚDE DA MULHER]",Saude_da_Mulher_IR,7B,Stata (.dta),485,https://dhsprogram.com/customcf/legacy/data/download_dataset.cfm?Filename=TZIR7BDT.zip&Tp=1&Ctry_Code=TZ&surv_id=485&dm=1&dmode=nm,Tanzânia/Saude_da_Mulher_IR/TZIR7BDT.zip
TZIR7IDT.zip,TZ,Tanzânia,IR,Mulheres (Individual Recode),"Dados individuais de mulheres (15-49 anos). Inclui saúde reprodutiva, maternidade, pré-natal, etc. [BÔNUS SAÚDE DA MULHER]",Saude_da_Mulher_IR,7I,Stata (.dta),529,https://dhsprogram.com/customcf/legacy/data/download_dataset.cfm?Filename=TZIR7IDT.zip&Tp=1&Ctry_Code=TZ&surv_id=529&dm=1&dmode=nm,Tanzânia/Saude_da_Mulher_IR/TZIR7IDT.zip
TZIR82DT.zip,TZ,Tanzânia,IR,Mulheres (Individual Recode),"Dados individuais de mulheres (15-49 anos). Inclui saúde reprodutiva, maternidade, pré-natal, etc. [BÔNUS SAÚDE DA MULHER]",Saude_da_Mulher_IR,82,Stata (.dta),578,https://dhsprogram.com/customcf/legacy/data/download_dataset.cfm?Filename=TZIR82DT.zip&Tp=1&Ctry_Code=TZ&surv_id=578&dm=1&dmode=nm,Tanzânia/Saude_da_Mulher_IR/TZIR82DT.zip
TZKR21DT.zip,TZ,Tanzânia,KR,Crianças (Children's Recode),"Crianças menores de 5 anos de idade, vacinação, nutrição, amamentação e episódios de doenças.",Criancas_KR,21,Stata (.dta),41,https://dhsprogram.com/customcf/legacy/data/download_dataset.cfm?Filename=TZKR21DT.zip&Tp=1&Ctry_Code=TZ&surv_id=41&dm=1&dmode=nm,Tanzânia/Criancas_KR/TZKR21DT.zip
TZKR3ADT.zip,TZ,Tanzânia,KR,Crianças (Children's Recode),"Crianças menores de 5 anos de idade, vacinação, nutrição, amamentação e episódios de doenças.",Criancas_KR,3A,Stata (.dta),82,https://dhsprogram.com/customcf/legacy/data/download_dataset.cfm?Filename=TZKR3ADT.zip&Tp=1&Ctry_Code=TZ&surv_id=82&dm=1&dmode=nm,Tanzânia/Criancas_KR/TZKR3ADT.zip
TZKR41DT.zip,TZ,Tanzânia,KR,Crianças (Children's Recode),"Crianças menores de 5 anos de idade, vacinação, nutrição, amamentação e episódios de doenças.",Criancas_KR,41,Stata (.dta),167,https://dhsprogram.com/customcf/legacy/data/download_dataset.cfm?Filename=TZKR41DT.zip&Tp=1&Ctry_Code=TZ&surv_id=167&dm=1&dmode=nm,Tanzânia/Criancas_KR/TZKR41DT.zip
TZKR4IDT.zip,TZ,Tanzânia,KR,Crianças (Children's Recode),"Crianças menores de 5 anos de idade, vacinação, nutrição, amamentação e episódios de doenças.",Criancas_KR,4I,Stata (.dta),253,https://dhsprogram.com/customcf/legacy/data/download_dataset.cfm?Filename=TZKR4IDT.zip&Tp=1&Ctry_Code=TZ&surv_id=253&dm=1&dmode=nm,Tanzânia/Criancas_KR/TZKR4IDT.zip
TZKR51DT.zip,TZ,Tanzânia,KR,Crianças (Children's Recode),"Crianças menores de 5 anos de idade, vacinação, nutrição, amamentação e episódios de doenças.",Criancas_KR,51,Stata (.dta),304,https://dhsprogram.com/customcf/legacy/data/download_dataset.cfm?Filename=TZKR51DT.zip&Tp=1&Ctry_Code=TZ&surv_id=304&dm=1&dmode=nm,Tanzânia/Criancas_KR/TZKR51DT.zip
TZKR63DT.zip,TZ,Tanzânia,KR,Crianças (Children's Recode),"Crianças menores de 5 anos de idade, vacinação, nutrição, amamentação e episódios de doenças.",Criancas_KR,63,Stata (.dta),345,https://dhsprogram.com/customcf/legacy/data/download_dataset.cfm?Filename=TZKR63DT.zip&Tp=1&Ctry_Code=TZ&surv_id=345&dm=1&dmode=nm,Tanzânia/Criancas_KR/TZKR63DT.zip
TZKR6ADT.zip,TZ,Tanzânia,KR,Crianças (Children's Recode),"Crianças menores de 5 anos de idade, vacinação, nutrição, amamentação e episódios de doenças.",Criancas_KR,6A,Stata (.dta),393,https://dhsprogram.com/customcf/legacy/data/download_dataset.cfm?Filename=TZKR6ADT.zip&Tp=1&Ctry_Code=TZ&surv_id=393&dm=1&dmode=nm,Tanzânia/Criancas_KR/TZKR6ADT.zip
TZKR7BDT.zip,TZ,Tanzânia,KR,Crianças (Children's Recode),"Crianças menores de 5 anos de idade, vacinação, nutrição, amamentação e episódios de doenças.",Criancas_KR,7B,Stata (.dta),485,https://dhsprogram.com/customcf/legacy/data/download_dataset.cfm?Filename=TZKR7BDT.zip&Tp=1&Ctry_Code=TZ&surv_id=485&dm=1&dmode=nm,Tanzânia/Criancas_KR/TZKR7BDT.zip
TZKR7IDT.zip,TZ,Tanzânia,KR,Crianças (Children's Recode),"Crianças menores de 5 anos de idade, vacinação, nutrição, amamentação e episódios de doenças.",Criancas_KR,7I,Stata (.dta),529,https://dhsprogram.com/customcf/legacy/data/download_dataset.cfm?Filename=TZKR7IDT.zip&Tp=1&Ctry_Code=TZ&surv_id=529&dm=1&dmode=nm,Tanzânia/Criancas_KR/TZKR7IDT.zip
TZKR82DT.zip,TZ,Tanzânia,KR,Crianças (Children's Recode),"Crianças menores de 5 anos de idade, vacinação, nutrição, amamentação e episódios de doenças.",Criancas_KR,82,Stata (.dta),578,https://dhsprogram.com/customcf/legacy/data/download_dataset.cfm?Filename=TZKR82DT.zip&Tp=1&Ctry_Code=TZ&surv_id=578&dm=1&dmode=nm,Tanzânia/Criancas_KR/TZKR82DT.zip
TZML31DT.zip,TZ,Tanzânia,ML,Malária (Malaria Module),"Módulo de prevenção, testes e tratamento de malária.",Malaria_ML,31,Stata (.dta),67,https://dhsprogram.com/customcf/legacy/data/download_dataset.cfm?Filename=TZML31DT.zip&Tp=1&Ctry_Code=TZ&surv_id=67&dm=1&dmode=nm,Tanzânia/Malaria_ML/TZML31DT.zip
TZMR21DT.zip,TZ,Tanzânia,MR,Homens (Men's Recode),"Dados individuais de homens (15-49/59 anos), trabalho, saúde e conhecimentos reprodutivos.",Homens_MR,21,Stata (.dta),41,https://dhsprogram.com/customcf/legacy/data/download_dataset.cfm?Filename=TZMR21DT.zip&Tp=1&Ctry_Code=TZ&surv_id=41&dm=1&dmode=nm,Tanzânia/Homens_MR/TZMR21DT.zip
TZMR3ADT.zip,TZ,Tanzânia,MR,Homens (Men's Recode),"Dados individuais de homens (15-49/59 anos), trabalho, saúde e conhecimentos reprodutivos.",Homens_MR,3A,Stata (.dta),82,https://dhsprogram.com/customcf/legacy/data/download_dataset.cfm?Filename=TZMR3ADT.zip&Tp=1&Ctry_Code=TZ&surv_id=82&dm=1&dmode=nm,Tanzânia/Homens_MR/TZMR3ADT.zip
TZMR41DT.zip,TZ,Tanzânia,MR,Homens (Men's Recode),"Dados individuais de homens (15-49/59 anos), trabalho, saúde e conhecimentos reprodutivos.",Homens_MR,41,Stata (.dta),167,https://dhsprogram.com/customcf/legacy/data/download_dataset.cfm?Filename=TZMR41DT.zip&Tp=1&Ctry_Code=TZ&surv_id=167&dm=1&dmode=nm,Tanzânia/Homens_MR/TZMR41DT.zip
TZMR4IDT.zip,TZ,Tanzânia,MR,Homens (Men's Recode),"Dados individuais de homens (15-49/59 anos), trabalho, saúde e conhecimentos reprodutivos.",Homens_MR,4I,Stata (.dta),253,https://dhsprogram.com/customcf/legacy/data/download_dataset.cfm?Filename=TZMR4IDT.zip&Tp=1&Ctry_Code=TZ&surv_id=253&dm=1&dmode=nm,Tanzânia/Homens_MR/TZMR4IDT.zip
TZMR61DT.zip,TZ,Tanzânia,MR,Homens (Men's Recode),"Dados individuais de homens (15-49/59 anos), trabalho, saúde e conhecimentos reprodutivos.",Homens_MR,61,Stata (.dta),345,https://dhsprogram.com/customcf/legacy/data/download_dataset.cfm?Filename=TZMR61DT.zip&Tp=1&Ctry_Code=TZ&surv_id=345&dm=1&dmode=nm,Tanzânia/Homens_MR/TZMR61DT.zip
TZMR7BDT.zip,TZ,Tanzânia,MR,Homens (Men's Recode),"Dados individuais de homens (15-49/59 anos), trabalho, saúde e conhecimentos reprodutivos.",Homens_MR,7B,Stata (.dta),485,https://dhsprogram.com/customcf/legacy/data/download_dataset.cfm?Filename=TZMR7BDT.zip&Tp=1&Ctry_Code=TZ&surv_id=485&dm=1&dmode=nm,Tanzânia/Homens_MR/TZMR7BDT.zip
TZMR82DT.zip,TZ,Tanzânia,MR,Homens (Men's Recode),"Dados individuais de homens (15-49/59 anos), trabalho, saúde e conhecimentos reprodutivos.",Homens_MR,82,Stata (.dta),578,https://dhsprogram.com/customcf/legacy/data/download_dataset.cfm?Filename=TZMR82DT.zip&Tp=1&Ctry_Code=TZ&surv_id=578&dm=1&dmode=nm,Tanzânia/Homens_MR/TZMR82DT.zip
TZPR21DT.zip,TZ,Tanzânia,PR,Moradores (Household Member Recode),"Informações demográficas de todos os moradores do domicílio (idade, sexo, educação).",Moradores_PR,21,Stata (.dta),41,https://dhsprogram.com/customcf/legacy/data/download_dataset.cfm?Filename=TZPR21DT.zip&Tp=1&Ctry_Code=TZ&surv_id=41&dm=1&dmode=nm,Tanzânia/Moradores_PR/TZPR21DT.zip
TZPR3ADT.zip,TZ,Tanzânia,PR,Moradores (Household Member Recode),"Informações demográficas de todos os moradores do domicílio (idade, sexo, educação).",Moradores_PR,3A,Stata (.dta),82,https://dhsprogram.com/customcf/legacy/data/download_dataset.cfm?Filename=TZPR3ADT.zip&Tp=1&Ctry_Code=TZ&surv_id=82&dm=1&dmode=nm,Tanzânia/Moradores_PR/TZPR3ADT.zip
TZPR41DT.zip,TZ,Tanzânia,PR,Moradores (Household Member Recode),"Informações demográficas de todos os moradores do domicílio (idade, sexo, educação).",Moradores_PR,41,Stata (.dta),167,https://dhsprogram.com/customcf/legacy/data/download_dataset.cfm?Filename=TZPR41DT.zip&Tp=1&Ctry_Code=TZ&surv_id=167&dm=1&dmode=nm,Tanzânia/Moradores_PR/TZPR41DT.zip
TZPR4ADT.zip,TZ,Tanzânia,PR,Moradores (Household Member Recode),"Informações demográficas de todos os moradores do domicílio (idade, sexo, educação).",Moradores_PR,4A,Stata (.dta),234,https://dhsprogram.com/customcf/legacy/data/download_dataset.cfm?Filename=TZPR4ADT.zip&Tp=1&Ctry_Code=TZ&surv_id=234&dm=1&dmode=nm,Tanzânia/Moradores_PR/TZPR4ADT.zip
TZPR4IDT.zip,TZ,Tanzânia,PR,Moradores (Household Member Recode),"Informações demográficas de todos os moradores do domicílio (idade, sexo, educação).",Moradores_PR,4I,Stata (.dta),253,https://dhsprogram.com/customcf/legacy/data/download_dataset.cfm?Filename=TZPR4IDT.zip&Tp=1&Ctry_Code=TZ&surv_id=253&dm=1&dmode=nm,Tanzânia/Moradores_PR/TZPR4IDT.zip
TZPR51DT.zip,TZ,Tanzânia,PR,Moradores (Household Member Recode),"Informações demográficas de todos os moradores do domicílio (idade, sexo, educação).",Moradores_PR,51,Stata (.dta),304,https://dhsprogram.com/customcf/legacy/data/download_dataset.cfm?Filename=TZPR51DT.zip&Tp=1&Ctry_Code=TZ&surv_id=304&dm=1&dmode=nm,Tanzânia/Moradores_PR/TZPR51DT.zip
TZPR63DT.zip,TZ,Tanzânia,PR,Moradores (Household Member Recode),"Informações demográficas de todos os moradores do domicílio (idade, sexo, educação).",Moradores_PR,63,Stata (.dta),345,https://dhsprogram.com/customcf/legacy/data/download_dataset.cfm?Filename=TZPR63DT.zip&Tp=1&Ctry_Code=TZ&surv_id=345&dm=1&dmode=nm,Tanzânia/Moradores_PR/TZPR63DT.zip
TZPR6ADT.zip,TZ,Tanzânia,PR,Moradores (Household Member Recode),"Informações demográficas de todos os moradores do domicílio (idade, sexo, educação).",Moradores_PR,6A,Stata (.dta),393,https://dhsprogram.com/customcf/legacy/data/download_dataset.cfm?Filename=TZPR6ADT.zip&Tp=1&Ctry_Code=TZ&surv_id=393&dm=1&dmode=nm,Tanzânia/Moradores_PR/TZPR6ADT.zip
TZPR7BDT.zip,TZ,Tanzânia,PR,Moradores (Household Member Recode),"Informações demográficas de todos os moradores do domicílio (idade, sexo, educação).",Moradores_PR,7B,Stata (.dta),485,https://dhsprogram.com/customcf/legacy/data/download_dataset.cfm?Filename=TZPR7BDT.zip&Tp=1&Ctry_Code=TZ&surv_id=485&dm=1&dmode=nm,Tanzânia/Moradores_PR/TZPR7BDT.zip
TZPR7IDT.zip,TZ,Tanzânia,PR,Moradores (Household Member Recode),"Informações demográficas de todos os moradores do domicílio (idade, sexo, educação).",Moradores_PR,7I,Stata (.dta),529,https://dhsprogram.com/customcf/legacy/data/download_dataset.cfm?Filename=TZPR7IDT.zip&Tp=1&Ctry_Code=TZ&surv_id=529&dm=1&dmode=nm,Tanzânia/Moradores_PR/TZPR7IDT.zip
TZPR82DT.zip,TZ,Tanzânia,PR,Moradores (Household Member Recode),"Informações demográficas de todos os moradores do domicílio (idade, sexo, educação).",Moradores_PR,82,Stata (.dta),578,https://dhsprogram.com/customcf/legacy/data/download_dataset.cfm?Filename=TZPR82DT.zip&Tp=1&Ctry_Code=TZ&surv_id=578&dm=1&dmode=nm,Tanzânia/Moradores_PR/TZPR82DT.zip
TZSQ21DT.zip,TZ,Tanzânia,SQ,Serviços de Saúde (Service Questionnaire),Disponibilidade e infraestrutura dos serviços de saúde comunitários.,Servicos_Saude_SQ,21,Stata (.dta),41,https://dhsprogram.com/customcf/legacy/data/download_dataset.cfm?Filename=TZSQ21DT.zip&Tp=1&Ctry_Code=TZ&surv_id=41&dm=1&dmode=nm,Tanzânia/Servicos_Saude_SQ/TZSQ21DT.zip
TZWI3ADT.zip,TZ,Tanzânia,WI,Índice de Riqueza (Wealth Index),Pontuação e quintil do índice de riqueza socioeconômica.,Riqueza_WI,3A,Stata (.dta),82,https://dhsprogram.com/customcf/legacy/data/download_dataset.cfm?Filename=TZWI3ADT.zip&Tp=1&Ctry_Code=TZ&surv_id=82&dm=1&dmode=nm,Tanzânia/Riqueza_WI/TZWI3ADT.zip
TZWI41DT.zip,TZ,Tanzânia,WI,Índice de Riqueza (Wealth Index),Pontuação e quintil do índice de riqueza socioeconômica.,Riqueza_WI,41,Stata (.dta),167,https://dhsprogram.com/customcf/legacy/data/download_dataset.cfm?Filename=TZWI41DT.zip&Tp=1&Ctry_Code=TZ&surv_id=167&dm=1&dmode=nm,Tanzânia/Riqueza_WI/TZWI41DT.zip
TGBR01DT.zip,TG,Togo,BR,Nascimentos (Births Recode),"Histórico de nascimentos das mulheres entrevistadas, partos, peso ao nascer e mortalidade infantil.",Nascimentos_BR,01,Stata (.dta),22,https://dhsprogram.com/customcf/legacy/data/download_dataset.cfm?Filename=TGBR01DT.zip&Tp=1&Ctry_Code=TG&surv_id=22&dm=1&dmode=nm,Togo/Nascimentos_BR/TGBR01DT.zip
TGBR31DT.zip,TG,Togo,BR,Nascimentos (Births Recode),"Histórico de nascimentos das mulheres entrevistadas, partos, peso ao nascer e mortalidade infantil.",Nascimentos_BR,31,Stata (.dta),114,https://dhsprogram.com/customcf/legacy/data/download_dataset.cfm?Filename=TGBR31DT.zip&Tp=1&Ctry_Code=TG&surv_id=114&dm=1&dmode=nm,Togo/Nascimentos_BR/TGBR31DT.zip
TGBR61DT.zip,TG,Togo,BR,Nascimentos (Births Recode),"Histórico de nascimentos das mulheres entrevistadas, partos, peso ao nascer e mortalidade infantil.",Nascimentos_BR,61,Stata (.dta),328,https://dhsprogram.com/customcf/legacy/data/download_dataset.cfm?Filename=TGBR61DT.zip&Tp=1&Ctry_Code=TG&surv_id=328&dm=1&dmode=nm,Togo/Nascimentos_BR/TGBR61DT.zip
TGCR31DT.zip,TG,Togo,CR,Casais (Couples Recode),Dados conjuntos de casais casados ou vivendo em união estável.,Casais_CR,31,Stata (.dta),114,https://dhsprogram.com/customcf/legacy/data/download_dataset.cfm?Filename=TGCR31DT.zip&Tp=1&Ctry_Code=TG&surv_id=114&dm=1&dmode=nm,Togo/Casais_CR/TGCR31DT.zip
TGCR61DT.zip,TG,Togo,CR,Casais (Couples Recode),Dados conjuntos de casais casados ou vivendo em união estável.,Casais_CR,61,Stata (.dta),328,https://dhsprogram.com/customcf/legacy/data/download_dataset.cfm?Filename=TGCR61DT.zip&Tp=1&Ctry_Code=TG&surv_id=328&dm=1&dmode=nm,Togo/Casais_CR/TGCR61DT.zip
TGHH01DT.zip,TG,Togo,HH,Inquérito Domiciliar (Household Survey),Questionário domiciliar expandido / experimental.,Inquerito_Domiciliar_HH,01,Stata (.dta),22,https://dhsprogram.com/customcf/legacy/data/download_dataset.cfm?Filename=TGHH01DT.zip&Tp=1&Ctry_Code=TG&surv_id=22&dm=1&dmode=nm,Togo/Inquerito_Domiciliar_HH/TGHH01DT.zip
TGHR31DT.zip,TG,Togo,HR,Domicílios (Household Recode),"Características do domicílio, saneamento básico, fontes de água, bens e bens duráveis.",Domicilios_HR,31,Stata (.dta),114,https://dhsprogram.com/customcf/legacy/data/download_dataset.cfm?Filename=TGHR31DT.zip&Tp=1&Ctry_Code=TG&surv_id=114&dm=1&dmode=nm,Togo/Domicilios_HR/TGHR31DT.zip
TGHR61DT.zip,TG,Togo,HR,Domicílios (Household Recode),"Características do domicílio, saneamento básico, fontes de água, bens e bens duráveis.",Domicilios_HR,61,Stata (.dta),328,https://dhsprogram.com/customcf/legacy/data/download_dataset.cfm?Filename=TGHR61DT.zip&Tp=1&Ctry_Code=TG&surv_id=328&dm=1&dmode=nm,Togo/Domicilios_HR/TGHR61DT.zip
TGHR71DT.zip,TG,Togo,HR,Domicílios (Household Recode),"Características do domicílio, saneamento básico, fontes de água, bens e bens duráveis.",Domicilios_HR,71,Stata (.dta),497,https://dhsprogram.com/customcf/legacy/data/download_dataset.cfm?Filename=TGHR71DT.zip&Tp=1&Ctry_Code=TG&surv_id=497&dm=1&dmode=nm,Togo/Domicilios_HR/TGHR71DT.zip
TGHW01DT.zip,TG,Togo,HW,Antropometria (Height and Weight),"Medições de altura, peso e escores nutricionais de mães e crianças.",Antropometria_HW,01,Stata (.dta),22,https://dhsprogram.com/customcf/legacy/data/download_dataset.cfm?Filename=TGHW01DT.zip&Tp=1&Ctry_Code=TG&surv_id=22&dm=1&dmode=nm,Togo/Antropometria_HW/TGHW01DT.zip
TGHW31DT.zip,TG,Togo,HW,Antropometria (Height and Weight),"Medições de altura, peso e escores nutricionais de mães e crianças.",Antropometria_HW,31,Stata (.dta),114,https://dhsprogram.com/customcf/legacy/data/download_dataset.cfm?Filename=TGHW31DT.zip&Tp=1&Ctry_Code=TG&surv_id=114&dm=1&dmode=nm,Togo/Antropometria_HW/TGHW31DT.zip
TGIR01DT.zip,TG,Togo,IR,Mulheres (Individual Recode),"Dados individuais de mulheres (15-49 anos). Inclui saúde reprodutiva, maternidade, pré-natal, etc. [BÔNUS SAÚDE DA MULHER]",Saude_da_Mulher_IR,01,Stata (.dta),22,https://dhsprogram.com/customcf/legacy/data/download_dataset.cfm?Filename=TGIR01DT.zip&Tp=1&Ctry_Code=TG&surv_id=22&dm=1&dmode=nm,Togo/Saude_da_Mulher_IR/TGIR01DT.zip
TGIR31DT.zip,TG,Togo,IR,Mulheres (Individual Recode),"Dados individuais de mulheres (15-49 anos). Inclui saúde reprodutiva, maternidade, pré-natal, etc. [BÔNUS SAÚDE DA MULHER]",Saude_da_Mulher_IR,31,Stata (.dta),114,https://dhsprogram.com/customcf/legacy/data/download_dataset.cfm?Filename=TGIR31DT.zip&Tp=1&Ctry_Code=TG&surv_id=114&dm=1&dmode=nm,Togo/Saude_da_Mulher_IR/TGIR31DT.zip
TGIR61DT.zip,TG,Togo,IR,Mulheres (Individual Recode),"Dados individuais de mulheres (15-49 anos). Inclui saúde reprodutiva, maternidade, pré-natal, etc. [BÔNUS SAÚDE DA MULHER]",Saude_da_Mulher_IR,61,Stata (.dta),328,https://dhsprogram.com/customcf/legacy/data/download_dataset.cfm?Filename=TGIR61DT.zip&Tp=1&Ctry_Code=TG&surv_id=328&dm=1&dmode=nm,Togo/Saude_da_Mulher_IR/TGIR61DT.zip
TGIR71DT.zip,TG,Togo,IR,Mulheres (Individual Recode),"Dados individuais de mulheres (15-49 anos). Inclui saúde reprodutiva, maternidade, pré-natal, etc. [BÔNUS SAÚDE DA MULHER]",Saude_da_Mulher_IR,71,Stata (.dta),497,https://dhsprogram.com/customcf/legacy/data/download_dataset.cfm?Filename=TGIR71DT.zip&Tp=1&Ctry_Code=TG&surv_id=497&dm=1&dmode=nm,Togo/Saude_da_Mulher_IR/TGIR71DT.zip
TGKR01DT.zip,TG,Togo,KR,Crianças (Children's Recode),"Crianças menores de 5 anos de idade, vacinação, nutrição, amamentação e episódios de doenças.",Criancas_KR,01,Stata (.dta),22,https://dhsprogram.com/customcf/legacy/data/download_dataset.cfm?Filename=TGKR01DT.zip&Tp=1&Ctry_Code=TG&surv_id=22&dm=1&dmode=nm,Togo/Criancas_KR/TGKR01DT.zip
TGKR31DT.zip,TG,Togo,KR,Crianças (Children's Recode),"Crianças menores de 5 anos de idade, vacinação, nutrição, amamentação e episódios de doenças.",Criancas_KR,31,Stata (.dta),114,https://dhsprogram.com/customcf/legacy/data/download_dataset.cfm?Filename=TGKR31DT.zip&Tp=1&Ctry_Code=TG&surv_id=114&dm=1&dmode=nm,Togo/Criancas_KR/TGKR31DT.zip
TGKR61DT.zip,TG,Togo,KR,Crianças (Children's Recode),"Crianças menores de 5 anos de idade, vacinação, nutrição, amamentação e episódios de doenças.",Criancas_KR,61,Stata (.dta),328,https://dhsprogram.com/customcf/legacy/data/download_dataset.cfm?Filename=TGKR61DT.zip&Tp=1&Ctry_Code=TG&surv_id=328&dm=1&dmode=nm,Togo/Criancas_KR/TGKR61DT.zip
TGKR71DT.zip,TG,Togo,KR,Crianças (Children's Recode),"Crianças menores de 5 anos de idade, vacinação, nutrição, amamentação e episódios de doenças.",Criancas_KR,71,Stata (.dta),497,https://dhsprogram.com/customcf/legacy/data/download_dataset.cfm?Filename=TGKR71DT.zip&Tp=1&Ctry_Code=TG&surv_id=497&dm=1&dmode=nm,Togo/Criancas_KR/TGKR71DT.zip
TGMR31DT.zip,TG,Togo,MR,Homens (Men's Recode),"Dados individuais de homens (15-49/59 anos), trabalho, saúde e conhecimentos reprodutivos.",Homens_MR,31,Stata (.dta),114,https://dhsprogram.com/customcf/legacy/data/download_dataset.cfm?Filename=TGMR31DT.zip&Tp=1&Ctry_Code=TG&surv_id=114&dm=1&dmode=nm,Togo/Homens_MR/TGMR31DT.zip
TGMR61DT.zip,TG,Togo,MR,Homens (Men's Recode),"Dados individuais de homens (15-49/59 anos), trabalho, saúde e conhecimentos reprodutivos.",Homens_MR,61,Stata (.dta),328,https://dhsprogram.com/customcf/legacy/data/download_dataset.cfm?Filename=TGMR61DT.zip&Tp=1&Ctry_Code=TG&surv_id=328&dm=1&dmode=nm,Togo/Homens_MR/TGMR61DT.zip
TGPR31DT.zip,TG,Togo,PR,Moradores (Household Member Recode),"Informações demográficas de todos os moradores do domicílio (idade, sexo, educação).",Moradores_PR,31,Stata (.dta),114,https://dhsprogram.com/customcf/legacy/data/download_dataset.cfm?Filename=TGPR31DT.zip&Tp=1&Ctry_Code=TG&surv_id=114&dm=1&dmode=nm,Togo/Moradores_PR/TGPR31DT.zip
TGPR61DT.zip,TG,Togo,PR,Moradores (Household Member Recode),"Informações demográficas de todos os moradores do domicílio (idade, sexo, educação).",Moradores_PR,61,Stata (.dta),328,https://dhsprogram.com/customcf/legacy/data/download_dataset.cfm?Filename=TGPR61DT.zip&Tp=1&Ctry_Code=TG&surv_id=328&dm=1&dmode=nm,Togo/Moradores_PR/TGPR61DT.zip
TGPR71DT.zip,TG,Togo,PR,Moradores (Household Member Recode),"Informações demográficas de todos os moradores do domicílio (idade, sexo, educação).",Moradores_PR,71,Stata (.dta),497,https://dhsprogram.com/customcf/legacy/data/download_dataset.cfm?Filename=TGPR71DT.zip&Tp=1&Ctry_Code=TG&surv_id=497&dm=1&dmode=nm,Togo/Moradores_PR/TGPR71DT.zip
TGSQ01DT.zip,TG,Togo,SQ,Serviços de Saúde (Service Questionnaire),Disponibilidade e infraestrutura dos serviços de saúde comunitários.,Servicos_Saude_SQ,01,Stata (.dta),22,https://dhsprogram.com/customcf/legacy/data/download_dataset.cfm?Filename=TGSQ01DT.zip&Tp=1&Ctry_Code=TG&surv_id=22&dm=1&dmode=nm,Togo/Servicos_Saude_SQ/TGSQ01DT.zip
TGWI31DT.zip,TG,Togo,WI,Índice de Riqueza (Wealth Index),Pontuação e quintil do índice de riqueza socioeconômica.,Riqueza_WI,31,Stata (.dta),114,https://dhsprogram.com/customcf/legacy/data/download_dataset.cfm?Filename=TGWI31DT.zip&Tp=1&Ctry_Code=TG&surv_id=114&dm=1&dmode=nm,Togo/Riqueza_WI/TGWI31DT.zip
ZMBR21DT.zip,ZM,Zâmbia,BR,Nascimentos (Births Recode),"Histórico de nascimentos das mulheres entrevistadas, partos, peso ao nascer e mortalidade infantil.",Nascimentos_BR,21,Stata (.dta),51,https://dhsprogram.com/customcf/legacy/data/download_dataset.cfm?Filename=ZMBR21DT.zip&Tp=1&Ctry_Code=ZM&surv_id=51&dm=1&dmode=nm,Zâmbia/Nascimentos_BR/ZMBR21DT.zip
ZMBR31DT.zip,ZM,Zâmbia,BR,Nascimentos (Births Recode),"Histórico de nascimentos das mulheres entrevistadas, partos, peso ao nascer e mortalidade infantil.",Nascimentos_BR,31,Stata (.dta),90,https://dhsprogram.com/customcf/legacy/data/download_dataset.cfm?Filename=ZMBR31DT.zip&Tp=1&Ctry_Code=ZM&surv_id=90&dm=1&dmode=nm,Zâmbia/Nascimentos_BR/ZMBR31DT.zip
ZMBR42DT.zip,ZM,Zâmbia,BR,Nascimentos (Births Recode),"Histórico de nascimentos das mulheres entrevistadas, partos, peso ao nascer e mortalidade infantil.",Nascimentos_BR,42,Stata (.dta),206,https://dhsprogram.com/customcf/legacy/data/download_dataset.cfm?Filename=ZMBR42DT.zip&Tp=1&Ctry_Code=ZM&surv_id=206&dm=1&dmode=nm,Zâmbia/Nascimentos_BR/ZMBR42DT.zip
ZMBR51DT.zip,ZM,Zâmbia,BR,Nascimentos (Births Recode),"Histórico de nascimentos das mulheres entrevistadas, partos, peso ao nascer e mortalidade infantil.",Nascimentos_BR,51,Stata (.dta),278,https://dhsprogram.com/customcf/legacy/data/download_dataset.cfm?Filename=ZMBR51DT.zip&Tp=1&Ctry_Code=ZM&surv_id=278&dm=1&dmode=nm,Zâmbia/Nascimentos_BR/ZMBR51DT.zip
ZMBR61DT.zip,ZM,Zâmbia,BR,Nascimentos (Births Recode),"Histórico de nascimentos das mulheres entrevistadas, partos, peso ao nascer e mortalidade infantil.",Nascimentos_BR,61,Stata (.dta),406,https://dhsprogram.com/customcf/legacy/data/download_dataset.cfm?Filename=ZMBR61DT.zip&Tp=1&Ctry_Code=ZM&surv_id=406&dm=1&dmode=nm,Zâmbia/Nascimentos_BR/ZMBR61DT.zip
ZMBR71DT.zip,ZM,Zâmbia,BR,Nascimentos (Births Recode),"Histórico de nascimentos das mulheres entrevistadas, partos, peso ao nascer e mortalidade infantil.",Nascimentos_BR,71,Stata (.dta),542,https://dhsprogram.com/customcf/legacy/data/download_dataset.cfm?Filename=ZMBR71DT.zip&Tp=1&Ctry_Code=ZM&surv_id=542&dm=1&dmode=nm,Zâmbia/Nascimentos_BR/ZMBR71DT.zip
ZMBR81DT.zip,ZM,Zâmbia,BR,Nascimentos (Births Recode),"Histórico de nascimentos das mulheres entrevistadas, partos, peso ao nascer e mortalidade infantil.",Nascimentos_BR,81,Stata (.dta),610,https://dhsprogram.com/customcf/legacy/data/download_dataset.cfm?Filename=ZMBR81DT.zip&Tp=1&Ctry_Code=ZM&surv_id=610&dm=1&dmode=nm,Zâmbia/Nascimentos_BR/ZMBR81DT.zip
ZMCR31DT.zip,ZM,Zâmbia,CR,Casais (Couples Recode),Dados conjuntos de casais casados ou vivendo em união estável.,Casais_CR,31,Stata (.dta),90,https://dhsprogram.com/customcf/legacy/data/download_dataset.cfm?Filename=ZMCR31DT.zip&Tp=1&Ctry_Code=ZM&surv_id=90&dm=1&dmode=nm,Zâmbia/Casais_CR/ZMCR31DT.zip
ZMCR42DT.zip,ZM,Zâmbia,CR,Casais (Couples Recode),Dados conjuntos de casais casados ou vivendo em união estável.,Casais_CR,42,Stata (.dta),206,https://dhsprogram.com/customcf/legacy/data/download_dataset.cfm?Filename=ZMCR42DT.zip&Tp=1&Ctry_Code=ZM&surv_id=206&dm=1&dmode=nm,Zâmbia/Casais_CR/ZMCR42DT.zip
ZMCR51DT.zip,ZM,Zâmbia,CR,Casais (Couples Recode),Dados conjuntos de casais casados ou vivendo em união estável.,Casais_CR,51,Stata (.dta),278,https://dhsprogram.com/customcf/legacy/data/download_dataset.cfm?Filename=ZMCR51DT.zip&Tp=1&Ctry_Code=ZM&surv_id=278&dm=1&dmode=nm,Zâmbia/Casais_CR/ZMCR51DT.zip
ZMCR61DT.zip,ZM,Zâmbia,CR,Casais (Couples Recode),Dados conjuntos de casais casados ou vivendo em união estável.,Casais_CR,61,Stata (.dta),406,https://dhsprogram.com/customcf/legacy/data/download_dataset.cfm?Filename=ZMCR61DT.zip&Tp=1&Ctry_Code=ZM&surv_id=406&dm=1&dmode=nm,Zâmbia/Casais_CR/ZMCR61DT.zip
ZMCR71DT.zip,ZM,Zâmbia,CR,Casais (Couples Recode),Dados conjuntos de casais casados ou vivendo em união estável.,Casais_CR,71,Stata (.dta),542,https://dhsprogram.com/customcf/legacy/data/download_dataset.cfm?Filename=ZMCR71DT.zip&Tp=1&Ctry_Code=ZM&surv_id=542&dm=1&dmode=nm,Zâmbia/Casais_CR/ZMCR71DT.zip
ZMCR81DT.zip,ZM,Zâmbia,CR,Casais (Couples Recode),Dados conjuntos de casais casados ou vivendo em união estável.,Casais_CR,81,Stata (.dta),610,https://dhsprogram.com/customcf/legacy/data/download_dataset.cfm?Filename=ZMCR81DT.zip&Tp=1&Ctry_Code=ZM&surv_id=610&dm=1&dmode=nm,Zâmbia/Casais_CR/ZMCR81DT.zip
ZMHR21DT.zip,ZM,Zâmbia,HR,Domicílios (Household Recode),"Características do domicílio, saneamento básico, fontes de água, bens e bens duráveis.",Domicilios_HR,21,Stata (.dta),51,https://dhsprogram.com/customcf/legacy/data/download_dataset.cfm?Filename=ZMHR21DT.zip&Tp=1&Ctry_Code=ZM&surv_id=51&dm=1&dmode=nm,Zâmbia/Domicilios_HR/ZMHR21DT.zip
ZMHR31DT.zip,ZM,Zâmbia,HR,Domicílios (Household Recode),"Características do domicílio, saneamento básico, fontes de água, bens e bens duráveis.",Domicilios_HR,31,Stata (.dta),90,https://dhsprogram.com/customcf/legacy/data/download_dataset.cfm?Filename=ZMHR31DT.zip&Tp=1&Ctry_Code=ZM&surv_id=90&dm=1&dmode=nm,Zâmbia/Domicilios_HR/ZMHR31DT.zip
ZMHR42DT.zip,ZM,Zâmbia,HR,Domicílios (Household Recode),"Características do domicílio, saneamento básico, fontes de água, bens e bens duráveis.",Domicilios_HR,42,Stata (.dta),206,https://dhsprogram.com/customcf/legacy/data/download_dataset.cfm?Filename=ZMHR42DT.zip&Tp=1&Ctry_Code=ZM&surv_id=206&dm=1&dmode=nm,Zâmbia/Domicilios_HR/ZMHR42DT.zip
ZMHR51DT.zip,ZM,Zâmbia,HR,Domicílios (Household Recode),"Características do domicílio, saneamento básico, fontes de água, bens e bens duráveis.",Domicilios_HR,51,Stata (.dta),278,https://dhsprogram.com/customcf/legacy/data/download_dataset.cfm?Filename=ZMHR51DT.zip&Tp=1&Ctry_Code=ZM&surv_id=278&dm=1&dmode=nm,Zâmbia/Domicilios_HR/ZMHR51DT.zip
ZMHR61DT.zip,ZM,Zâmbia,HR,Domicílios (Household Recode),"Características do domicílio, saneamento básico, fontes de água, bens e bens duráveis.",Domicilios_HR,61,Stata (.dta),406,https://dhsprogram.com/customcf/legacy/data/download_dataset.cfm?Filename=ZMHR61DT.zip&Tp=1&Ctry_Code=ZM&surv_id=406&dm=1&dmode=nm,Zâmbia/Domicilios_HR/ZMHR61DT.zip
ZMHR71DT.zip,ZM,Zâmbia,HR,Domicílios (Household Recode),"Características do domicílio, saneamento básico, fontes de água, bens e bens duráveis.",Domicilios_HR,71,Stata (.dta),542,https://dhsprogram.com/customcf/legacy/data/download_dataset.cfm?Filename=ZMHR71DT.zip&Tp=1&Ctry_Code=ZM&surv_id=542&dm=1&dmode=nm,Zâmbia/Domicilios_HR/ZMHR71DT.zip
ZMHR81DT.zip,ZM,Zâmbia,HR,Domicílios (Household Recode),"Características do domicílio, saneamento básico, fontes de água, bens e bens duráveis.",Domicilios_HR,81,Stata (.dta),610,https://dhsprogram.com/customcf/legacy/data/download_dataset.cfm?Filename=ZMHR81DT.zip&Tp=1&Ctry_Code=ZM&surv_id=610&dm=1&dmode=nm,Zâmbia/Domicilios_HR/ZMHR81DT.zip
ZMHW21DT.zip,ZM,Zâmbia,HW,Antropometria (Height and Weight),"Medições de altura, peso e escores nutricionais de mães e crianças.",Antropometria_HW,21,Stata (.dta),51,https://dhsprogram.com/customcf/legacy/data/download_dataset.cfm?Filename=ZMHW21DT.zip&Tp=1&Ctry_Code=ZM&surv_id=51&dm=1&dmode=nm,Zâmbia/Antropometria_HW/ZMHW21DT.zip
ZMHW31DT.zip,ZM,Zâmbia,HW,Antropometria (Height and Weight),"Medições de altura, peso e escores nutricionais de mães e crianças.",Antropometria_HW,31,Stata (.dta),90,https://dhsprogram.com/customcf/legacy/data/download_dataset.cfm?Filename=ZMHW31DT.zip&Tp=1&Ctry_Code=ZM&surv_id=90&dm=1&dmode=nm,Zâmbia/Antropometria_HW/ZMHW31DT.zip
ZMHW42DT.zip,ZM,Zâmbia,HW,Antropometria (Height and Weight),"Medições de altura, peso e escores nutricionais de mães e crianças.",Antropometria_HW,42,Stata (.dta),206,https://dhsprogram.com/customcf/legacy/data/download_dataset.cfm?Filename=ZMHW42DT.zip&Tp=1&Ctry_Code=ZM&surv_id=206&dm=1&dmode=nm,Zâmbia/Antropometria_HW/ZMHW42DT.zip
ZMIR21DT.zip,ZM,Zâmbia,IR,Mulheres (Individual Recode),"Dados individuais de mulheres (15-49 anos). Inclui saúde reprodutiva, maternidade, pré-natal, etc. [BÔNUS SAÚDE DA MULHER]",Saude_da_Mulher_IR,21,Stata (.dta),51,https://dhsprogram.com/customcf/legacy/data/download_dataset.cfm?Filename=ZMIR21DT.zip&Tp=1&Ctry_Code=ZM&surv_id=51&dm=1&dmode=nm,Zâmbia/Saude_da_Mulher_IR/ZMIR21DT.zip
ZMIR31DT.zip,ZM,Zâmbia,IR,Mulheres (Individual Recode),"Dados individuais de mulheres (15-49 anos). Inclui saúde reprodutiva, maternidade, pré-natal, etc. [BÔNUS SAÚDE DA MULHER]",Saude_da_Mulher_IR,31,Stata (.dta),90,https://dhsprogram.com/customcf/legacy/data/download_dataset.cfm?Filename=ZMIR31DT.zip&Tp=1&Ctry_Code=ZM&surv_id=90&dm=1&dmode=nm,Zâmbia/Saude_da_Mulher_IR/ZMIR31DT.zip
ZMIR42DT.zip,ZM,Zâmbia,IR,Mulheres (Individual Recode),"Dados individuais de mulheres (15-49 anos). Inclui saúde reprodutiva, maternidade, pré-natal, etc. [BÔNUS SAÚDE DA MULHER]",Saude_da_Mulher_IR,42,Stata (.dta),206,https://dhsprogram.com/customcf/legacy/data/download_dataset.cfm?Filename=ZMIR42DT.zip&Tp=1&Ctry_Code=ZM&surv_id=206&dm=1&dmode=nm,Zâmbia/Saude_da_Mulher_IR/ZMIR42DT.zip
ZMIR51DT.zip,ZM,Zâmbia,IR,Mulheres (Individual Recode),"Dados individuais de mulheres (15-49 anos). Inclui saúde reprodutiva, maternidade, pré-natal, etc. [BÔNUS SAÚDE DA MULHER]",Saude_da_Mulher_IR,51,Stata (.dta),278,https://dhsprogram.com/customcf/legacy/data/download_dataset.cfm?Filename=ZMIR51DT.zip&Tp=1&Ctry_Code=ZM&surv_id=278&dm=1&dmode=nm,Zâmbia/Saude_da_Mulher_IR/ZMIR51DT.zip
ZMIR61DT.zip,ZM,Zâmbia,IR,Mulheres (Individual Recode),"Dados individuais de mulheres (15-49 anos). Inclui saúde reprodutiva, maternidade, pré-natal, etc. [BÔNUS SAÚDE DA MULHER]",Saude_da_Mulher_IR,61,Stata (.dta),406,https://dhsprogram.com/customcf/legacy/data/download_dataset.cfm?Filename=ZMIR61DT.zip&Tp=1&Ctry_Code=ZM&surv_id=406&dm=1&dmode=nm,Zâmbia/Saude_da_Mulher_IR/ZMIR61DT.zip
ZMIR71DT.zip,ZM,Zâmbia,IR,Mulheres (Individual Recode),"Dados individuais de mulheres (15-49 anos). Inclui saúde reprodutiva, maternidade, pré-natal, etc. [BÔNUS SAÚDE DA MULHER]",Saude_da_Mulher_IR,71,Stata (.dta),542,https://dhsprogram.com/customcf/legacy/data/download_dataset.cfm?Filename=ZMIR71DT.zip&Tp=1&Ctry_Code=ZM&surv_id=542&dm=1&dmode=nm,Zâmbia/Saude_da_Mulher_IR/ZMIR71DT.zip
ZMIR81DT.zip,ZM,Zâmbia,IR,Mulheres (Individual Recode),"Dados individuais de mulheres (15-49 anos). Inclui saúde reprodutiva, maternidade, pré-natal, etc. [BÔNUS SAÚDE DA MULHER]",Saude_da_Mulher_IR,81,Stata (.dta),610,https://dhsprogram.com/customcf/legacy/data/download_dataset.cfm?Filename=ZMIR81DT.zip&Tp=1&Ctry_Code=ZM&surv_id=610&dm=1&dmode=nm,Zâmbia/Saude_da_Mulher_IR/ZMIR81DT.zip
ZMKR21DT.zip,ZM,Zâmbia,KR,Crianças (Children's Recode),"Crianças menores de 5 anos de idade, vacinação, nutrição, amamentação e episódios de doenças.",Criancas_KR,21,Stata (.dta),51,https://dhsprogram.com/customcf/legacy/data/download_dataset.cfm?Filename=ZMKR21DT.zip&Tp=1&Ctry_Code=ZM&surv_id=51&dm=1&dmode=nm,Zâmbia/Criancas_KR/ZMKR21DT.zip
ZMKR31DT.zip,ZM,Zâmbia,KR,Crianças (Children's Recode),"Crianças menores de 5 anos de idade, vacinação, nutrição, amamentação e episódios de doenças.",Criancas_KR,31,Stata (.dta),90,https://dhsprogram.com/customcf/legacy/data/download_dataset.cfm?Filename=ZMKR31DT.zip&Tp=1&Ctry_Code=ZM&surv_id=90&dm=1&dmode=nm,Zâmbia/Criancas_KR/ZMKR31DT.zip
ZMKR42DT.zip,ZM,Zâmbia,KR,Crianças (Children's Recode),"Crianças menores de 5 anos de idade, vacinação, nutrição, amamentação e episódios de doenças.",Criancas_KR,42,Stata (.dta),206,https://dhsprogram.com/customcf/legacy/data/download_dataset.cfm?Filename=ZMKR42DT.zip&Tp=1&Ctry_Code=ZM&surv_id=206&dm=1&dmode=nm,Zâmbia/Criancas_KR/ZMKR42DT.zip
ZMKR51DT.zip,ZM,Zâmbia,KR,Crianças (Children's Recode),"Crianças menores de 5 anos de idade, vacinação, nutrição, amamentação e episódios de doenças.",Criancas_KR,51,Stata (.dta),278,https://dhsprogram.com/customcf/legacy/data/download_dataset.cfm?Filename=ZMKR51DT.zip&Tp=1&Ctry_Code=ZM&surv_id=278&dm=1&dmode=nm,Zâmbia/Criancas_KR/ZMKR51DT.zip
ZMKR61DT.zip,ZM,Zâmbia,KR,Crianças (Children's Recode),"Crianças menores de 5 anos de idade, vacinação, nutrição, amamentação e episódios de doenças.",Criancas_KR,61,Stata (.dta),406,https://dhsprogram.com/customcf/legacy/data/download_dataset.cfm?Filename=ZMKR61DT.zip&Tp=1&Ctry_Code=ZM&surv_id=406&dm=1&dmode=nm,Zâmbia/Criancas_KR/ZMKR61DT.zip
ZMKR71DT.zip,ZM,Zâmbia,KR,Crianças (Children's Recode),"Crianças menores de 5 anos de idade, vacinação, nutrição, amamentação e episódios de doenças.",Criancas_KR,71,Stata (.dta),542,https://dhsprogram.com/customcf/legacy/data/download_dataset.cfm?Filename=ZMKR71DT.zip&Tp=1&Ctry_Code=ZM&surv_id=542&dm=1&dmode=nm,Zâmbia/Criancas_KR/ZMKR71DT.zip
ZMKR81DT.zip,ZM,Zâmbia,KR,Crianças (Children's Recode),"Crianças menores de 5 anos de idade, vacinação, nutrição, amamentação e episódios de doenças.",Criancas_KR,81,Stata (.dta),610,https://dhsprogram.com/customcf/legacy/data/download_dataset.cfm?Filename=ZMKR81DT.zip&Tp=1&Ctry_Code=ZM&surv_id=610&dm=1&dmode=nm,Zâmbia/Criancas_KR/ZMKR81DT.zip
ZMMR31DT.zip,ZM,Zâmbia,MR,Homens (Men's Recode),"Dados individuais de homens (15-49/59 anos), trabalho, saúde e conhecimentos reprodutivos.",Homens_MR,31,Stata (.dta),90,https://dhsprogram.com/customcf/legacy/data/download_dataset.cfm?Filename=ZMMR31DT.zip&Tp=1&Ctry_Code=ZM&surv_id=90&dm=1&dmode=nm,Zâmbia/Homens_MR/ZMMR31DT.zip
ZMMR41DT.zip,ZM,Zâmbia,MR,Homens (Men's Recode),"Dados individuais de homens (15-49/59 anos), trabalho, saúde e conhecimentos reprodutivos.",Homens_MR,41,Stata (.dta),206,https://dhsprogram.com/customcf/legacy/data/download_dataset.cfm?Filename=ZMMR41DT.zip&Tp=1&Ctry_Code=ZM&surv_id=206&dm=1&dmode=nm,Zâmbia/Homens_MR/ZMMR41DT.zip
ZMMR51DT.zip,ZM,Zâmbia,MR,Homens (Men's Recode),"Dados individuais de homens (15-49/59 anos), trabalho, saúde e conhecimentos reprodutivos.",Homens_MR,51,Stata (.dta),278,https://dhsprogram.com/customcf/legacy/data/download_dataset.cfm?Filename=ZMMR51DT.zip&Tp=1&Ctry_Code=ZM&surv_id=278&dm=1&dmode=nm,Zâmbia/Homens_MR/ZMMR51DT.zip
ZMMR61DT.zip,ZM,Zâmbia,MR,Homens (Men's Recode),"Dados individuais de homens (15-49/59 anos), trabalho, saúde e conhecimentos reprodutivos.",Homens_MR,61,Stata (.dta),406,https://dhsprogram.com/customcf/legacy/data/download_dataset.cfm?Filename=ZMMR61DT.zip&Tp=1&Ctry_Code=ZM&surv_id=406&dm=1&dmode=nm,Zâmbia/Homens_MR/ZMMR61DT.zip
ZMMR71DT.zip,ZM,Zâmbia,MR,Homens (Men's Recode),"Dados individuais de homens (15-49/59 anos), trabalho, saúde e conhecimentos reprodutivos.",Homens_MR,71,Stata (.dta),542,https://dhsprogram.com/customcf/legacy/data/download_dataset.cfm?Filename=ZMMR71DT.zip&Tp=1&Ctry_Code=ZM&surv_id=542&dm=1&dmode=nm,Zâmbia/Homens_MR/ZMMR71DT.zip
ZMMR81DT.zip,ZM,Zâmbia,MR,Homens (Men's Recode),"Dados individuais de homens (15-49/59 anos), trabalho, saúde e conhecimentos reprodutivos.",Homens_MR,81,Stata (.dta),610,https://dhsprogram.com/customcf/legacy/data/download_dataset.cfm?Filename=ZMMR81DT.zip&Tp=1&Ctry_Code=ZM&surv_id=610&dm=1&dmode=nm,Zâmbia/Homens_MR/ZMMR81DT.zip
ZMPR21DT.zip,ZM,Zâmbia,PR,Moradores (Household Member Recode),"Informações demográficas de todos os moradores do domicílio (idade, sexo, educação).",Moradores_PR,21,Stata (.dta),51,https://dhsprogram.com/customcf/legacy/data/download_dataset.cfm?Filename=ZMPR21DT.zip&Tp=1&Ctry_Code=ZM&surv_id=51&dm=1&dmode=nm,Zâmbia/Moradores_PR/ZMPR21DT.zip
ZMPR31DT.zip,ZM,Zâmbia,PR,Moradores (Household Member Recode),"Informações demográficas de todos os moradores do domicílio (idade, sexo, educação).",Moradores_PR,31,Stata (.dta),90,https://dhsprogram.com/customcf/legacy/data/download_dataset.cfm?Filename=ZMPR31DT.zip&Tp=1&Ctry_Code=ZM&surv_id=90&dm=1&dmode=nm,Zâmbia/Moradores_PR/ZMPR31DT.zip
ZMPR43DT.zip,ZM,Zâmbia,PR,Moradores (Household Member Recode),"Informações demográficas de todos os moradores do domicílio (idade, sexo, educação).",Moradores_PR,43,Stata (.dta),206,https://dhsprogram.com/customcf/legacy/data/download_dataset.cfm?Filename=ZMPR43DT.zip&Tp=1&Ctry_Code=ZM&surv_id=206&dm=1&dmode=nm,Zâmbia/Moradores_PR/ZMPR43DT.zip
ZMPR51DT.zip,ZM,Zâmbia,PR,Moradores (Household Member Recode),"Informações demográficas de todos os moradores do domicílio (idade, sexo, educação).",Moradores_PR,51,Stata (.dta),278,https://dhsprogram.com/customcf/legacy/data/download_dataset.cfm?Filename=ZMPR51DT.zip&Tp=1&Ctry_Code=ZM&surv_id=278&dm=1&dmode=nm,Zâmbia/Moradores_PR/ZMPR51DT.zip
ZMPR61DT.zip,ZM,Zâmbia,PR,Moradores (Household Member Recode),"Informações demográficas de todos os moradores do domicílio (idade, sexo, educação).",Moradores_PR,61,Stata (.dta),406,https://dhsprogram.com/customcf/legacy/data/download_dataset.cfm?Filename=ZMPR61DT.zip&Tp=1&Ctry_Code=ZM&surv_id=406&dm=1&dmode=nm,Zâmbia/Moradores_PR/ZMPR61DT.zip
ZMPR71DT.zip,ZM,Zâmbia,PR,Moradores (Household Member Recode),"Informações demográficas de todos os moradores do domicílio (idade, sexo, educação).",Moradores_PR,71,Stata (.dta),542,https://dhsprogram.com/customcf/legacy/data/download_dataset.cfm?Filename=ZMPR71DT.zip&Tp=1&Ctry_Code=ZM&surv_id=542&dm=1&dmode=nm,Zâmbia/Moradores_PR/ZMPR71DT.zip
ZMPR81DT.zip,ZM,Zâmbia,PR,Moradores (Household Member Recode),"Informações demográficas de todos os moradores do domicílio (idade, sexo, educação).",Moradores_PR,81,Stata (.dta),610,https://dhsprogram.com/customcf/legacy/data/download_dataset.cfm?Filename=ZMPR81DT.zip&Tp=1&Ctry_Code=ZM&surv_id=610&dm=1&dmode=nm,Zâmbia/Moradores_PR/ZMPR81DT.zip
ZMWI31DT.zip,ZM,Zâmbia,WI,Índice de Riqueza (Wealth Index),Pontuação e quintil do índice de riqueza socioeconômica.,Riqueza_WI,31,Stata (.dta),90,https://dhsprogram.com/customcf/legacy/data/download_dataset.cfm?Filename=ZMWI31DT.zip&Tp=1&Ctry_Code=ZM&surv_id=90&dm=1&dmode=nm,Zâmbia/Riqueza_WI/ZMWI31DT.zip
ZMWI41DT.zip,ZM,Zâmbia,WI,Índice de Riqueza (Wealth Index),Pontuação e quintil do índice de riqueza socioeconômica.,Riqueza_WI,41,Stata (.dta),206,https://dhsprogram.com/customcf/legacy/data/download_dataset.cfm?Filename=ZMWI41DT.zip&Tp=1&Ctry_Code=ZM&surv_id=206&dm=1&dmode=nm,Zâmbia/Riqueza_WI/ZMWI41DT.zip
ZWBR01DT.zip,ZW,Zimbábue,BR,Nascimentos (Births Recode),"Histórico de nascimentos das mulheres entrevistadas, partos, peso ao nascer e mortalidade infantil.",Nascimentos_BR,01,Stata (.dta),21,https://dhsprogram.com/customcf/legacy/data/download_dataset.cfm?Filename=ZWBR01DT.zip&Tp=1&Ctry_Code=ZW&surv_id=21&dm=1&dmode=nm,Zimbábue/Nascimentos_BR/ZWBR01DT.zip
ZWBR31DT.zip,ZW,Zimbábue,BR,Nascimentos (Births Recode),"Histórico de nascimentos das mulheres entrevistadas, partos, peso ao nascer e mortalidade infantil.",Nascimentos_BR,31,Stata (.dta),64,https://dhsprogram.com/customcf/legacy/data/download_dataset.cfm?Filename=ZWBR31DT.zip&Tp=1&Ctry_Code=ZW&surv_id=64&dm=1&dmode=nm,Zimbábue/Nascimentos_BR/ZWBR31DT.zip
ZWBR42DT.zip,ZW,Zimbábue,BR,Nascimentos (Births Recode),"Histórico de nascimentos das mulheres entrevistadas, partos, peso ao nascer e mortalidade infantil.",Nascimentos_BR,42,Stata (.dta),184,https://dhsprogram.com/customcf/legacy/data/download_dataset.cfm?Filename=ZWBR42DT.zip&Tp=1&Ctry_Code=ZW&surv_id=184&dm=1&dmode=nm,Zimbábue/Nascimentos_BR/ZWBR42DT.zip
ZWBR52DT.zip,ZW,Zimbábue,BR,Nascimentos (Births Recode),"Histórico de nascimentos das mulheres entrevistadas, partos, peso ao nascer e mortalidade infantil.",Nascimentos_BR,52,Stata (.dta),260,https://dhsprogram.com/customcf/legacy/data/download_dataset.cfm?Filename=ZWBR52DT.zip&Tp=1&Ctry_Code=ZW&surv_id=260&dm=1&dmode=nm,Zimbábue/Nascimentos_BR/ZWBR52DT.zip
ZWBR62DT.zip,ZW,Zimbábue,BR,Nascimentos (Births Recode),"Histórico de nascimentos das mulheres entrevistadas, partos, peso ao nascer e mortalidade infantil.",Nascimentos_BR,62,Stata (.dta),367,https://dhsprogram.com/customcf/legacy/data/download_dataset.cfm?Filename=ZWBR62DT.zip&Tp=1&Ctry_Code=ZW&surv_id=367&dm=1&dmode=nm,Zimbábue/Nascimentos_BR/ZWBR62DT.zip
ZWBR72DT.zip,ZW,Zimbábue,BR,Nascimentos (Births Recode),"Histórico de nascimentos das mulheres entrevistadas, partos, peso ao nascer e mortalidade infantil.",Nascimentos_BR,72,Stata (.dta),475,https://dhsprogram.com/customcf/legacy/data/download_dataset.cfm?Filename=ZWBR72DT.zip&Tp=1&Ctry_Code=ZW&surv_id=475&dm=1&dmode=nm,Zimbábue/Nascimentos_BR/ZWBR72DT.zip
ZWCR31DT.zip,ZW,Zimbábue,CR,Casais (Couples Recode),Dados conjuntos de casais casados ou vivendo em união estável.,Casais_CR,31,Stata (.dta),64,https://dhsprogram.com/customcf/legacy/data/download_dataset.cfm?Filename=ZWCR31DT.zip&Tp=1&Ctry_Code=ZW&surv_id=64&dm=1&dmode=nm,Zimbábue/Casais_CR/ZWCR31DT.zip
ZWCR41DT.zip,ZW,Zimbábue,CR,Casais (Couples Recode),Dados conjuntos de casais casados ou vivendo em união estável.,Casais_CR,41,Stata (.dta),184,https://dhsprogram.com/customcf/legacy/data/download_dataset.cfm?Filename=ZWCR41DT.zip&Tp=1&Ctry_Code=ZW&surv_id=184&dm=1&dmode=nm,Zimbábue/Casais_CR/ZWCR41DT.zip
ZWCR52DT.zip,ZW,Zimbábue,CR,Casais (Couples Recode),Dados conjuntos de casais casados ou vivendo em união estável.,Casais_CR,52,Stata (.dta),260,https://dhsprogram.com/customcf/legacy/data/download_dataset.cfm?Filename=ZWCR52DT.zip&Tp=1&Ctry_Code=ZW&surv_id=260&dm=1&dmode=nm,Zimbábue/Casais_CR/ZWCR52DT.zip
ZWCR62DT.zip,ZW,Zimbábue,CR,Casais (Couples Recode),Dados conjuntos de casais casados ou vivendo em união estável.,Casais_CR,62,Stata (.dta),367,https://dhsprogram.com/customcf/legacy/data/download_dataset.cfm?Filename=ZWCR62DT.zip&Tp=1&Ctry_Code=ZW&surv_id=367&dm=1&dmode=nm,Zimbábue/Casais_CR/ZWCR62DT.zip
ZWCR72DT.zip,ZW,Zimbábue,CR,Casais (Couples Recode),Dados conjuntos de casais casados ou vivendo em união estável.,Casais_CR,72,Stata (.dta),475,https://dhsprogram.com/customcf/legacy/data/download_dataset.cfm?Filename=ZWCR72DT.zip&Tp=1&Ctry_Code=ZW&surv_id=475&dm=1&dmode=nm,Zimbábue/Casais_CR/ZWCR72DT.zip
ZWHH01DT.zip,ZW,Zimbábue,HH,Inquérito Domiciliar (Household Survey),Questionário domiciliar expandido / experimental.,Inquerito_Domiciliar_HH,01,Stata (.dta),21,https://dhsprogram.com/customcf/legacy/data/download_dataset.cfm?Filename=ZWHH01DT.zip&Tp=1&Ctry_Code=ZW&surv_id=21&dm=1&dmode=nm,Zimbábue/Inquerito_Domiciliar_HH/ZWHH01DT.zip
ZWHR31DT.zip,ZW,Zimbábue,HR,Domicílios (Household Recode),"Características do domicílio, saneamento básico, fontes de água, bens e bens duráveis.",Domicilios_HR,31,Stata (.dta),64,https://dhsprogram.com/customcf/legacy/data/download_dataset.cfm?Filename=ZWHR31DT.zip&Tp=1&Ctry_Code=ZW&surv_id=64&dm=1&dmode=nm,Zimbábue/Domicilios_HR/ZWHR31DT.zip
ZWHR42DT.zip,ZW,Zimbábue,HR,Domicílios (Household Recode),"Características do domicílio, saneamento básico, fontes de água, bens e bens duráveis.",Domicilios_HR,42,Stata (.dta),184,https://dhsprogram.com/customcf/legacy/data/download_dataset.cfm?Filename=ZWHR42DT.zip&Tp=1&Ctry_Code=ZW&surv_id=184&dm=1&dmode=nm,Zimbábue/Domicilios_HR/ZWHR42DT.zip
ZWHR52DT.zip,ZW,Zimbábue,HR,Domicílios (Household Recode),"Características do domicílio, saneamento básico, fontes de água, bens e bens duráveis.",Domicilios_HR,52,Stata (.dta),260,https://dhsprogram.com/customcf/legacy/data/download_dataset.cfm?Filename=ZWHR52DT.zip&Tp=1&Ctry_Code=ZW&surv_id=260&dm=1&dmode=nm,Zimbábue/Domicilios_HR/ZWHR52DT.zip
ZWHR62DT.zip,ZW,Zimbábue,HR,Domicílios (Household Recode),"Características do domicílio, saneamento básico, fontes de água, bens e bens duráveis.",Domicilios_HR,62,Stata (.dta),367,https://dhsprogram.com/customcf/legacy/data/download_dataset.cfm?Filename=ZWHR62DT.zip&Tp=1&Ctry_Code=ZW&surv_id=367&dm=1&dmode=nm,Zimbábue/Domicilios_HR/ZWHR62DT.zip
ZWHR72DT.zip,ZW,Zimbábue,HR,Domicílios (Household Recode),"Características do domicílio, saneamento básico, fontes de água, bens e bens duráveis.",Domicilios_HR,72,Stata (.dta),475,https://dhsprogram.com/customcf/legacy/data/download_dataset.cfm?Filename=ZWHR72DT.zip&Tp=1&Ctry_Code=ZW&surv_id=475&dm=1&dmode=nm,Zimbábue/Domicilios_HR/ZWHR72DT.zip
ZWHW01DT.zip,ZW,Zimbábue,HW,Antropometria (Height and Weight),"Medições de altura, peso e escores nutricionais de mães e crianças.",Antropometria_HW,01,Stata (.dta),21,https://dhsprogram.com/customcf/legacy/data/download_dataset.cfm?Filename=ZWHW01DT.zip&Tp=1&Ctry_Code=ZW&surv_id=21&dm=1&dmode=nm,Zimbábue/Antropometria_HW/ZWHW01DT.zip
ZWHW31DT.zip,ZW,Zimbábue,HW,Antropometria (Height and Weight),"Medições de altura, peso e escores nutricionais de mães e crianças.",Antropometria_HW,31,Stata (.dta),64,https://dhsprogram.com/customcf/legacy/data/download_dataset.cfm?Filename=ZWHW31DT.zip&Tp=1&Ctry_Code=ZW&surv_id=64&dm=1&dmode=nm,Zimbábue/Antropometria_HW/ZWHW31DT.zip
ZWHW41DT.zip,ZW,Zimbábue,HW,Antropometria (Height and Weight),"Medições de altura, peso e escores nutricionais de mães e crianças.",Antropometria_HW,41,Stata (.dta),184,https://dhsprogram.com/customcf/legacy/data/download_dataset.cfm?Filename=ZWHW41DT.zip&Tp=1&Ctry_Code=ZW&surv_id=184&dm=1&dmode=nm,Zimbábue/Antropometria_HW/ZWHW41DT.zip
ZWHW51DT.zip,ZW,Zimbábue,HW,Antropometria (Height and Weight),"Medições de altura, peso e escores nutricionais de mães e crianças.",Antropometria_HW,51,Stata (.dta),260,https://dhsprogram.com/customcf/legacy/data/download_dataset.cfm?Filename=ZWHW51DT.zip&Tp=1&Ctry_Code=ZW&surv_id=260&dm=1&dmode=nm,Zimbábue/Antropometria_HW/ZWHW51DT.zip
ZWIR01DT.zip,ZW,Zimbábue,IR,Mulheres (Individual Recode),"Dados individuais de mulheres (15-49 anos). Inclui saúde reprodutiva, maternidade, pré-natal, etc. [BÔNUS SAÚDE DA MULHER]",Saude_da_Mulher_IR,01,Stata (.dta),21,https://dhsprogram.com/customcf/legacy/data/download_dataset.cfm?Filename=ZWIR01DT.zip&Tp=1&Ctry_Code=ZW&surv_id=21&dm=1&dmode=nm,Zimbábue/Saude_da_Mulher_IR/ZWIR01DT.zip
ZWIR31DT.zip,ZW,Zimbábue,IR,Mulheres (Individual Recode),"Dados individuais de mulheres (15-49 anos). Inclui saúde reprodutiva, maternidade, pré-natal, etc. [BÔNUS SAÚDE DA MULHER]",Saude_da_Mulher_IR,31,Stata (.dta),64,https://dhsprogram.com/customcf/legacy/data/download_dataset.cfm?Filename=ZWIR31DT.zip&Tp=1&Ctry_Code=ZW&surv_id=64&dm=1&dmode=nm,Zimbábue/Saude_da_Mulher_IR/ZWIR31DT.zip
ZWIR42DT.zip,ZW,Zimbábue,IR,Mulheres (Individual Recode),"Dados individuais de mulheres (15-49 anos). Inclui saúde reprodutiva, maternidade, pré-natal, etc. [BÔNUS SAÚDE DA MULHER]",Saude_da_Mulher_IR,42,Stata (.dta),184,https://dhsprogram.com/customcf/legacy/data/download_dataset.cfm?Filename=ZWIR42DT.zip&Tp=1&Ctry_Code=ZW&surv_id=184&dm=1&dmode=nm,Zimbábue/Saude_da_Mulher_IR/ZWIR42DT.zip
ZWIR52DT.zip,ZW,Zimbábue,IR,Mulheres (Individual Recode),"Dados individuais de mulheres (15-49 anos). Inclui saúde reprodutiva, maternidade, pré-natal, etc. [BÔNUS SAÚDE DA MULHER]",Saude_da_Mulher_IR,52,Stata (.dta),260,https://dhsprogram.com/customcf/legacy/data/download_dataset.cfm?Filename=ZWIR52DT.zip&Tp=1&Ctry_Code=ZW&surv_id=260&dm=1&dmode=nm,Zimbábue/Saude_da_Mulher_IR/ZWIR52DT.zip
ZWIR62DT.zip,ZW,Zimbábue,IR,Mulheres (Individual Recode),"Dados individuais de mulheres (15-49 anos). Inclui saúde reprodutiva, maternidade, pré-natal, etc. [BÔNUS SAÚDE DA MULHER]",Saude_da_Mulher_IR,62,Stata (.dta),367,https://dhsprogram.com/customcf/legacy/data/download_dataset.cfm?Filename=ZWIR62DT.zip&Tp=1&Ctry_Code=ZW&surv_id=367&dm=1&dmode=nm,Zimbábue/Saude_da_Mulher_IR/ZWIR62DT.zip
ZWIR72DT.zip,ZW,Zimbábue,IR,Mulheres (Individual Recode),"Dados individuais de mulheres (15-49 anos). Inclui saúde reprodutiva, maternidade, pré-natal, etc. [BÔNUS SAÚDE DA MULHER]",Saude_da_Mulher_IR,72,Stata (.dta),475,https://dhsprogram.com/customcf/legacy/data/download_dataset.cfm?Filename=ZWIR72DT.zip&Tp=1&Ctry_Code=ZW&surv_id=475&dm=1&dmode=nm,Zimbábue/Saude_da_Mulher_IR/ZWIR72DT.zip
ZWKR01DT.zip,ZW,Zimbábue,KR,Crianças (Children's Recode),"Crianças menores de 5 anos de idade, vacinação, nutrição, amamentação e episódios de doenças.",Criancas_KR,01,Stata (.dta),21,https://dhsprogram.com/customcf/legacy/data/download_dataset.cfm?Filename=ZWKR01DT.zip&Tp=1&Ctry_Code=ZW&surv_id=21&dm=1&dmode=nm,Zimbábue/Criancas_KR/ZWKR01DT.zip
ZWKR31DT.zip,ZW,Zimbábue,KR,Crianças (Children's Recode),"Crianças menores de 5 anos de idade, vacinação, nutrição, amamentação e episódios de doenças.",Criancas_KR,31,Stata (.dta),64,https://dhsprogram.com/customcf/legacy/data/download_dataset.cfm?Filename=ZWKR31DT.zip&Tp=1&Ctry_Code=ZW&surv_id=64&dm=1&dmode=nm,Zimbábue/Criancas_KR/ZWKR31DT.zip
ZWKR42DT.zip,ZW,Zimbábue,KR,Crianças (Children's Recode),"Crianças menores de 5 anos de idade, vacinação, nutrição, amamentação e episódios de doenças.",Criancas_KR,42,Stata (.dta),184,https://dhsprogram.com/customcf/legacy/data/download_dataset.cfm?Filename=ZWKR42DT.zip&Tp=1&Ctry_Code=ZW&surv_id=184&dm=1&dmode=nm,Zimbábue/Criancas_KR/ZWKR42DT.zip
ZWKR52DT.zip,ZW,Zimbábue,KR,Crianças (Children's Recode),"Crianças menores de 5 anos de idade, vacinação, nutrição, amamentação e episódios de doenças.",Criancas_KR,52,Stata (.dta),260,https://dhsprogram.com/customcf/legacy/data/download_dataset.cfm?Filename=ZWKR52DT.zip&Tp=1&Ctry_Code=ZW&surv_id=260&dm=1&dmode=nm,Zimbábue/Criancas_KR/ZWKR52DT.zip
ZWKR62DT.zip,ZW,Zimbábue,KR,Crianças (Children's Recode),"Crianças menores de 5 anos de idade, vacinação, nutrição, amamentação e episódios de doenças.",Criancas_KR,62,Stata (.dta),367,https://dhsprogram.com/customcf/legacy/data/download_dataset.cfm?Filename=ZWKR62DT.zip&Tp=1&Ctry_Code=ZW&surv_id=367&dm=1&dmode=nm,Zimbábue/Criancas_KR/ZWKR62DT.zip
ZWKR72DT.zip,ZW,Zimbábue,KR,Crianças (Children's Recode),"Crianças menores de 5 anos de idade, vacinação, nutrição, amamentação e episódios de doenças.",Criancas_KR,72,Stata (.dta),475,https://dhsprogram.com/customcf/legacy/data/download_dataset.cfm?Filename=ZWKR72DT.zip&Tp=1&Ctry_Code=ZW&surv_id=475&dm=1&dmode=nm,Zimbábue/Criancas_KR/ZWKR72DT.zip
ZWMR31DT.zip,ZW,Zimbábue,MR,Homens (Men's Recode),"Dados individuais de homens (15-49/59 anos), trabalho, saúde e conhecimentos reprodutivos.",Homens_MR,31,Stata (.dta),64,https://dhsprogram.com/customcf/legacy/data/download_dataset.cfm?Filename=ZWMR31DT.zip&Tp=1&Ctry_Code=ZW&surv_id=64&dm=1&dmode=nm,Zimbábue/Homens_MR/ZWMR31DT.zip
ZWMR41DT.zip,ZW,Zimbábue,MR,Homens (Men's Recode),"Dados individuais de homens (15-49/59 anos), trabalho, saúde e conhecimentos reprodutivos.",Homens_MR,41,Stata (.dta),184,https://dhsprogram.com/customcf/legacy/data/download_dataset.cfm?Filename=ZWMR41DT.zip&Tp=1&Ctry_Code=ZW&surv_id=184&dm=1&dmode=nm,Zimbábue/Homens_MR/ZWMR41DT.zip
ZWMR52DT.zip,ZW,Zimbábue,MR,Homens (Men's Recode),"Dados individuais de homens (15-49/59 anos), trabalho, saúde e conhecimentos reprodutivos.",Homens_MR,52,Stata (.dta),260,https://dhsprogram.com/customcf/legacy/data/download_dataset.cfm?Filename=ZWMR52DT.zip&Tp=1&Ctry_Code=ZW&surv_id=260&dm=1&dmode=nm,Zimbábue/Homens_MR/ZWMR52DT.zip
ZWMR62DT.zip,ZW,Zimbábue,MR,Homens (Men's Recode),"Dados individuais de homens (15-49/59 anos), trabalho, saúde e conhecimentos reprodutivos.",Homens_MR,62,Stata (.dta),367,https://dhsprogram.com/customcf/legacy/data/download_dataset.cfm?Filename=ZWMR62DT.zip&Tp=1&Ctry_Code=ZW&surv_id=367&dm=1&dmode=nm,Zimbábue/Homens_MR/ZWMR62DT.zip
ZWMR72DT.zip,ZW,Zimbábue,MR,Homens (Men's Recode),"Dados individuais de homens (15-49/59 anos), trabalho, saúde e conhecimentos reprodutivos.",Homens_MR,72,Stata (.dta),475,https://dhsprogram.com/customcf/legacy/data/download_dataset.cfm?Filename=ZWMR72DT.zip&Tp=1&Ctry_Code=ZW&surv_id=475&dm=1&dmode=nm,Zimbábue/Homens_MR/ZWMR72DT.zip
ZWPR31DT.zip,ZW,Zimbábue,PR,Moradores (Household Member Recode),"Informações demográficas de todos os moradores do domicílio (idade, sexo, educação).",Moradores_PR,31,Stata (.dta),64,https://dhsprogram.com/customcf/legacy/data/download_dataset.cfm?Filename=ZWPR31DT.zip&Tp=1&Ctry_Code=ZW&surv_id=64&dm=1&dmode=nm,Zimbábue/Moradores_PR/ZWPR31DT.zip
ZWPR42DT.zip,ZW,Zimbábue,PR,Moradores (Household Member Recode),"Informações demográficas de todos os moradores do domicílio (idade, sexo, educação).",Moradores_PR,42,Stata (.dta),184,https://dhsprogram.com/customcf/legacy/data/download_dataset.cfm?Filename=ZWPR42DT.zip&Tp=1&Ctry_Code=ZW&surv_id=184&dm=1&dmode=nm,Zimbábue/Moradores_PR/ZWPR42DT.zip
ZWPR52DT.zip,ZW,Zimbábue,PR,Moradores (Household Member Recode),"Informações demográficas de todos os moradores do domicílio (idade, sexo, educação).",Moradores_PR,52,Stata (.dta),260,https://dhsprogram.com/customcf/legacy/data/download_dataset.cfm?Filename=ZWPR52DT.zip&Tp=1&Ctry_Code=ZW&surv_id=260&dm=1&dmode=nm,Zimbábue/Moradores_PR/ZWPR52DT.zip
ZWPR62DT.zip,ZW,Zimbábue,PR,Moradores (Household Member Recode),"Informações demográficas de todos os moradores do domicílio (idade, sexo, educação).",Moradores_PR,62,Stata (.dta),367,https://dhsprogram.com/customcf/legacy/data/download_dataset.cfm?Filename=ZWPR62DT.zip&Tp=1&Ctry_Code=ZW&surv_id=367&dm=1&dmode=nm,Zimbábue/Moradores_PR/ZWPR62DT.zip
ZWPR72DT.zip,ZW,Zimbábue,PR,Moradores (Household Member Recode),"Informações demográficas de todos os moradores do domicílio (idade, sexo, educação).",Moradores_PR,72,Stata (.dta),475,https://dhsprogram.com/customcf/legacy/data/download_dataset.cfm?Filename=ZWPR72DT.zip&Tp=1&Ctry_Code=ZW&surv_id=475&dm=1&dmode=nm,Zimbábue/Moradores_PR/ZWPR72DT.zip
ZWSQ02DT.zip,ZW,Zimbábue,SQ,Serviços de Saúde (Service Questionnaire),Disponibilidade e infraestrutura dos serviços de saúde comunitários.,Servicos_Saude_SQ,02,Stata (.dta),21,https://dhsprogram.com/customcf/legacy/data/download_dataset.cfm?Filename=ZWSQ02DT.zip&Tp=1&Ctry_Code=ZW&surv_id=21&dm=1&dmode=nm,Zimbábue/Servicos_Saude_SQ/ZWSQ02DT.zip
ZWSQ30DT.zip,ZW,Zimbábue,SQ,Serviços de Saúde (Service Questionnaire),Disponibilidade e infraestrutura dos serviços de saúde comunitários.,Servicos_Saude_SQ,30,Stata (.dta),64,https://dhsprogram.com/customcf/legacy/data/download_dataset.cfm?Filename=ZWSQ30DT.zip&Tp=1&Ctry_Code=ZW&surv_id=64&dm=1&dmode=nm,Zimbábue/Servicos_Saude_SQ/ZWSQ30DT.zip
ZWWI31DT.zip,ZW,Zimbábue,WI,Índice de Riqueza (Wealth Index),Pontuação e quintil do índice de riqueza socioeconômica.,Riqueza_WI,31,Stata (.dta),64,https://dhsprogram.com/customcf/legacy/data/download_dataset.cfm?Filename=ZWWI31DT.zip&Tp=1&Ctry_Code=ZW&surv_id=64&dm=1&dmode=nm,Zimbábue/Riqueza_WI/ZWWI31DT.zip
ZWWI42DT.zip,ZW,Zimbábue,WI,Índice de Riqueza (Wealth Index),Pontuação e quintil do índice de riqueza socioeconômica.,Riqueza_WI,42,Stata (.dta),184,https://dhsprogram.com/customcf/legacy/data/download_dataset.cfm?Filename=ZWWI42DT.zip&Tp=1&Ctry_Code=ZW&surv_id=184&dm=1&dmode=nm,Zimbábue/Riqueza_WI/ZWWI42DT.zip
