pais_codigo,pais_nome,fase,recode,arquivo_origem,caminho_origem,linhas,colunas_selecionadas,colunas
AO,Angola,81,IR,AOIR81FL.dta,D:\Repositórios\_dados_descartados_saude_mulher\completo\extraidos\Angola\Saude_da_Mulher_IR\AOIR81DT\AOIR81FL.dta,14717,100,caseid|v001|v002|v003|v005|v006|v007|v008|v008a|v012|v013|v024|v025|v106|v190|v201|v212|v301|v302|v302a|v304_01|v304_02|v304_03|v304_04|v304_05|v304_06|v304_07|v304_08|v304_09|v304_10|v304_11|v304_12|v304_13|v304_14|v304_15|v304_16|v304_17|v304_18|v304_19|v304_20|v305_01|v305_02|v305_03|v305_04|v305_05|v305_06|v305_07|v305_08|v305_09|v305_10|v305_11|v305_12|v305_13|v305_14|v305_15|v305_16|v305_17|v305_18|v305_19|v305_20|v307_01|v307_02|v307_03|v307_04|v307_05|v307_06|v307_07|v307_08|v307_09|v307_10|v307_11|v307_12|v307_13|v307_14|v307_15|v307_16|v307_17|v307_18|v307_19|v307_20|v312|v313|m3a_1|m3b_1|m4_1|m5_1|m13_1|m14_1|m15_1|m17_1|m18_1|m19_1|m34_1|m35_1|m36_1|m38_1|m39_1|v445|v453|v457
AO,Angola,81,BR,AOBR81FL.dta,D:\Repositórios\_dados_descartados_saude_mulher\completo\extraidos\Angola\Nascimentos_BR\AOBR81DT\AOBR81FL.dta,37767,45,caseid|bidx|v001|v002|v003|v005|bord|b0|b1|b2|b3|b4|b5|b6|b7|b8|b9|b10|b11|b12|b13|b15|b16|b17|b18|b19|b20|b21|m3a|m3b|m4|m5|m6|m7|m13|m14|m15|m17|m18|m19|m34|m35|m36|m38|m39a
AO,Angola,81,HR,AOHR81FL.dta,D:\Repositórios\_dados_descartados_saude_mulher\completo\extraidos\Angola\Domicilios_HR\AOHR81DT\AOHR81FL.dta,16243,43,hhid|hv001|hv002|hv003|hv005|hv009|hv012|hv013|hv024|hv025|hv201|hv205|hv206|hv207|hv208|hv209|hv210|hv211|hv212|hv213|hv214|hv215|hv216|hv217|hv218|hv219|hv220|hv221|hv222|hv223|hv225|hv226|hv227|hv228|hv230a|hv232|hv234|hv235|hv236a|hv237|hv240|hv270|hv271
AO,Angola,81,PR,AOPR81FL.dta,D:\Repositórios\_dados_descartados_saude_mulher\completo\extraidos\Angola\Moradores_PR\AOPR81DT\AOPR81FL.dta,76173,40,hhid|hvidx|hv001|hv002|hv003|hv004|hv005|hv009|hv012|hv013|hv024|hv025|hv101|hv102|hv103|hv104|hv105|hv106|hv107|hv108|hv109|hv110|hv111|hv112|hv113|hv114|hv115|hv116|hv117|hv118|hv120|hv121|hv122|hv123|hv124|hv125|hv126|hv127|hv128|hv129
AO,Angola,81,KR,AOKR81FL.dta,D:\Repositórios\_dados_descartados_saude_mulher\completo\extraidos\Angola\Criancas_KR\AOKR81DT\AOKR81FL.dta,11433,54,caseid|bidx|v001|v002|v003|v005|bidxp|b0|b1|b2|b3|b4|b5|b6|b7|b8|b9|b10|b11|b12|m4|m5|m6|m7|m13|m14|m15|m17|m18|m19|m34|m35|m36|m38|m39a|h1|h2|h3|h4|h5|h6|h7|h8|h9|h10|h40|h11|h13|h22|h31|h34|h39|h42|h43
AO,Angola,81,CR,AOCR81FL.dta,D:\Repositórios\_dados_descartados_saude_mulher\completo\extraidos\Angola\Casais_CR\AOCR81DT\AOCR81FL.dta,2461,19,caseid|v001|v002|v003|v005|v012|v024|v025|mv001|mv002|mv003|mv005|mv012|mv024|mv025|v106|v190|mv106|mv190
AO,Angola,81,MR,AOMR81FL.dta,D:\Repositórios\_dados_descartados_saude_mulher\completo\extraidos\Angola\Homens_MR\AOMR81DT\AOMR81FL.dta,6604,12,mcaseid|mv001|mv002|mv003|mv005|mv012|mv024|mv025|mv106|mv190|mv201|mv212
BF,Burkina Faso,81,IR,BFIR81FL.DTA,D:\Repositórios\_dados_descartados_saude_mulher\completo\extraidos\Burkina Faso\Saude_da_Mulher_IR\BFIR81DT\BFIR81FL.DTA,17659,100,caseid|v001|v002|v003|v005|v006|v007|v008|v008a|v012|v013|v024|v025|v106|v190|v201|v212|v301|v302|v302a|v304_01|v304_02|v304_03|v304_04|v304_05|v304_06|v304_07|v304_08|v304_09|v304_10|v304_11|v304_12|v304_13|v304_14|v304_15|v304_16|v304_17|v304_18|v304_19|v304_20|v305_01|v305_02|v305_03|v305_04|v305_05|v305_06|v305_07|v305_08|v305_09|v305_10|v305_11|v305_12|v305_13|v305_14|v305_15|v305_16|v305_17|v305_18|v305_19|v305_20|v307_01|v307_02|v307_03|v307_04|v307_05|v307_06|v307_07|v307_08|v307_09|v307_10|v307_11|v307_12|v307_13|v307_14|v307_15|v307_16|v307_17|v307_18|v307_19|v307_20|v312|v313|m3a_1|m3b_1|m4_1|m5_1|m13_1|m14_1|m15_1|m17_1|m18_1|m19_1|m34_1|m35_1|m36_1|m38_1|m39_1|v445|v453|v457
BF,Burkina Faso,81,BR,BFBR81FL.DTA,D:\Repositórios\_dados_descartados_saude_mulher\completo\extraidos\Burkina Faso\Nascimentos_BR\BFBR81DT\BFBR81FL.DTA,48745,45,caseid|bidx|v001|v002|v003|v005|bord|b0|b1|b2|b3|b4|b5|b6|b7|b8|b9|b10|b11|b12|b13|b15|b16|b17|b18|b19|b20|b21|m3a|m3b|m4|m5|m6|m7|m13|m14|m15|m17|m18|m19|m34|m35|m36|m38|m39a
BF,Burkina Faso,81,HR,BFHR81FL.DTA,D:\Repositórios\_dados_descartados_saude_mulher\completo\extraidos\Burkina Faso\Domicilios_HR\BFHR81DT\BFHR81FL.DTA,13251,43,hhid|hv001|hv002|hv003|hv005|hv009|hv012|hv013|hv024|hv025|hv201|hv205|hv206|hv207|hv208|hv209|hv210|hv211|hv212|hv213|hv214|hv215|hv216|hv217|hv218|hv219|hv220|hv221|hv222|hv223|hv225|hv226|hv227|hv228|hv230a|hv232|hv234|hv235|hv236a|hv237|hv240|hv270|hv271
BF,Burkina Faso,81,PR,BFPR81FL.DTA,D:\Repositórios\_dados_descartados_saude_mulher\completo\extraidos\Burkina Faso\Moradores_PR\BFPR81DT\BFPR81FL.DTA,83949,40,hhid|hvidx|hv001|hv002|hv003|hv004|hv005|hv009|hv012|hv013|hv024|hv025|hv101|hv102|hv103|hv104|hv105|hv106|hv107|hv108|hv109|hv110|hv111|hv112|hv113|hv114|hv115|hv116|hv117|hv118|hv120|hv121|hv122|hv123|hv124|hv125|hv126|hv127|hv128|hv129
BF,Burkina Faso,81,KR,BFKR81FL.DTA,D:\Repositórios\_dados_descartados_saude_mulher\completo\extraidos\Burkina Faso\Criancas_KR\BFKR81DT\BFKR81FL.DTA,12343,54,caseid|bidx|v001|v002|v003|v005|bidxp|b0|b1|b2|b3|b4|b5|b6|b7|b8|b9|b10|b11|b12|m4|m5|m6|m7|m13|m14|m15|m17|m18|m19|m34|m35|m36|m38|m39a|h1|h2|h3|h4|h5|h6|h7|h8|h9|h10|h40|h11|h13|h22|h31|h34|h39|h42|h43
BF,Burkina Faso,43,HW,BFHW43FL.DTA,D:\Repositórios\_dados_descartados_saude_mulher\completo\extraidos\Burkina Faso\Antropometria_HW\BFHW43DT\BFHW43FL.DTA,10110,7,hwhhid|hwline|hwlevel|hc70|hc71|hc72|hc73
BF,Burkina Faso,81,CR,BFCR81FL.DTA,D:\Repositórios\_dados_descartados_saude_mulher\completo\extraidos\Burkina Faso\Casais_CR\BFCR81DT\BFCR81FL.DTA,4697,19,caseid|v001|v002|v003|v005|v012|v024|v025|mv001|mv002|mv003|mv005|mv012|mv024|mv025|v106|v190|mv106|mv190
BF,Burkina Faso,81,MR,BFMR81FL.DTA,D:\Repositórios\_dados_descartados_saude_mulher\completo\extraidos\Burkina Faso\Homens_MR\BFMR81DT\BFMR81FL.DTA,7720,12,mcaseid|mv001|mv002|mv003|mv005|mv012|mv024|mv025|mv106|mv190|mv201|mv212
BF,Burkina Faso,22,SQ,BFSQ22FL.DTA,D:\Repositórios\_dados_descartados_saude_mulher\completo\extraidos\Burkina Faso\Servicos_Saude_SQ\BFSQ22DT\BFSQ22FL.DTA,222,338,sqprov|sqdepart|sqgrappe|sqlocal|sqnom|sqnbhab|sqdenqj|sqdenqm|sqfenqj|sqfenqm|sqnumenq|sqnbenqh|sqfonc1h|sqfonc2h|sqfonc3h|sqnbenqf|sqfonc1f|sqfonc2f|sqfonc3f|sqdepeds|sq102|sq103|sq104|sq105|sq106|sq107|sq108|sq109|sq110|sq111|sq112|sqserv_1|sq113_1|sq114_1|sq115u_1|sq115n_1|sqserv_2|sq113_2|sq114_2|sq115u_2|sq115n_2|sqserv_3|sq113_3|sq114_3|sq115u_3|sq115n_3|sqserv_4|sq113_4|sq114_4|sq115u_4|sq115n_4|sqserv_5|sq113_5|sq114_5|sq115u_5|sq115n_5|sqserv_6|sq113_6|sq114_6|sq115u_6|sq115n_6|sqserv_7|sq113_7|sq114_7|sq115u_7|sq115n_7|sq201a01|sq201b01|sq202_01|sq203_01|sq204a01|sq204b01|sq205_01|sq207a01|sq207b01|sq207c01|sq207d01|sq207e01|sq207f01|sq207g01|sq207h01|sq208a01|sq208b01|sq208c01|sq208d01|sq208e01|sq208f01|sq208g01|sq208h01|sq208i01|sq201a02|sq201b02|sq202_02|sq203_02|sq204a02|sq204b02|sq205_02|sq207a02|sq207b02|sq207c02|sq207d02|sq207e02|sq207f02|sq207g02|sq207h02|sq208a02|sq208b02|sq208c02|sq208d02|sq208e02|sq208f02|sq208g02|sq208h02|sq208i02|sq201a03|sq201b03|sq202_03|sq203_03|sq204a03|sq204b03|sq205_03|sq207a03|sq207b03|sq207c03|sq207d03|sq207e03|sq207f03|sq207g03|sq207h03|sq208a03|sq208b03|sq208c03|sq208d03|sq208e03|sq208f03|sq208g03|sq208h03|sq208i03|sq201a04|sq201b04|sq202_04|sq203_04|sq204a04|sq204b04|sq205_04|sq207a04|sq207b04|sq207c04|sq207d04|sq207e04|sq207f04|sq207g04|sq207h04|sq208a04|sq208b04|sq208c04|sq208d04|sq208e04|sq208f04|sq208g04|sq208h04|sq208i04|sq201a05|sq201b05|sq202_05|sq203_05|sq204a05|sq204b05|sq205_05|sq207a05|sq207b05|sq207c05|sq207d05|sq207e05|sq207f05|sq207g05|sq207h05|sq208a05|sq208b05|sq208c05|sq208d05|sq208e05|sq208f05|sq208g05|sq208h05|sq208i05|sq201a06|sq201b06|sq202_06|sq203_06|sq204a06|sq204b06|sq205_06|sq207a06|sq207b06|sq207c06|sq207d06|sq207e06|sq207f06|sq207g06|sq207h06|sq208a06|sq208b06|sq208c06|sq208d06|sq208e06|sq208f06|sq208g06|sq208h06|sq208i06|sq201a07|sq201b07|sq202_07|sq203_07|sq204a07|sq204b07|sq205_07|sq207a07|sq207b07|sq207c07|sq207d07|sq207e07|sq207f07|sq207g07|sq207h07|sq208a07|sq208b07|sq208c07|sq208d07|sq208e07|sq208f07|sq208g07|sq208h07|sq208i07|sq201a08|sq201b08|sq202_08|sq203_08|sq204a08|sq204b08|sq205_08|sq207a08|sq207b08|sq207c08|sq207d08|sq207e08|sq207f08|sq207g08|sq207h08|sq208a08|sq208b08|sq208c08|sq208d08|sq208e08|sq208f08|sq208g08|sq208h08|sq208i08|sq201a09|sq201b09|sq202_09|sq203_09|sq204a09|sq204b09|sq205_09|sq207a09|sq207b09|sq207c09|sq207d09|sq207e09|sq207f09|sq207g09|sq207h09|sq208a09|sq208b09|sq208c09|sq208d09|sq208e09|sq208f09|sq208g09|sq208h09|sq208i09|sq201a10|sq201b10|sq202_10|sq203_10|sq204a10|sq204b10|sq205_10|sq207a10|sq207b10|sq207c10|sq207d10|sq207e10|sq207f10|sq207g10|sq207h10|sq208a10|sq208b10|sq208c10|sq208d10|sq208e10|sq208f10|sq208g10|sq208h10|sq208i10|sq201a11|sq201b11|sq202_11|sq203_11|sq204a11|sq204b11|sq205_11|sq207a11|sq207b11|sq207c11|sq207d11|sq207e11|sq207f11|sq207g11|sq207h11|sq208a11|sq208b11|sq208c11|sq208d11|sq208e11|sq208f11|sq208g11|sq208h11|sq208i11|sq209a|sq209b|sq209c|sq209d|sq210a|sq210b|sq210c|sq210d
BF,Burkina Faso,31,WI,BFWI31FL.DTA,D:\Repositórios\_dados_descartados_saude_mulher\completo\extraidos\Burkina Faso\Riqueza_WI\BFWI31DT\BFWI31FL.DTA,4812,3,whhid|wlthindf|wlthind5
BJ,Benin,71,IR,BJIR71FL.DTA,D:\Repositórios\_dados_descartados_saude_mulher\completo\extraidos\Benin\Saude_da_Mulher_IR\BJIR71DT\BJIR71FL.DTA,15928,100,caseid|v001|v002|v003|v005|v006|v007|v008|v008a|v012|v013|v024|v025|v106|v190|v201|v212|v301|v302|v302a|v304_01|v304_02|v304_03|v304_04|v304_05|v304_06|v304_07|v304_08|v304_09|v304_10|v304_11|v304_12|v304_13|v304_14|v304_15|v304_16|v304_17|v304_18|v304_19|v304_20|v305_01|v305_02|v305_03|v305_04|v305_05|v305_06|v305_07|v305_08|v305_09|v305_10|v305_11|v305_12|v305_13|v305_14|v305_15|v305_16|v305_17|v305_18|v305_19|v305_20|v307_01|v307_02|v307_03|v307_04|v307_05|v307_06|v307_07|v307_08|v307_09|v307_10|v307_11|v307_12|v307_13|v307_14|v307_15|v307_16|v307_17|v307_18|v307_19|v307_20|v312|v313|m3a_1|m3b_1|m4_1|m5_1|m13_1|m14_1|m15_1|m17_1|m18_1|m19_1|m34_1|m35_1|m36_1|m38_1|m39_1|v445|v453|v457
BJ,Benin,71,BR,BJBR71FL.DTA,D:\Repositórios\_dados_descartados_saude_mulher\completo\extraidos\Benin\Nascimentos_BR\BJBR71DT\BJBR71FL.DTA,45853,44,caseid|bidx|v001|v002|v003|v005|bord|b0|b1|b2|b3|b4|b5|b6|b7|b8|b9|b10|b11|b12|b13|b15|b16|b17|b18|b19|b20|m3a|m3b|m4|m5|m6|m7|m13|m14|m15|m17|m18|m19|m34|m35|m36|m38|m39a
BJ,Benin,71,HR,BJHR71FL.DTA,D:\Repositórios\_dados_descartados_saude_mulher\completo\extraidos\Benin\Domicilios_HR\BJHR71DT\BJHR71FL.DTA,14156,40,hhid|hv001|hv002|hv003|hv005|hv009|hv012|hv013|hv024|hv025|hv201|hv205|hv206|hv207|hv208|hv209|hv210|hv211|hv212|hv213|hv214|hv215|hv216|hv217|hv218|hv219|hv220|hv221|hv225|hv226|hv227|hv228|hv230a|hv232|hv234|hv235|hv237|hv240|hv270|hv271
BJ,Benin,71,PR,BJPR71FL.DTA,D:\Repositórios\_dados_descartados_saude_mulher\completo\extraidos\Benin\Moradores_PR\BJPR71DT\BJPR71FL.DTA,74673,40,hhid|hvidx|hv001|hv002|hv003|hv004|hv005|hv009|hv012|hv013|hv024|hv025|hv101|hv102|hv103|hv104|hv105|hv106|hv107|hv108|hv109|hv110|hv111|hv112|hv113|hv114|hv115|hv116|hv117|hv118|hv120|hv121|hv122|hv123|hv124|hv125|hv126|hv127|hv128|hv129
BJ,Benin,71,KR,BJKR71FL.DTA,D:\Repositórios\_dados_descartados_saude_mulher\completo\extraidos\Benin\Criancas_KR\BJKR71DT\BJKR71FL.DTA,13589,53,caseid|v001|v002|v003|v005|bidx|b0|b1|b2|b3|b4|b5|b6|b7|b8|b9|b10|b11|b12|m4|m5|m6|m7|m13|m14|m15|m17|m18|m19|m34|m35|m36|m38|m39a|h1|h2|h3|h4|h5|h6|h7|h8|h9|h10|h40|h11|h13|h22|h31|h34|h39|h42|h43
BJ,Benin,41,HW,BJHW41FL.DTA,D:\Repositórios\_dados_descartados_saude_mulher\completo\extraidos\Benin\Antropometria_HW\BJHW41DT\BJHW41FL.DTA,5275,7,hwhhid|hwline|hwlevel|hc70|hc71|hc72|hc73
BJ,Benin,71,CR,BJCR71FL.DTA,D:\Repositórios\_dados_descartados_saude_mulher\completo\extraidos\Benin\Casais_CR\BJCR71DT\BJCR71FL.DTA,4035,19,caseid|v001|v002|v003|v005|v012|v024|v025|mv001|mv002|mv003|mv005|mv012|mv024|mv025|v106|v190|mv106|mv190
BJ,Benin,71,MR,BJMR71FL.DTA,D:\Repositórios\_dados_descartados_saude_mulher\completo\extraidos\Benin\Homens_MR\BJMR71DT\BJMR71FL.DTA,7595,12,mcaseid|mv001|mv002|mv003|mv005|mv012|mv024|mv025|mv106|mv190|mv201|mv212
BJ,Benin,51,SQ,BJSQ51FL.DTA,D:\Repositórios\_dados_descartados_saude_mulher\completo\extraidos\Benin\Servicos_Saude_SQ\BJSQ51DT\BJSQ51FL.DTA,735,28,grappe|zd|dep|com|arrond|urbrur|vil|jour|mois|annee|cequipe|cresul|Q101|Q102|Q103|Q104|Q105|Q106|Q107|Q107A|Q108|Q109|Q110|Q110A|Q111|Q111A|NSEC1|NSEC2
BJ,Benin,41,WI,BJWI41FL.DTA,D:\Repositórios\_dados_descartados_saude_mulher\completo\extraidos\Benin\Riqueza_WI\BJWI41DT\BJWI41FL.DTA,5769,3,whhid|wlthindf|wlthind5
BU,Burundi,71,IR,BUIR71FL.DTA,D:\Repositórios\_dados_descartados_saude_mulher\completo\extraidos\Burundi\Saude_da_Mulher_IR\BUIR71DT\BUIR71FL.DTA,17269,100,caseid|v001|v002|v003|v005|v006|v007|v008|v008a|v012|v013|v024|v025|v106|v190|v201|v212|v301|v302|v302a|v304_01|v304_02|v304_03|v304_04|v304_05|v304_06|v304_07|v304_08|v304_09|v304_10|v304_11|v304_12|v304_13|v304_14|v304_15|v304_16|v304_17|v304_18|v304_19|v304_20|v305_01|v305_02|v305_03|v305_04|v305_05|v305_06|v305_07|v305_08|v305_09|v305_10|v305_11|v305_12|v305_13|v305_14|v305_15|v305_16|v305_17|v305_18|v305_19|v305_20|v307_01|v307_02|v307_03|v307_04|v307_05|v307_06|v307_07|v307_08|v307_09|v307_10|v307_11|v307_12|v307_13|v307_14|v307_15|v307_16|v307_17|v307_18|v307_19|v307_20|v312|v313|m3a_1|m3b_1|m4_1|m5_1|m13_1|m14_1|m15_1|m17_1|m18_1|m19_1|m34_1|m35_1|m36_1|m38_1|m39_1|v445|v453|v457
BU,Burundi,71,BR,BUBR71FL.DTA,D:\Repositórios\_dados_descartados_saude_mulher\completo\extraidos\Burundi\Nascimentos_BR\BUBR71DT\BUBR71FL.DTA,45419,44,caseid|bidx|v001|v002|v003|v005|bord|b0|b1|b2|b3|b4|b5|b6|b7|b8|b9|b10|b11|b12|b13|b15|b16|b17|b18|b19|b20|m3a|m3b|m4|m5|m6|m7|m13|m14|m15|m17|m18|m19|m34|m35|m36|m38|m39a
BU,Burundi,71,HR,BUHR71FL.DTA,D:\Repositórios\_dados_descartados_saude_mulher\completo\extraidos\Burundi\Domicilios_HR\BUHR71DT\BUHR71FL.DTA,15977,40,hhid|hv001|hv002|hv003|hv005|hv009|hv012|hv013|hv024|hv025|hv201|hv205|hv206|hv207|hv208|hv209|hv210|hv211|hv212|hv213|hv214|hv215|hv216|hv217|hv218|hv219|hv220|hv221|hv225|hv226|hv227|hv228|hv230a|hv232|hv234|hv235|hv237|hv240|hv270|hv271
BU,Burundi,71,PR,BUPR71FL.DTA,D:\Repositórios\_dados_descartados_saude_mulher\completo\extraidos\Burundi\Moradores_PR\BUPR71DT\BUPR71FL.DTA,78367,40,hhid|hvidx|hv001|hv002|hv003|hv004|hv005|hv009|hv012|hv013|hv024|hv025|hv101|hv102|hv103|hv104|hv105|hv106|hv107|hv108|hv109|hv110|hv111|hv112|hv113|hv114|hv115|hv116|hv117|hv118|hv120|hv121|hv122|hv123|hv124|hv125|hv126|hv127|hv128|hv129
BU,Burundi,71,KR,BUKR71FL.DTA,D:\Repositórios\_dados_descartados_saude_mulher\completo\extraidos\Burundi\Criancas_KR\BUKR71DT\BUKR71FL.DTA,13192,53,caseid|v001|v002|v003|v005|bidx|b0|b1|b2|b3|b4|b5|b6|b7|b8|b9|b10|b11|b12|m4|m5|m6|m7|m13|m14|m15|m17|m18|m19|m34|m35|m36|m38|m39a|h1|h2|h3|h4|h5|h6|h7|h8|h9|h10|h40|h11|h13|h22|h31|h34|h39|h42|h43
BU,Burundi,01,HW,BUHW01FL.DTA,D:\Repositórios\_dados_descartados_saude_mulher\completo\extraidos\Burundi\Antropometria_HW\BUHW01DT\BUHW01FL.DTA,2051,6,hwline|hwlevel|hc70|hc71|hc72|hc73
BU,Burundi,71,CR,BUCR71FL.DTA,D:\Repositórios\_dados_descartados_saude_mulher\completo\extraidos\Burundi\Casais_CR\BUCR71DT\BUCR71FL.DTA,3599,19,caseid|v001|v002|v003|v005|v012|v024|v025|mv001|mv002|mv003|mv005|mv012|mv024|mv025|v106|v190|mv106|mv190
BU,Burundi,71,MR,BUMR71FL.DTA,D:\Repositórios\_dados_descartados_saude_mulher\completo\extraidos\Burundi\Homens_MR\BUMR71DT\BUMR71FL.DTA,7552,12,mcaseid|mv001|mv002|mv003|mv005|mv012|mv024|mv025|mv106|mv190|mv201|mv212
BU,Burundi,02,SQ,BUSQ02FL.DTA,D:\Repositórios\_dados_descartados_saude_mulher\completo\extraidos\Burundi\Servicos_Saude_SQ\BUSQ02DT\BUSQ02FL.DTA,99,23,level1id|c1|c2|c3a|c3b|c3c|c3d|c3e|c3f|c3g|c4|c5|c6|c7|c8|c9|c10|c11|c12|c13|c14|c15|c16
CD,Congo (República Democrática),81,IR,CDIR81FL.dta,D:\Repositórios\_dados_descartados_saude_mulher\completo\extraidos\Congo (República Democrática)\Saude_da_Mulher_IR\CDIR81DT\CDIR81FL.dta,27583,100,caseid|v001|v002|v003|v005|v006|v007|v008|v008a|v012|v013|v024|v025|v106|v190|v201|v212|v301|v302|v302a|v304_01|v304_02|v304_03|v304_04|v304_05|v304_06|v304_07|v304_08|v304_09|v304_10|v304_11|v304_12|v304_13|v304_14|v304_15|v304_16|v304_17|v304_18|v304_19|v304_20|v305_01|v305_02|v305_03|v305_04|v305_05|v305_06|v305_07|v305_08|v305_09|v305_10|v305_11|v305_12|v305_13|v305_14|v305_15|v305_16|v305_17|v305_18|v305_19|v305_20|v307_01|v307_02|v307_03|v307_04|v307_05|v307_06|v307_07|v307_08|v307_09|v307_10|v307_11|v307_12|v307_13|v307_14|v307_15|v307_16|v307_17|v307_18|v307_19|v307_20|v312|v313|m3a_1|m3b_1|m4_1|m5_1|m13_1|m14_1|m15_1|m17_1|m18_1|m19_1|m34_1|m35_1|m36_1|m38_1|m39_1|v445|v453|v457
CD,Congo (República Democrática),81,BR,CDBR81FL.dta,D:\Repositórios\_dados_descartados_saude_mulher\completo\extraidos\Congo (República Democrática)\Nascimentos_BR\CDBR81DT\CDBR81FL.dta,80890,45,caseid|bidx|v001|v002|v003|v005|bord|b0|b1|b2|b3|b4|b5|b6|b7|b8|b9|b10|b11|b12|b13|b15|b16|b17|b18|b19|b20|b21|m3a|m3b|m4|m5|m6|m7|m13|m14|m15|m17|m18|m19|m34|m35|m36|m38|m39a
CD,Congo (República Democrática),81,HR,CDHR81FL.dta,D:\Repositórios\_dados_descartados_saude_mulher\completo\extraidos\Congo (República Democrática)\Domicilios_HR\CDHR81DT\CDHR81FL.dta,26347,43,hhid|hv001|hv002|hv003|hv005|hv009|hv012|hv013|hv024|hv025|hv201|hv205|hv206|hv207|hv208|hv209|hv210|hv211|hv212|hv213|hv214|hv215|hv216|hv217|hv218|hv219|hv220|hv221|hv222|hv223|hv225|hv226|hv227|hv228|hv230a|hv232|hv234|hv235|hv236a|hv237|hv240|hv270|hv271
CD,Congo (República Democrática),81,PR,CDPR81FL.dta,D:\Repositórios\_dados_descartados_saude_mulher\completo\extraidos\Congo (República Democrática)\Moradores_PR\CDPR81DT\CDPR81FL.dta,139903,40,hhid|hvidx|hv001|hv002|hv003|hv004|hv005|hv009|hv012|hv013|hv024|hv025|hv101|hv102|hv103|hv104|hv105|hv106|hv107|hv108|hv109|hv110|hv111|hv112|hv113|hv114|hv115|hv116|hv117|hv118|hv120|hv121|hv122|hv123|hv124|hv125|hv126|hv127|hv128|hv129
CD,Congo (República Democrática),81,KR,CDKR81FL.dta,D:\Repositórios\_dados_descartados_saude_mulher\completo\extraidos\Congo (República Democrática)\Criancas_KR\CDKR81DT\CDKR81FL.dta,24203,54,caseid|bidx|v001|v002|v003|v005|bidxp|b0|b1|b2|b3|b4|b5|b6|b7|b8|b9|b10|b11|b12|m4|m5|m6|m7|m13|m14|m15|m17|m18|m19|m34|m35|m36|m38|m39a|h1|h2|h3|h4|h5|h6|h7|h8|h9|h10|h40|h11|h13|h22|h31|h34|h39|h42|h43
CD,Congo (República Democrática),81,CR,CDCR81FL.dta,D:\Repositórios\_dados_descartados_saude_mulher\completo\extraidos\Congo (República Democrática)\Casais_CR\CDCR81DT\CDCR81FL.dta,6079,19,caseid|v001|v002|v003|v005|v012|v024|v025|mv001|mv002|mv003|mv005|mv012|mv024|mv025|v106|v190|mv106|mv190
CD,Congo (República Democrática),81,MR,CDMR81FL.dta,D:\Repositórios\_dados_descartados_saude_mulher\completo\extraidos\Congo (República Democrática)\Homens_MR\CDMR81DT\CDMR81FL.dta,12681,12,mcaseid|mv001|mv002|mv003|mv005|mv012|mv024|mv025|mv106|mv190|mv201|mv212
CF,República Centro-Africana,31,IR,CFIR31FL.DTA,D:\Repositórios\_dados_descartados_saude_mulher\completo\extraidos\República Centro-Africana\Saude_da_Mulher_IR\CFIR31DT\CFIR31FL.DTA,5884,65,caseid|v001|v002|v003|v005|v006|v007|v008|v012|v013|v024|v025|v106|v201|v212|v301|v302|v304_01|v305_01|v304_02|v305_02|v304_03|v305_03|v304_04|v305_04|v304_05|v305_05|v304_06|v305_06|v304_07|v305_07|v304_08|v305_08|v304_09|v305_09|v304_10|v305_10|v304_11|v305_11|v304_12|v305_12|v304_13|v305_13|v304_14|v305_14|v304_15|v305_15|v312|v313|m3a_1|m3b_1|m4_1|m5_1|m13_1|m14_1|m15_1|m17_1|m18_1|m19_1|m34_1|m35_1|m36_1|m38_1|m39_1|v445
CF,República Centro-Africana,31,BR,CFBR31FL.dta,D:\Repositórios\_dados_descartados_saude_mulher\completo\extraidos\República Centro-Africana\Nascimentos_BR\CFBR31DT\CFBR31FL.dta,16936,38,caseid|bidx|v001|v002|v003|v005|bord|b0|b1|b2|b3|b4|b5|b6|b7|b8|b9|b10|b11|b12|b13|b15|m3a|m3b|m4|m5|m6|m7|m13|m14|m15|m17|m18|m19|m34|m35|m36|m38
CF,República Centro-Africana,31,HR,CFHR31FL.DTA,D:\Repositórios\_dados_descartados_saude_mulher\completo\extraidos\República Centro-Africana\Domicilios_HR\CFHR31DT\CFHR31FL.DTA,5551,29,hhid|hv001|hv002|hv003|hv005|hv009|hv012|hv013|hv024|hv025|hv201|hv205|hv206|hv207|hv208|hv209|hv210|hv211|hv212|hv213|hv214|hv215|hv216|hv217|hv218|hv219|hv220|hv221|hv222
CF,República Centro-Africana,31,PR,CFPR31FL.DTA,D:\Repositórios\_dados_descartados_saude_mulher\completo\extraidos\República Centro-Africana\Moradores_PR\CFPR31DT\CFPR31FL.DTA,28050,30,hhid|hv001|hv002|hv003|hv004|hv005|hv009|hv012|hv013|hv024|hv025|hvidx|hv101|hv102|hv103|hv104|hv105|hv106|hv107|hv108|hv109|hv110|hv111|hv112|hv113|hv114|hv115|hv116|hv117|hv118
CF,República Centro-Africana,31,KR,CFKR31FL.DTA,D:\Repositórios\_dados_descartados_saude_mulher\completo\extraidos\República Centro-Africana\Criancas_KR\CFKR31DT\CFKR31FL.DTA,2816,47,caseid|v001|v002|v003|v005|bidx|b0|b1|b2|b3|b4|b5|b6|b7|b8|b9|b10|b11|b12|m4|m5|m6|m7|m13|m14|m15|m17|m18|m19|m34|m35|m36|m38|h1|h2|h3|h4|h5|h6|h7|h8|h9|h10|h11|h13|h22|h31
CF,República Centro-Africana,31,HW,CFHW31FL.DTA,D:\Repositórios\_dados_descartados_saude_mulher\completo\extraidos\República Centro-Africana\Antropometria_HW\CFHW31DT\CFHW31FL.DTA,2816,6,hwline|hwlevel|hc70|hc71|hc72|hc73
CF,República Centro-Africana,31,CR,CFCR31FL.DTA,D:\Repositórios\_dados_descartados_saude_mulher\completo\extraidos\República Centro-Africana\Casais_CR\CFCR31DT\CFCR31FL.DTA,939,17,caseid|v001|v002|v003|v005|v012|v024|v025|v106|mv001|mv002|mv003|mv005|mv012|mv024|mv025|mv106
CF,República Centro-Africana,31,MR,CFMR31FL.DTA,D:\Repositórios\_dados_descartados_saude_mulher\completo\extraidos\República Centro-Africana\Homens_MR\CFMR31DT\CFMR31FL.DTA,1729,10,mcaseid|mv001|mv002|mv003|mv005|mv012|mv024|mv025|mv106|mv201
CF,República Centro-Africana,33,SQ,CFSQ33FL.DTA,D:\Repositórios\_dados_descartados_saude_mulher\completo\extraidos\República Centro-Africana\Servicos_Saude_SQ\CFSQ33DT\CFSQ33FL.DTA,231,40,cpref|curbrur|cgrappe|cjour|cmois|cjourf|cmoisf|cnom|cnbreh|cftha|cfthb|cfthc|cnbref|cftfa|cftfb|cftfc|c101|c102|c103|c104|c105|c106|c107|c108a|c108b|c108c|c108d|c108e|c108f|c109|c109ap|c109ac|c109av|c110|c110anb|c110ad|c110b|c110cp|c110cc|c110cv
CF,República Centro-Africana,31,WI,CFWI31FL.DTA,D:\Repositórios\_dados_descartados_saude_mulher\completo\extraidos\República Centro-Africana\Riqueza_WI\CFWI31DT\CFWI31FL.DTA,5551,3,whhid|wlthindf|wlthind5
CG,Congo (Brazzaville),61,IR,CGIR61FL.DTA,D:\Repositórios\_dados_descartados_saude_mulher\completo\extraidos\Congo (Brazzaville)\Saude_da_Mulher_IR\CGIR61DT\CGIR61FL.DTA,10819,99,caseid|v001|v002|v003|v005|v006|v007|v008|v012|v013|v024|v025|v106|v190|v201|v212|v301|v302|v302a|v304_01|v304_02|v304_03|v304_04|v304_05|v304_06|v304_07|v304_08|v304_09|v304_10|v304_11|v304_12|v304_13|v304_14|v304_15|v304_16|v304_17|v304_18|v304_19|v304_20|v305_01|v305_02|v305_03|v305_04|v305_05|v305_06|v305_07|v305_08|v305_09|v305_10|v305_11|v305_12|v305_13|v305_14|v305_15|v305_16|v305_17|v305_18|v305_19|v305_20|v307_01|v307_02|v307_03|v307_04|v307_05|v307_06|v307_07|v307_08|v307_09|v307_10|v307_11|v307_12|v307_13|v307_14|v307_15|v307_16|v307_17|v307_18|v307_19|v307_20|v312|v313|m3a_1|m3b_1|m4_1|m5_1|m13_1|m14_1|m15_1|m17_1|m18_1|m19_1|m34_1|m35_1|m36_1|m38_1|m39_1|v445|v453|v457
CG,Congo (Brazzaville),61,BR,CGBR61FL.DTA,D:\Repositórios\_dados_descartados_saude_mulher\completo\extraidos\Congo (Brazzaville)\Nascimentos_BR\CGBR61DT\CGBR61FL.DTA,31948,40,caseid|bidx|v001|v002|v003|v005|bord|b0|b1|b2|b3|b4|b5|b6|b7|b8|b9|b10|b11|b12|b13|b15|b16|m3a|m3b|m4|m5|m6|m7|m13|m14|m15|m17|m18|m19|m34|m35|m36|m38|m39a
CG,Congo (Brazzaville),61,HR,CGHR61FL.DTA,D:\Repositórios\_dados_descartados_saude_mulher\completo\extraidos\Congo (Brazzaville)\Domicilios_HR\CGHR61DT\CGHR61FL.DTA,11632,40,hhid|hv001|hv002|hv003|hv005|hv009|hv012|hv013|hv024|hv025|hv201|hv205|hv206|hv207|hv208|hv209|hv210|hv211|hv212|hv213|hv214|hv215|hv216|hv217|hv218|hv219|hv220|hv221|hv225|hv226|hv227|hv228|hv230a|hv232|hv234|hv235|hv237|hv240|hv270|hv271
CG,Congo (Brazzaville),61,PR,CGPR61FL.DTA,D:\Repositórios\_dados_descartados_saude_mulher\completo\extraidos\Congo (Brazzaville)\Moradores_PR\CGPR61DT\CGPR61FL.DTA,51449,40,hhid|hvidx|hv001|hv002|hv003|hv004|hv005|hv009|hv012|hv013|hv024|hv025|hv101|hv102|hv103|hv104|hv105|hv106|hv107|hv108|hv109|hv110|hv111|hv112|hv113|hv114|hv115|hv116|hv117|hv118|hv120|hv121|hv122|hv123|hv124|hv125|hv126|hv127|hv128|hv129
CG,Congo (Brazzaville),61,KR,CGKR61FL.DTA,D:\Repositórios\_dados_descartados_saude_mulher\completo\extraidos\Congo (Brazzaville)\Criancas_KR\CGKR61DT\CGKR61FL.DTA,9329,53,caseid|v001|v002|v003|v005|bidx|b0|b1|b2|b3|b4|b5|b6|b7|b8|b9|b10|b11|b12|m4|m5|m6|m7|m13|m14|m15|m17|m18|m19|m34|m35|m36|m38|m39a|h1|h2|h3|h4|h5|h6|h7|h8|h9|h10|h11|h13|h22|h31|h34|h39|h40|h42|h43
CG,Congo (Brazzaville),51,HW,CGHW51FL.DTA,D:\Repositórios\_dados_descartados_saude_mulher\completo\extraidos\Congo (Brazzaville)\Antropometria_HW\CGHW51DT\CGHW51FL.DTA,4954,7,hwhhid|hwline|hwlevel|hc70|hc71|hc72|hc73
CG,Congo (Brazzaville),61,CR,CGCR61FL.DTA,D:\Repositórios\_dados_descartados_saude_mulher\completo\extraidos\Congo (Brazzaville)\Casais_CR\CGCR61DT\CGCR61FL.DTA,2372,19,caseid|v001|v002|v003|v005|v012|v024|v025|mv001|mv002|mv003|mv005|mv012|mv024|mv025|v106|v190|mv106|mv190
CG,Congo (Brazzaville),61,MR,CGMR61FL.DTA,D:\Repositórios\_dados_descartados_saude_mulher\completo\extraidos\Congo (Brazzaville)\Homens_MR\CGMR61DT\CGMR61FL.DTA,5145,12,mcaseid|mv001|mv002|mv003|mv005|mv012|mv024|mv025|mv106|mv190|mv201|mv212
CI,Costa do Marfim,81,IR,CIIR81FL.DTA,D:\Repositórios\_dados_descartados_saude_mulher\completo\extraidos\Costa do Marfim\Saude_da_Mulher_IR\CIIR81DT\CIIR81FL.DTA,14877,100,caseid|v001|v002|v003|v005|v006|v007|v008|v008a|v012|v013|v024|v025|v106|v190|v201|v212|v301|v302|v302a|v304_01|v304_02|v304_03|v304_04|v304_05|v304_06|v304_07|v304_08|v304_09|v304_10|v304_11|v304_12|v304_13|v304_14|v304_15|v304_16|v304_17|v304_18|v304_19|v304_20|v305_01|v305_02|v305_03|v305_04|v305_05|v305_06|v305_07|v305_08|v305_09|v305_10|v305_11|v305_12|v305_13|v305_14|v305_15|v305_16|v305_17|v305_18|v305_19|v305_20|v307_01|v307_02|v307_03|v307_04|v307_05|v307_06|v307_07|v307_08|v307_09|v307_10|v307_11|v307_12|v307_13|v307_14|v307_15|v307_16|v307_17|v307_18|v307_19|v307_20|v312|v313|m3a_1|m3b_1|m4_1|m5_1|m13_1|m14_1|m15_1|m17_1|m18_1|m19_1|m34_1|m35_1|m36_1|m38_1|m39_1|v445|v453|v457
CI,Costa do Marfim,81,BR,CIBR81FL.DTA,D:\Repositórios\_dados_descartados_saude_mulher\completo\extraidos\Costa do Marfim\Nascimentos_BR\CIBR81DT\CIBR81FL.DTA,39979,45,caseid|bidx|v001|v002|v003|v005|bord|b0|b1|b2|b3|b4|b5|b6|b7|b8|b9|b10|b11|b12|b13|b15|b16|b17|b18|b19|b20|b21|m3a|m3b|m4|m5|m6|m7|m13|m14|m15|m17|m18|m19|m34|m35|m36|m38|m39a
CI,Costa do Marfim,81,HR,CIHR81FL.DTA,D:\Repositórios\_dados_descartados_saude_mulher\completo\extraidos\Costa do Marfim\Domicilios_HR\CIHR81DT\CIHR81FL.DTA,14766,43,hhid|hv001|hv002|hv003|hv005|hv009|hv012|hv013|hv024|hv025|hv201|hv205|hv206|hv207|hv208|hv209|hv210|hv211|hv212|hv213|hv214|hv215|hv216|hv217|hv218|hv219|hv220|hv221|hv222|hv223|hv225|hv226|hv227|hv228|hv230a|hv232|hv234|hv235|hv236a|hv237|hv240|hv270|hv271
CI,Costa do Marfim,81,PR,CIPR81FL.DTA,D:\Repositórios\_dados_descartados_saude_mulher\completo\extraidos\Costa do Marfim\Moradores_PR\CIPR81DT\CIPR81FL.DTA,68429,40,hhid|hvidx|hv001|hv002|hv003|hv004|hv005|hv009|hv012|hv013|hv024|hv025|hv101|hv102|hv103|hv104|hv105|hv106|hv107|hv108|hv109|hv110|hv111|hv112|hv113|hv114|hv115|hv116|hv117|hv118|hv120|hv121|hv122|hv123|hv124|hv125|hv126|hv127|hv128|hv129
CI,Costa do Marfim,81,KR,CIKR81FL.DTA,D:\Repositórios\_dados_descartados_saude_mulher\completo\extraidos\Costa do Marfim\Criancas_KR\CIKR81DT\CIKR81FL.DTA,10645,54,caseid|bidx|v001|v002|v003|v005|bidxp|b0|b1|b2|b3|b4|b5|b6|b7|b8|b9|b10|b11|b12|m4|m5|m6|m7|m13|m14|m15|m17|m18|m19|m34|m35|m36|m38|m39a|h1|h2|h3|h4|h5|h6|h7|h8|h9|h10|h40|h11|h13|h22|h31|h34|h39|h42|h43
CI,Costa do Marfim,35,HW,CIHW35FL.DTA,D:\Repositórios\_dados_descartados_saude_mulher\completo\extraidos\Costa do Marfim\Antropometria_HW\CIHW35DT\CIHW35FL.DTA,3998,6,hwline|hwlevel|hc70|hc71|hc72|hc73
CI,Costa do Marfim,81,CR,CICR81FL.DTA,D:\Repositórios\_dados_descartados_saude_mulher\completo\extraidos\Costa do Marfim\Casais_CR\CICR81DT\CICR81FL.DTA,3606,19,caseid|v001|v002|v003|v005|v012|v024|v025|mv001|mv002|mv003|mv005|mv012|mv024|mv025|v106|v190|mv106|mv190
CI,Costa do Marfim,81,MR,CIMR81FL.DTA,D:\Repositórios\_dados_descartados_saude_mulher\completo\extraidos\Costa do Marfim\Homens_MR\CIMR81DT\CIMR81FL.DTA,7591,12,mcaseid|mv001|mv002|mv003|mv005|mv012|mv024|mv025|mv106|mv190|mv201|mv212
CI,Costa do Marfim,33,SQ,CISQ33FL.DTA,D:\Repositórios\_dados_descartados_saude_mulher\completo\extraidos\Costa do Marfim\Servicos_Saude_SQ\CISQ33DT\CISQ33FL.DTA,246,40,sdepart|sspref|sdr|sgrappe|snhabs|snpers|stitre_1|ssexe_1|stitre_2|ssexe_2|stitre_3|ssexe_3|stitre_4|ssexe_4|stitre_5|ssexe_5|sdebj|sdebm|sdeba|sfinj|sfinm|sfina|senque|s101|s102|s103|s104h|s104m|s105|s106|s107|s108|s109|s110_1|s111_1|s112h_1|s112m_1|s110_2|s111_2|s112h_2
CI,Costa do Marfim,34,WI,CIWI34FL.DTA,D:\Repositórios\_dados_descartados_saude_mulher\completo\extraidos\Costa do Marfim\Riqueza_WI\CIWI34DT\CIWI34FL.DTA,5935,3,whhid|wlthindf|wlthind5
CM,Camarões,82,IR,CMIR82FL.DTA,D:\Repositórios\_dados_descartados_saude_mulher\completo\extraidos\Camarões\Saude_da_Mulher_IR\CMIR82DT\CMIR82FL.DTA,6532,35,caseid|v001|v002|v003|v005|v006|v007|v008|v008a|v012|v013|v024|v025|v106|v190|v201|v212|m3a_1|m3b_1|m4_1|m5_1|m13_1|m14_1|m15_1|m17_1|m18_1|m19_1|m34_1|m35_1|m36_1|m38_1|m39_1|v445|v453|v457
CM,Camarões,82,HR,CMHR82FL.DTA,D:\Repositórios\_dados_descartados_saude_mulher\completo\extraidos\Camarões\Domicilios_HR\CMHR82DT\CMHR82FL.DTA,6031,43,hhid|hv001|hv002|hv003|hv005|hv009|hv012|hv013|hv024|hv025|hv201|hv205|hv206|hv207|hv208|hv209|hv210|hv211|hv212|hv213|hv214|hv215|hv216|hv217|hv218|hv219|hv220|hv221|hv222|hv223|hv225|hv226|hv227|hv228|hv230a|hv232|hv234|hv235|hv236a|hv237|hv240|hv270|hv271
CM,Camarões,82,PR,CMPR82FL.DTA,D:\Repositórios\_dados_descartados_saude_mulher\completo\extraidos\Camarões\Moradores_PR\CMPR82DT\CMPR82FL.DTA,29989,40,hhid|hvidx|hv001|hv002|hv003|hv004|hv005|hv009|hv012|hv013|hv024|hv025|hv101|hv102|hv103|hv104|hv105|hv106|hv107|hv108|hv109|hv110|hv111|hv112|hv113|hv114|hv115|hv116|hv117|hv118|hv120|hv121|hv122|hv123|hv124|hv125|hv126|hv127|hv128|hv129
CM,Camarões,82,KR,CMKR82FL.DTA,D:\Repositórios\_dados_descartados_saude_mulher\completo\extraidos\Camarões\Criancas_KR\CMKR82DT\CMKR82FL.DTA,4506,43,caseid|bidx|v001|v002|v003|v005|bidxp|b0|b1|b2|b3|b4|b5|b6|b7|b8|b9|b10|b11|b12|m4|m5|m6|m7|m13|m14|m15|m17|m18|m19|m34|m35|m36|m38|m39a|h11|h13|h22|h31|h34|h39|h42|h43
CM,Camarões,44,HW,CMHW44FL.DTA,D:\Repositórios\_dados_descartados_saude_mulher\completo\extraidos\Camarões\Antropometria_HW\CMHW44DT\CMHW44FL.DTA,4329,7,hwhhid|hwline|hwlevel|hc70|hc71|hc72|hc73
CM,Camarões,71,CR,CMCR71FL.DTA,D:\Repositórios\_dados_descartados_saude_mulher\completo\extraidos\Camarões\Casais_CR\CMCR71DT\CMCR71FL.DTA,2924,19,caseid|v001|v002|v003|v005|v012|v024|v025|mv001|mv002|mv003|mv005|mv012|mv024|mv025|v106|v190|mv106|mv190
CM,Camarões,71,MR,CMMR71FL.DTA,D:\Repositórios\_dados_descartados_saude_mulher\completo\extraidos\Camarões\Homens_MR\CMMR71DT\CMMR71FL.DTA,6978,12,mcaseid|mv001|mv002|mv003|mv005|mv012|mv024|mv025|mv106|mv190|mv201|mv212
CM,Camarões,21,SQ,CMSQ21FL.DTA,D:\Repositórios\_dados_descartados_saude_mulher\completo\extraidos\Camarões\Servicos_Saude_SQ\CMSQ21DT\CMSQ21FL.DTA,149,40,saprov|sastrate|saarrond|sagrappe|satype|sapop|sadebj|sadebm|safinj|safinm|saenquet|sahommes|sahoma|sahomb|sahomc|safemmes|safema|safemb|safemc|sa102|sa104|sa105|sa106|sa107|sa108|sa109|sa110|sa111|saobs_1|sa112_1|sa113_1|sa114_1|saobs_2|sa112_2|sa113_2|sa114_2|saobs_3|sa112_3|sa113_3|sa114_3
CM,Camarões,31,WI,CMWI31FL.DTA,D:\Repositórios\_dados_descartados_saude_mulher\completo\extraidos\Camarões\Riqueza_WI\CMWI31DT\CMWI31FL.DTA,4697,3,whhid|wlthindf|wlthind5
ET,Etiópia,81,IR,ETIR81FL.DTA,D:\Repositórios\_dados_descartados_saude_mulher\completo\extraidos\Etiópia\Saude_da_Mulher_IR\ETIR81DT\ETIR81FL.DTA,8885,100,caseid|v001|v002|v003|v005|v006|v007|v008|v008a|v012|v013|v024|v025|v106|v190|v201|v212|v301|v302|v302a|v304_01|v304_02|v304_03|v304_04|v304_05|v304_06|v304_07|v304_08|v304_09|v304_10|v304_11|v304_12|v304_13|v304_14|v304_15|v304_16|v304_17|v304_18|v304_19|v304_20|v305_01|v305_02|v305_03|v305_04|v305_05|v305_06|v305_07|v305_08|v305_09|v305_10|v305_11|v305_12|v305_13|v305_14|v305_15|v305_16|v305_17|v305_18|v305_19|v305_20|v307_01|v307_02|v307_03|v307_04|v307_05|v307_06|v307_07|v307_08|v307_09|v307_10|v307_11|v307_12|v307_13|v307_14|v307_15|v307_16|v307_17|v307_18|v307_19|v307_20|v312|v313|m3a_1|m3b_1|m4_1|m5_1|m13_1|m14_1|m15_1|m17_1|m18_1|m19_1|m34_1|m35_1|m36_1|m38_1|m39_1|v445|v453|v457
ET,Etiópia,81,BR,ETBR81FL.DTA,D:\Repositórios\_dados_descartados_saude_mulher\completo\extraidos\Etiópia\Nascimentos_BR\ETBR81DT\ETBR81FL.DTA,23007,44,caseid|bidx|v001|v002|v003|v005|bord|b0|b1|b2|b3|b4|b5|b6|b7|b8|b9|b10|b11|b12|b13|b15|b16|b17|b18|b19|b20|m3a|m3b|m4|m5|m6|m7|m13|m14|m15|m17|m18|m19|m34|m35|m36|m38|m39a
ET,Etiópia,81,HR,ETHR81FL.DTA,D:\Repositórios\_dados_descartados_saude_mulher\completo\extraidos\Etiópia\Domicilios_HR\ETHR81DT\ETHR81FL.DTA,8663,40,hhid|hv001|hv002|hv003|hv005|hv009|hv012|hv013|hv024|hv025|hv201|hv205|hv206|hv207|hv208|hv209|hv210|hv211|hv212|hv213|hv214|hv215|hv216|hv217|hv218|hv219|hv220|hv221|hv225|hv226|hv227|hv228|hv230a|hv232|hv234|hv235|hv237|hv240|hv270|hv271
ET,Etiópia,81,PR,ETPR81FL.DTA,D:\Repositórios\_dados_descartados_saude_mulher\completo\extraidos\Etiópia\Moradores_PR\ETPR81DT\ETPR81FL.DTA,40659,40,hhid|hvidx|hv001|hv002|hv003|hv004|hv005|hv009|hv012|hv013|hv024|hv025|hv101|hv102|hv103|hv104|hv105|hv106|hv107|hv108|hv109|hv110|hv111|hv112|hv113|hv114|hv115|hv116|hv117|hv118|hv120|hv121|hv122|hv123|hv124|hv125|hv126|hv127|hv128|hv129
ET,Etiópia,81,KR,ETKR81FL.DTA,D:\Repositórios\_dados_descartados_saude_mulher\completo\extraidos\Etiópia\Criancas_KR\ETKR81DT\ETKR81FL.DTA,5753,53,caseid|v001|v002|v003|v005|bidx|b0|b1|b2|b3|b4|b5|b6|b7|b8|b9|b10|b11|b12|m4|m5|m6|m7|m13|m14|m15|m17|m18|m19|m34|m35|m36|m38|m39a|h1|h2|h3|h4|h5|h6|h7|h8|h9|h10|h40|h11|h13|h22|h31|h34|h39|h42|h43
ET,Etiópia,51,HW,ETHW51FL.DTA,D:\Repositórios\_dados_descartados_saude_mulher\completo\extraidos\Etiópia\Antropometria_HW\ETHW51DT\ETHW51FL.DTA,4949,7,hwhhid|hwline|hwlevel|hc70|hc71|hc72|hc73
ET,Etiópia,71,CR,ETCR71FL.DTA,D:\Repositórios\_dados_descartados_saude_mulher\completo\extraidos\Etiópia\Casais_CR\ETCR71DT\ETCR71FL.DTA,6141,19,caseid|v001|v002|v003|v005|v012|v024|v025|mv001|mv002|mv003|mv005|mv012|mv024|mv025|v106|v190|mv106|mv190
ET,Etiópia,71,MR,ETMR71FL.DTA,D:\Repositórios\_dados_descartados_saude_mulher\completo\extraidos\Etiópia\Homens_MR\ETMR71DT\ETMR71FL.DTA,12688,12,mcaseid|mv001|mv002|mv003|mv005|mv012|mv024|mv025|mv106|mv190|mv201|mv212
ET,Etiópia,41,WI,ETWI41FL.DTA,D:\Repositórios\_dados_descartados_saude_mulher\completo\extraidos\Etiópia\Riqueza_WI\ETWI41DT\ETWI41FL.DTA,14072,3,whhid|wlthindf|wlthind5
GA,Gabão,71,IR,GAIR71FL.DTA,D:\Repositórios\_dados_descartados_saude_mulher\completo\extraidos\Gabão\Saude_da_Mulher_IR\GAIR71DT\GAIR71FL.DTA,11043,100,caseid|v001|v002|v003|v005|v006|v007|v008|v008a|v012|v013|v024|v025|v106|v190|v201|v212|v301|v302|v302a|v304_01|v304_02|v304_03|v304_04|v304_05|v304_06|v304_07|v304_08|v304_09|v304_10|v304_11|v304_12|v304_13|v304_14|v304_15|v304_16|v304_17|v304_18|v304_19|v304_20|v305_01|v305_02|v305_03|v305_04|v305_05|v305_06|v305_07|v305_08|v305_09|v305_10|v305_11|v305_12|v305_13|v305_14|v305_15|v305_16|v305_17|v305_18|v305_19|v305_20|v307_01|v307_02|v307_03|v307_04|v307_05|v307_06|v307_07|v307_08|v307_09|v307_10|v307_11|v307_12|v307_13|v307_14|v307_15|v307_16|v307_17|v307_18|v307_19|v307_20|v312|v313|m3a_1|m3b_1|m4_1|m5_1|m13_1|m14_1|m15_1|m17_1|m18_1|m19_1|m34_1|m35_1|m36_1|m38_1|m39_1|v445|v453|v457
GA,Gabão,71,BR,GABR71FL.DTA,D:\Repositórios\_dados_descartados_saude_mulher\completo\extraidos\Gabão\Nascimentos_BR\GABR71DT\GABR71FL.DTA,23232,44,caseid|bidx|v001|v002|v003|v005|bord|b0|b1|b2|b3|b4|b5|b6|b7|b8|b9|b10|b11|b12|b13|b15|b16|b17|b18|b19|b20|m3a|m3b|m4|m5|m6|m7|m13|m14|m15|m17|m18|m19|m34|m35|m36|m38|m39a
GA,Gabão,71,HR,GAHR71FL.DTA,D:\Repositórios\_dados_descartados_saude_mulher\completo\extraidos\Gabão\Domicilios_HR\GAHR71DT\GAHR71FL.DTA,11781,40,hhid|hv001|hv002|hv003|hv005|hv009|hv012|hv013|hv024|hv025|hv201|hv205|hv206|hv207|hv208|hv209|hv210|hv211|hv212|hv213|hv214|hv215|hv216|hv217|hv218|hv219|hv220|hv221|hv225|hv226|hv227|hv228|hv230a|hv232|hv234|hv235|hv237|hv240|hv270|hv271
GA,Gabão,71,PR,GAPR71FL.DTA,D:\Repositórios\_dados_descartados_saude_mulher\completo\extraidos\Gabão\Moradores_PR\GAPR71DT\GAPR71FL.DTA,46489,40,hhid|hvidx|hv001|hv002|hv003|hv004|hv005|hv009|hv012|hv013|hv024|hv025|hv101|hv102|hv103|hv104|hv105|hv106|hv107|hv108|hv109|hv110|hv111|hv112|hv113|hv114|hv115|hv116|hv117|hv118|hv120|hv121|hv122|hv123|hv124|hv125|hv126|hv127|hv128|hv129
GA,Gabão,71,KR,GAKR71FL.DTA,D:\Repositórios\_dados_descartados_saude_mulher\completo\extraidos\Gabão\Criancas_KR\GAKR71DT\GAKR71FL.DTA,6376,53,caseid|bidx|v001|v002|v003|v005|b0|b1|b2|b3|b4|b5|b6|b7|b8|b9|b10|b11|b12|m4|m5|m6|m7|m13|m14|m15|m17|m18|m19|m34|m35|m36|m38|m39a|h1|h2|h3|h4|h5|h6|h7|h8|h9|h10|h40|h11|h13|h22|h31|h34|h39|h42|h43
GA,Gabão,41,HW,GAHW41FL.DTA,D:\Repositórios\_dados_descartados_saude_mulher\completo\extraidos\Gabão\Antropometria_HW\GAHW41DT\GAHW41FL.DTA,4405,6,hwline|hwlevel|hc70|hc71|hc72|hc73
GA,Gabão,71,CR,GACR71FL.DTA,D:\Repositórios\_dados_descartados_saude_mulher\completo\extraidos\Gabão\Casais_CR\GACR71DT\GACR71FL.DTA,2345,19,caseid|v001|v002|v003|v005|v012|v024|v025|mv001|mv002|mv003|mv005|mv012|mv024|mv025|v106|v190|mv106|mv190
GA,Gabão,71,MR,GAMR71FL.DTA,D:\Repositórios\_dados_descartados_saude_mulher\completo\extraidos\Gabão\Homens_MR\GAMR71DT\GAMR71FL.DTA,6894,12,mcaseid|mv001|mv002|mv003|mv005|mv012|mv024|mv025|mv106|mv190|mv201|mv212
GA,Gabão,41,SQ,GASQ41FL.DTA,D:\Repositórios\_dados_descartados_saude_mulher\completo\extraidos\Gabão\Servicos_Saude_SQ\GASQ41DT\GASQ41FL.DTA,249,36,sq102|sq104|sq105|sq106|sq107|sq107a|sq108|sq109|sq110|sq110a|sq111|sq111a|sq112_1|sq113_1|sq114u_1|sq114n_1|sq112_2|sq113_2|sq114u_2|sq114n_2|sq112_3|sq113_3|sq114u_3|sq114n_3|sq112_4|sq113_4|sq114u_4|sq114n_4|sq112_5|sq113_5|sq114u_5|sq114n_5|sq112_6|sq113_6|sq114u_6|sq114n_6
GA,Gabão,41,WI,GAWI41FL.DTA,D:\Repositórios\_dados_descartados_saude_mulher\completo\extraidos\Gabão\Riqueza_WI\GAWI41DT\GAWI41FL.DTA,6203,3,whhid|wlthindf|wlthind5
GH,Gana,82,IR,GHIR82FL.DTA,D:\Repositórios\_dados_descartados_saude_mulher\completo\extraidos\Gana\Saude_da_Mulher_IR\GHIR82DT\GHIR82FL.DTA,5181,18,caseid|v001|v002|v003|v005|v006|v007|v008|v008a|v012|v013|v024|v025|v106|v190|v201|m13_1|m14_1
GH,Gana,82,HR,GHHR82FL.DTA,D:\Repositórios\_dados_descartados_saude_mulher\completo\extraidos\Gana\Domicilios_HR\GHHR82DT\GHHR82FL.DTA,5799,35,hhid|hv001|hv002|hv003|hv005|hv009|hv012|hv013|hv024|hv025|hv201|hv205|hv206|hv207|hv208|hv209|hv210|hv211|hv212|hv213|hv214|hv215|hv216|hv217|hv218|hv219|hv220|hv221|hv225|hv226|hv227|hv228|hv235|hv270|hv271
GH,Gana,82,PR,GHPR82FL.DTA,D:\Repositórios\_dados_descartados_saude_mulher\completo\extraidos\Gana\Moradores_PR\GHPR82DT\GHPR82FL.DTA,23713,19,hhid|hvidx|hv001|hv002|hv003|hv004|hv005|hv009|hv012|hv013|hv024|hv025|hv101|hv102|hv103|hv104|hv105|hv117|hv120
GH,Gana,82,KR,GHKR82FL.DTA,D:\Repositórios\_dados_descartados_saude_mulher\completo\extraidos\Gana\Criancas_KR\GHKR82DT\GHKR82FL.DTA,3004,20,caseid|v001|v002|v003|v005|bidx|b0|b1|b2|b3|b4|b5|b8|b9|b10|b11|b12|m13|m14|h22
GH,Gana,41,HW,GHHW41FL.DTA,D:\Repositórios\_dados_descartados_saude_mulher\completo\extraidos\Gana\Antropometria_HW\GHHW41DT\GHHW41FL.DTA,3298,6,hwline|hwlevel|hc70|hc71|hc72|hc73
GH,Gana,71,CR,GHCR71FL.DTA,D:\Repositórios\_dados_descartados_saude_mulher\completo\extraidos\Gana\Casais_CR\GHCR71DT\GHCR71FL.DTA,1828,19,caseid|v001|v002|v003|v005|v012|v024|v025|mv001|mv002|mv003|mv005|mv012|mv024|mv025|v106|v190|mv106|mv190
GH,Gana,71,MR,GHMR71FL.DTA,D:\Repositórios\_dados_descartados_saude_mulher\completo\extraidos\Gana\Homens_MR\GHMR71DT\GHMR71FL.DTA,4388,12,mcaseid|mv001|mv002|mv003|mv005|mv012|mv024|mv025|mv106|mv190|mv201|mv212
GH,Gana,41,WI,GHWI41FL.DTA,D:\Repositórios\_dados_descartados_saude_mulher\completo\extraidos\Gana\Riqueza_WI\GHWI41DT\GHWI41FL.DTA,6003,3,whhid|wlthindf|wlthind5
GM,Gâmbia,81,IR,GMIR81FL.DTA,D:\Repositórios\_dados_descartados_saude_mulher\completo\extraidos\Gâmbia\Saude_da_Mulher_IR\GMIR81DT\GMIR81FL.DTA,11865,100,caseid|v001|v002|v003|v005|v006|v007|v008|v008a|v012|v013|v024|v025|v106|v190|v201|v212|v301|v302|v302a|v304_01|v304_02|v304_03|v304_04|v304_05|v304_06|v304_07|v304_08|v304_09|v304_10|v304_11|v304_12|v304_13|v304_14|v304_15|v304_16|v304_17|v304_18|v304_19|v304_20|v305_01|v305_02|v305_03|v305_04|v305_05|v305_06|v305_07|v305_08|v305_09|v305_10|v305_11|v305_12|v305_13|v305_14|v305_15|v305_16|v305_17|v305_18|v305_19|v305_20|v307_01|v307_02|v307_03|v307_04|v307_05|v307_06|v307_07|v307_08|v307_09|v307_10|v307_11|v307_12|v307_13|v307_14|v307_15|v307_16|v307_17|v307_18|v307_19|v307_20|v312|v313|m3a_1|m3b_1|m4_1|m5_1|m13_1|m14_1|m15_1|m17_1|m18_1|m19_1|m34_1|m35_1|m36_1|m38_1|m39_1|v445|v453|v457
GM,Gâmbia,81,BR,GMBR81FL.DTA,D:\Repositórios\_dados_descartados_saude_mulher\completo\extraidos\Gâmbia\Nascimentos_BR\GMBR81DT\GMBR81FL.DTA,31665,44,caseid|bidx|v001|v002|v003|v005|bord|b0|b1|b2|b3|b4|b5|b6|b7|b8|b9|b10|b11|b12|b13|b15|b16|b17|b18|b19|b20|m3a|m3b|m4|m5|m6|m7|m13|m14|m15|m17|m18|m19|m34|m35|m36|m38|m39a
GM,Gâmbia,81,HR,GMHR81FL.DTA,D:\Repositórios\_dados_descartados_saude_mulher\completo\extraidos\Gâmbia\Domicilios_HR\GMHR81DT\GMHR81FL.DTA,6549,40,hhid|hv001|hv002|hv003|hv005|hv009|hv012|hv013|hv024|hv025|hv201|hv205|hv206|hv207|hv208|hv209|hv210|hv211|hv212|hv213|hv214|hv215|hv216|hv217|hv218|hv219|hv220|hv221|hv225|hv226|hv227|hv228|hv230a|hv232|hv234|hv235|hv237|hv240|hv270|hv271
GM,Gâmbia,81,PR,GMPR81FL.DTA,D:\Repositórios\_dados_descartados_saude_mulher\completo\extraidos\Gâmbia\Moradores_PR\GMPR81DT\GMPR81FL.DTA,55640,40,hhid|hvidx|hv001|hv002|hv003|hv004|hv005|hv009|hv012|hv013|hv024|hv025|hv101|hv102|hv103|hv104|hv105|hv106|hv107|hv108|hv109|hv110|hv111|hv112|hv113|hv114|hv115|hv116|hv117|hv118|hv120|hv121|hv122|hv123|hv124|hv125|hv126|hv127|hv128|hv129
GM,Gâmbia,81,KR,GMKR81FL.DTA,D:\Repositórios\_dados_descartados_saude_mulher\completo\extraidos\Gâmbia\Criancas_KR\GMKR81DT\GMKR81FL.DTA,8362,53,caseid|v001|v002|v003|v005|bidx|b0|b1|b2|b3|b4|b5|b6|b7|b8|b9|b10|b11|b12|m4|m5|m6|m7|m13|m14|m15|m17|m18|m19|m34|m35|m36|m38|m39a|h1|h2|h3|h4|h5|h6|h7|h8|h9|h10|h40|h11|h13|h22|h31|h34|h39|h42|h43
GM,Gâmbia,81,CR,GMCR81FL.DTA,D:\Repositórios\_dados_descartados_saude_mulher\completo\extraidos\Gâmbia\Casais_CR\GMCR81DT\GMCR81FL.DTA,1897,19,caseid|v001|v002|v003|v005|v012|v024|v025|mv001|mv002|mv003|mv005|mv012|mv024|mv025|v106|v190|mv106|mv190
GM,Gâmbia,81,MR,GMMR81FL.DTA,D:\Repositórios\_dados_descartados_saude_mulher\completo\extraidos\Gâmbia\Homens_MR\GMMR81DT\GMMR81FL.DTA,4636,12,mcaseid|mv001|mv002|mv003|mv005|mv012|mv024|mv025|mv106|mv190|mv201|mv212
GN,Guiné,82,IR,GNIR82FL.DTA,D:\Repositórios\_dados_descartados_saude_mulher\completo\extraidos\Guiné\Saude_da_Mulher_IR\GNIR82DT\GNIR82FL.DTA,5912,32,caseid|v001|v002|v003|v005|v006|v007|v008|v008a|v012|v013|v024|v025|v106|v190|v201|v212|m3a_1|m3b_1|m4_1|m5_1|m13_1|m14_1|m15_1|m17_1|m18_1|m19_1|m34_1|m35_1|m36_1|m38_1|m39_1
GN,Guiné,82,HR,GNHR82FL.DTA,D:\Repositórios\_dados_descartados_saude_mulher\completo\extraidos\Guiné\Domicilios_HR\GNHR82DT\GNHR82FL.DTA,3985,42,hhid|hv001|hv002|hv003|hv005|hv009|hv012|hv013|hv024|hv025|hv201|hv205|hv206|hv207|hv208|hv209|hv210|hv211|hv212|hv213|hv214|hv215|hv216|hv217|hv218|hv219|hv220|hv221|hv225|hv226|hv227|hv228|hv230a|hv232|hv234|hv235|hv237|hv240|hv270|hv271|hv222|hv223
GN,Guiné,82,PR,GNPR82FL.DTA,D:\Repositórios\_dados_descartados_saude_mulher\completo\extraidos\Guiné\Moradores_PR\GNPR82DT\GNPR82FL.DTA,25722,40,hhid|hvidx|hv001|hv002|hv003|hv004|hv005|hv009|hv012|hv013|hv024|hv025|hv101|hv102|hv103|hv104|hv105|hv106|hv107|hv108|hv109|hv110|hv111|hv112|hv113|hv114|hv115|hv116|hv117|hv118|hv120|hv121|hv122|hv123|hv124|hv125|hv126|hv127|hv128|hv129
GN,Guiné,82,KR,GNKR82FL.DTA,D:\Repositórios\_dados_descartados_saude_mulher\completo\extraidos\Guiné\Criancas_KR\GNKR82DT\GNKR82FL.DTA,4133,42,caseid|v001|v002|v003|v005|bidx|b0|b1|b2|b3|b4|b5|b6|b7|b8|b9|b10|b11|b12|m4|m5|m6|m7|m13|m14|m15|m17|m18|m19|m34|m35|m36|m38|m39a|h11|h13|h22|h31|h34|h39|h42|h43
GN,Guiné,51,HW,GNHW51FL.DTA,D:\Repositórios\_dados_descartados_saude_mulher\completo\extraidos\Guiné\Antropometria_HW\GNHW51DT\GNHW51FL.DTA,3215,7,hwhhid|hwline|hwlevel|hc70|hc71|hc72|hc73
GN,Guiné,71,CR,GNCR71FL.DTA,D:\Repositórios\_dados_descartados_saude_mulher\completo\extraidos\Guiné\Casais_CR\GNCR71DT\GNCR71FL.DTA,2497,19,caseid|v001|v002|v003|v005|v012|v024|v025|mv001|mv002|mv003|mv005|mv012|mv024|mv025|v106|v190|mv106|mv190
GN,Guiné,71,MR,GNMR71FL.DTA,D:\Repositórios\_dados_descartados_saude_mulher\completo\extraidos\Guiné\Homens_MR\GNMR71DT\GNMR71FL.DTA,4117,12,mcaseid|mv001|mv002|mv003|mv005|mv012|mv024|mv025|mv106|mv190|mv201|mv212
GN,Guiné,41,SQ,GNSQ41FL.DTA,D:\Repositórios\_dados_descartados_saude_mulher\completo\extraidos\Guiné\Servicos_Saude_SQ\GNSQ41DT\GNSQ41FL.DTA,293,40,sgrappe|sgtype|sregion|smilieu|sdmilieu|sprefect|ssouspre|sdistric|slator|slatdeg|slatmin|slattho|slongor|slongdeg|slongmin|slongtho|salt|sjour|smois|sannee|slangue|snomdenq|sresult|schef|scontrol|scondbur|ssaisi|s101h|s101m|s102|s103|s104|s105|s106|s107|s108|s109|s110|s111|s112
GN,Guiné,41,WI,GNWI41FL.DTA,D:\Repositórios\_dados_descartados_saude_mulher\completo\extraidos\Guiné\Riqueza_WI\GNWI41DT\GNWI41FL.DTA,5090,3,whhid|wlthindf|wlthind5
KE,Quênia,81,IR,KEIR81FL.DTA,D:\Repositórios\_dados_descartados_saude_mulher\completo\extraidos\Quênia\Saude_da_Mulher_IR\KEIR81DT\KEIR81FL.DTA,6771,18,caseid|v001|v002|v003|v005|v006|v007|v008|v008a|v012|v013|v024|v025|v106|v190|v201|m13_1|m14_1
KE,Quênia,81,HR,KEHR81FL.DTA,D:\Repositórios\_dados_descartados_saude_mulher\completo\extraidos\Quênia\Domicilios_HR\KEHR81DT\KEHR81FL.DTA,7952,36,hhid|hv001|hv002|hv003|hv005|hv009|hv012|hv013|hv024|hv025|hv201|hv205|hv206|hv207|hv208|hv209|hv210|hv211|hv212|hv213|hv214|hv215|hv216|hv217|hv218|hv219|hv220|hv221|hv225|hv226|hv227|hv228|hv235|hv240|hv270|hv271
KE,Quênia,81,PR,KEPR81FL.DTA,D:\Repositórios\_dados_descartados_saude_mulher\completo\extraidos\Quênia\Moradores_PR\KEPR81DT\KEPR81FL.DTA,31302,19,hhid|hvidx|hv001|hv002|hv003|hv004|hv005|hv009|hv012|hv013|hv024|hv025|hv101|hv102|hv103|hv104|hv105|hv117|hv120
KE,Quênia,81,KR,KEKR81FL.DTA,D:\Repositórios\_dados_descartados_saude_mulher\completo\extraidos\Quênia\Criancas_KR\KEKR81DT\KEKR81FL.DTA,3626,23,caseid|v001|v002|v003|v005|bidx|b0|b1|b2|b3|b4|b5|b6|b7|b8|b9|b10|b11|b12|m13|m14|h22|h31
KE,Quênia,41,HW,KEHW41FL.DTA,D:\Repositórios\_dados_descartados_saude_mulher\completo\extraidos\Quênia\Antropometria_HW\KEHW41DT\KEHW41FL.DTA,5835,7,hwhhid|hwline|hwlevel|hc70|hc71|hc72|hc73
KE,Quênia,72,CR,KECR72FL.DTA,D:\Repositórios\_dados_descartados_saude_mulher\completo\extraidos\Quênia\Casais_CR\KECR72DT\KECR72FL.DTA,5265,19,caseid|v001|v002|v003|v005|v012|v024|v025|mv001|mv002|mv003|mv005|mv012|mv024|mv025|v106|v190|mv106|mv190
KE,Quênia,72,MR,KEMR72FL.DTA,D:\Repositórios\_dados_descartados_saude_mulher\completo\extraidos\Quênia\Homens_MR\KEMR72DT\KEMR72FL.DTA,12819,12,mcaseid|mv001|mv002|mv003|mv005|mv012|mv024|mv025|mv106|mv190|mv201|mv212
KE,Quênia,30,SQ,KESQ30FL.DTA,D:\Repositórios\_dados_descartados_saude_mulher\completo\extraidos\Quênia\Servicos_Saude_SQ\KESQ30DT\KESQ30FL.DTA,508,40,sprovin|sdistri|snassep|scluster|slocal|sintnum|sintd|sintm|sinty|sinf1|sinf2|sinf3|sinf4|sinf5|skeyer|s01|s02a|s02b|s03|s04a|s04b|s05|s06a|s06b|s06c|s07|s08n|s08u|s09a|s09b|s09c|s10|s11|s12|s13a|s13b|s13c|s13d|s14|s15
KE,Quênia,31,WI,KEWI31FL.DTA,D:\Repositórios\_dados_descartados_saude_mulher\completo\extraidos\Quênia\Riqueza_WI\KEWI31DT\KEWI31FL.DTA,7950,3,whhid|wlthindf|wlthind5
KM,Comores,61,IR,KMIR61FL.DTA,D:\Repositórios\_dados_descartados_saude_mulher\completo\extraidos\Comores\Saude_da_Mulher_IR\KMIR61DT\KMIR61FL.DTA,5329,99,caseid|v001|v002|v003|v005|v006|v007|v008|v012|v013|v024|v025|v106|v190|v201|v212|v301|v302|v302a|v304_01|v304_02|v304_03|v304_04|v304_05|v304_06|v304_07|v304_08|v304_09|v304_10|v304_11|v304_12|v304_13|v304_14|v304_15|v304_16|v304_17|v304_18|v304_19|v304_20|v305_01|v305_02|v305_03|v305_04|v305_05|v305_06|v305_07|v305_08|v305_09|v305_10|v305_11|v305_12|v305_13|v305_14|v305_15|v305_16|v305_17|v305_18|v305_19|v305_20|v307_01|v307_02|v307_03|v307_04|v307_05|v307_06|v307_07|v307_08|v307_09|v307_10|v307_11|v307_12|v307_13|v307_14|v307_15|v307_16|v307_17|v307_18|v307_19|v307_20|v312|v313|m3a_1|m3b_1|m4_1|m5_1|m13_1|m14_1|m15_1|m17_1|m18_1|m19_1|m34_1|m35_1|m36_1|m38_1|m39_1|v445|v453|v457
KM,Comores,61,BR,KMBR61FL.DTA,D:\Repositórios\_dados_descartados_saude_mulher\completo\extraidos\Comores\Nascimentos_BR\KMBR61DT\KMBR61FL.DTA,11497,40,caseid|bidx|v001|v002|v003|v005|bord|b0|b1|b2|b3|b4|b5|b6|b7|b8|b9|b10|b11|b12|b13|b15|b16|m3a|m3b|m4|m5|m6|m7|m13|m14|m15|m17|m18|m19|m34|m35|m36|m38|m39a
KM,Comores,61,HR,KMHR61FL.DTA,D:\Repositórios\_dados_descartados_saude_mulher\completo\extraidos\Comores\Domicilios_HR\KMHR61DT\KMHR61FL.DTA,4482,40,hhid|hv001|hv002|hv003|hv005|hv009|hv012|hv013|hv024|hv025|hv201|hv205|hv206|hv207|hv208|hv209|hv210|hv211|hv212|hv213|hv214|hv215|hv216|hv217|hv218|hv219|hv220|hv221|hv225|hv226|hv227|hv228|hv230a|hv232|hv234|hv235|hv237|hv240|hv270|hv271
KM,Comores,61,PR,KMPR61FL.DTA,D:\Repositórios\_dados_descartados_saude_mulher\completo\extraidos\Comores\Moradores_PR\KMPR61DT\KMPR61FL.DTA,24499,40,hhid|hvidx|hv001|hv002|hv003|hv004|hv005|hv009|hv012|hv013|hv024|hv025|hv101|hv102|hv103|hv104|hv105|hv106|hv107|hv108|hv109|hv110|hv111|hv112|hv113|hv114|hv115|hv116|hv117|hv118|hv120|hv121|hv122|hv123|hv124|hv125|hv126|hv127|hv128|hv129
KM,Comores,61,KR,KMKR61FL.DTA,D:\Repositórios\_dados_descartados_saude_mulher\completo\extraidos\Comores\Criancas_KR\KMKR61DT\KMKR61FL.DTA,3149,53,caseid|v001|v002|v003|v005|bidx|b0|b1|b2|b3|b4|b5|b6|b7|b8|b9|b10|b11|b12|m4|m5|m6|m7|m13|m14|m15|m17|m18|m19|m34|m35|m36|m38|m39a|h1|h2|h3|h4|h5|h6|h7|h8|h9|h10|h11|h13|h22|h31|h34|h39|h40|h42|h43
KM,Comores,32,HW,KMHW32FL.DTA,D:\Repositórios\_dados_descartados_saude_mulher\completo\extraidos\Comores\Antropometria_HW\KMHW32DT\KMHW32FL.DTA,1145,6,hwline|hwlevel|hc70|hc71|hc72|hc73
KM,Comores,61,CR,KMCR61FL.DTA,D:\Repositórios\_dados_descartados_saude_mulher\completo\extraidos\Comores\Casais_CR\KMCR61DT\KMCR61FL.DTA,874,19,caseid|v001|v002|v003|v005|v012|v024|v025|mv001|mv002|mv003|mv005|mv012|mv024|mv025|v106|v190|mv106|mv190
KM,Comores,61,MR,KMMR61FL.DTA,D:\Repositórios\_dados_descartados_saude_mulher\completo\extraidos\Comores\Homens_MR\KMMR61DT\KMMR61FL.DTA,2167,12,mcaseid|mv001|mv002|mv003|mv005|mv012|mv024|mv025|mv106|mv190|mv201|mv212
KM,Comores,32,WI,KMWI32FL.DTA,D:\Repositórios\_dados_descartados_saude_mulher\completo\extraidos\Comores\Riqueza_WI\KMWI32DT\KMWI32FL.DTA,2252,3,whhid|wlthindf|wlthind5
LB,Libéria,81,IR,LBIR81FL.DTA,D:\Repositórios\_dados_descartados_saude_mulher\completo\extraidos\Libéria\Saude_da_Mulher_IR\LBIR81DT\LBIR81FL.DTA,4513,35,caseid|v001|v002|v003|v005|v006|v007|v008|v008a|v012|v013|v024|v025|v106|v190|v201|v212|m3a_1|m3b_1|m4_1|m5_1|m13_1|m14_1|m15_1|m17_1|m18_1|m19_1|m34_1|m35_1|m36_1|m38_1|m39_1|v445|v453|v457
LB,Libéria,81,HR,LBHR81FL.DTA,D:\Repositórios\_dados_descartados_saude_mulher\completo\extraidos\Libéria\Domicilios_HR\LBHR81DT\LBHR81FL.DTA,4306,43,hhid|hv001|hv002|hv003|hv005|hv009|hv012|hv013|hv024|hv025|hv201|hv205|hv206|hv207|hv208|hv209|hv210|hv211|hv212|hv213|hv214|hv215|hv216|hv217|hv218|hv219|hv220|hv221|hv222|hv223|hv225|hv226|hv227|hv228|hv230a|hv232|hv234|hv235|hv236a|hv237|hv240|hv270|hv271
LB,Libéria,81,PR,LBPR81FL.DTA,D:\Repositórios\_dados_descartados_saude_mulher\completo\extraidos\Libéria\Moradores_PR\LBPR81DT\LBPR81FL.DTA,21500,40,hhid|hvidx|hv001|hv002|hv003|hv004|hv005|hv009|hv012|hv013|hv024|hv025|hv101|hv102|hv103|hv104|hv105|hv106|hv107|hv108|hv109|hv110|hv111|hv112|hv113|hv114|hv115|hv116|hv117|hv118|hv120|hv121|hv122|hv123|hv124|hv125|hv126|hv127|hv128|hv129
LB,Libéria,81,KR,LBKR81FL.DTA,D:\Repositórios\_dados_descartados_saude_mulher\completo\extraidos\Libéria\Criancas_KR\LBKR81DT\LBKR81FL.DTA,2864,43,caseid|bidx|v001|v002|v003|v005|bidxp|b0|b1|b2|b3|b4|b5|b6|b7|b8|b9|b10|b11|b12|m4|m5|m6|m7|m13|m14|m15|m17|m18|m19|m34|m35|m36|m38|m39a|h11|h13|h22|h31|h34|h39|h42|h43
LB,Libéria,51,CR,LBCR51FL.DTA,D:\Repositórios\_dados_descartados_saude_mulher\completo\extraidos\Libéria\Casais_CR\LBCR51DT\LBCR51FL.DTA,2677,19,caseid|v001|v002|v003|v005|v012|v024|v025|mv001|mv002|mv003|mv005|mv012|mv024|mv025|v106|v190|mv106|mv190
LB,Libéria,51,MR,LBMR51FL.DTA,D:\Repositórios\_dados_descartados_saude_mulher\completo\extraidos\Libéria\Homens_MR\LBMR51DT\LBMR51FL.DTA,6009,12,mcaseid|mv001|mv002|mv003|mv005|mv012|mv024|mv025|mv106|mv190|mv201|mv212
LS,Lesoto,81,IR,LSIR81FL.DTA,D:\Repositórios\_dados_descartados_saude_mulher\completo\extraidos\Lesoto\Saude_da_Mulher_IR\LSIR81DT\LSIR81FL.DTA,6413,100,caseid|v001|v002|v003|v005|v006|v007|v008|v008a|v012|v013|v024|v025|v106|v190|v201|v212|v301|v302|v302a|v304_01|v304_02|v304_03|v304_04|v304_05|v304_06|v304_07|v304_08|v304_09|v304_10|v304_11|v304_12|v304_13|v304_14|v304_15|v304_16|v304_17|v304_18|v304_19|v304_20|v305_01|v305_02|v305_03|v305_04|v305_05|v305_06|v305_07|v305_08|v305_09|v305_10|v305_11|v305_12|v305_13|v305_14|v305_15|v305_16|v305_17|v305_18|v305_19|v305_20|v307_01|v307_02|v307_03|v307_04|v307_05|v307_06|v307_07|v307_08|v307_09|v307_10|v307_11|v307_12|v307_13|v307_14|v307_15|v307_16|v307_17|v307_18|v307_19|v307_20|v312|v313|m3a_1|m3b_1|m4_1|m5_1|m13_1|m14_1|m15_1|m17_1|m18_1|m19_1|m34_1|m35_1|m36_1|m38_1|m39_1|v445|v453|v457
LS,Lesoto,81,BR,LSBR81FL.DTA,D:\Repositórios\_dados_descartados_saude_mulher\completo\extraidos\Lesoto\Nascimentos_BR\LSBR81DT\LSBR81FL.DTA,10445,45,caseid|bidx|v001|v002|v003|v005|bord|b0|b1|b2|b3|b4|b5|b6|b7|b8|b9|b10|b11|b12|b13|b15|b16|b17|b18|b19|b20|b21|m3a|m3b|m4|m5|m6|m7|m13|m14|m15|m17|m18|m19|m34|m35|m36|m38|m39a
LS,Lesoto,81,HR,LSHR81FL.DTA,D:\Repositórios\_dados_descartados_saude_mulher\completo\extraidos\Lesoto\Domicilios_HR\LSHR81DT\LSHR81FL.DTA,9810,43,hhid|hv001|hv002|hv003|hv005|hv009|hv012|hv013|hv024|hv025|hv201|hv205|hv206|hv207|hv208|hv209|hv210|hv211|hv212|hv213|hv214|hv215|hv216|hv217|hv218|hv219|hv220|hv221|hv222|hv223|hv225|hv226|hv227|hv228|hv230a|hv232|hv234|hv235|hv236a|hv237|hv240|hv270|hv271
LS,Lesoto,81,PR,LSPR81FL.DTA,D:\Repositórios\_dados_descartados_saude_mulher\completo\extraidos\Lesoto\Moradores_PR\LSPR81DT\LSPR81FL.DTA,37063,40,hhid|hvidx|hv001|hv002|hv003|hv004|hv005|hv009|hv012|hv013|hv024|hv025|hv101|hv102|hv103|hv104|hv105|hv106|hv107|hv108|hv109|hv110|hv111|hv112|hv113|hv114|hv115|hv116|hv117|hv118|hv120|hv121|hv122|hv123|hv124|hv125|hv126|hv127|hv128|hv129
LS,Lesoto,81,KR,LSKR81FL.DTA,D:\Repositórios\_dados_descartados_saude_mulher\completo\extraidos\Lesoto\Criancas_KR\LSKR81DT\LSKR81FL.DTA,2537,54,caseid|bidx|v001|v002|v003|v005|bidxp|b0|b1|b2|b3|b4|b5|b6|b7|b8|b9|b10|b11|b12|m4|m5|m6|m7|m13|m14|m15|m17|m18|m19|m34|m35|m36|m38|m39a|h1|h2|h3|h4|h5|h6|h7|h8|h9|h10|h40|h11|h13|h22|h31|h34|h39|h42|h43
LS,Lesoto,41,HW,LSHW41FL.DTA,D:\Repositórios\_dados_descartados_saude_mulher\completo\extraidos\Lesoto\Antropometria_HW\LSHW41DT\LSHW41FL.DTA,2140,7,hwhhid|hwline|hwlevel|hc70|hc71|hc72|hc73
LS,Lesoto,81,CR,LSCR81FL.DTA,D:\Repositórios\_dados_descartados_saude_mulher\completo\extraidos\Lesoto\Casais_CR\LSCR81DT\LSCR81FL.DTA,766,19,caseid|v001|v002|v003|v005|v012|v024|v025|mv001|mv002|mv003|mv005|mv012|mv024|mv025|v106|v190|mv106|mv190
LS,Lesoto,81,MR,LSMR81FL.DTA,D:\Repositórios\_dados_descartados_saude_mulher\completo\extraidos\Lesoto\Homens_MR\LSMR81DT\LSMR81FL.DTA,3215,12,mcaseid|mv001|mv002|mv003|mv005|mv012|mv024|mv025|mv106|mv190|mv201|mv212
MD,Madagascar,81,IR,MDIR81FL.DTA,D:\Repositórios\_dados_descartados_saude_mulher\completo\extraidos\Madagascar\Saude_da_Mulher_IR\MDIR81DT\MDIR81FL.DTA,18869,100,caseid|v001|v002|v003|v005|v006|v007|v008|v008a|v012|v013|v024|v025|v106|v190|v201|v212|v301|v302|v302a|v304_01|v304_02|v304_03|v304_04|v304_05|v304_06|v304_07|v304_08|v304_09|v304_10|v304_11|v304_12|v304_13|v304_14|v304_15|v304_16|v304_17|v304_18|v304_19|v304_20|v305_01|v305_02|v305_03|v305_04|v305_05|v305_06|v305_07|v305_08|v305_09|v305_10|v305_11|v305_12|v305_13|v305_14|v305_15|v305_16|v305_17|v305_18|v305_19|v305_20|v307_01|v307_02|v307_03|v307_04|v307_05|v307_06|v307_07|v307_08|v307_09|v307_10|v307_11|v307_12|v307_13|v307_14|v307_15|v307_16|v307_17|v307_18|v307_19|v307_20|v312|v313|m3a_1|m3b_1|m4_1|m5_1|m13_1|m14_1|m15_1|m17_1|m18_1|m19_1|m34_1|m35_1|m36_1|m38_1|m39_1|v445|v453|v457
MD,Madagascar,81,BR,MDBR81FL.DTA,D:\Repositórios\_dados_descartados_saude_mulher\completo\extraidos\Madagascar\Nascimentos_BR\MDBR81DT\MDBR81FL.DTA,47720,44,caseid|bidx|v001|v002|v003|v005|bord|b0|b1|b2|b3|b4|b5|b6|b7|b8|b9|b10|b11|b12|b13|b15|b16|b17|b18|b19|b20|m3a|m3b|m4|m5|m6|m7|m13|m14|m15|m17|m18|m19|m34|m35|m36|m38|m39a
MD,Madagascar,81,HR,MDHR81FL.DTA,D:\Repositórios\_dados_descartados_saude_mulher\completo\extraidos\Madagascar\Domicilios_HR\MDHR81DT\MDHR81FL.DTA,20510,40,hhid|hv001|hv002|hv003|hv005|hv009|hv012|hv013|hv024|hv025|hv201|hv205|hv206|hv207|hv208|hv209|hv210|hv211|hv212|hv213|hv214|hv215|hv216|hv217|hv218|hv219|hv220|hv221|hv225|hv226|hv227|hv228|hv230a|hv232|hv234|hv235|hv237|hv240|hv270|hv271
MD,Madagascar,81,PR,MDPR81FL.DTA,D:\Repositórios\_dados_descartados_saude_mulher\completo\extraidos\Madagascar\Moradores_PR\MDPR81DT\MDPR81FL.DTA,90322,40,hhid|hvidx|hv001|hv002|hv003|hv004|hv005|hv009|hv012|hv013|hv024|hv025|hv101|hv102|hv103|hv104|hv105|hv106|hv107|hv108|hv109|hv110|hv111|hv112|hv113|hv114|hv115|hv116|hv117|hv118|hv120|hv121|hv122|hv123|hv124|hv125|hv126|hv127|hv128|hv129
MD,Madagascar,81,KR,MDKR81FL.DTA,D:\Repositórios\_dados_descartados_saude_mulher\completo\extraidos\Madagascar\Criancas_KR\MDKR81DT\MDKR81FL.DTA,12499,53,caseid|v001|v002|v003|v005|bidx|b0|b1|b2|b3|b4|b5|b6|b7|b8|b9|b10|b11|b12|m4|m5|m6|m7|m13|m14|m15|m17|m18|m19|m34|m35|m36|m38|m39a|h1|h2|h3|h4|h5|h6|h7|h8|h9|h10|h40|h11|h13|h22|h31|h34|h39|h42|h43
MD,Madagascar,41,HW,MDHW41FL.DTA,D:\Repositórios\_dados_descartados_saude_mulher\completo\extraidos\Madagascar\Antropometria_HW\MDHW41DT\MDHW41FL.DTA,5742,7,hwhhid|hwline|hwlevel|hc70|hc71|hc72|hc73
MD,Madagascar,81,CR,MDCR81FL.DTA,D:\Repositórios\_dados_descartados_saude_mulher\completo\extraidos\Madagascar\Casais_CR\MDCR81DT\MDCR81FL.DTA,4627,19,caseid|v001|v002|v003|v005|v012|v024|v025|mv001|mv002|mv003|mv005|mv012|mv024|mv025|v106|v190|mv106|mv190
MD,Madagascar,81,MR,MDMR81FL.DTA,D:\Repositórios\_dados_descartados_saude_mulher\completo\extraidos\Madagascar\Homens_MR\MDMR81DT\MDMR81FL.DTA,9037,12,mcaseid|mv001|mv002|mv003|mv005|mv012|mv024|mv025|mv106|mv190|mv201|mv212
MD,Madagascar,21,SQ,MDSQ21FL.DTA,D:\Repositórios\_dados_descartados_saude_mulher\completo\extraidos\Madagascar\Servicos_Saude_SQ\MDSQ21DT\MDSQ21FL.DTA,215,40,sclu|sregion|stype|sreg1|slocal|sfarit|sfivon|sfirai|sfokon|snhabs|sresmm|sresyy|snpers|stitre_1|ssexe_1|stitre_2|ssexe_2|stitre_3|ssexe_3|stitre_4|ssexe_4|stitre_5|ssexe_5|stitre_6|ssexe_6|stitre_7|ssexe_7|stitre_8|ssexe_8|sinidd|sinimm|senddd|sendmm|senque|s101|s102|s103|s104h|s104m|s105
MD,Madagascar,31,WI,MDWI31FL.DTA,D:\Repositórios\_dados_descartados_saude_mulher\completo\extraidos\Madagascar\Riqueza_WI\MDWI31DT\MDWI31FL.DTA,7171,3,whhid|wlthindf|wlthind5
ML,Mali,83,IR,MLIR83FL.DTA,D:\Repositórios\_dados_descartados_saude_mulher\completo\extraidos\Mali\Saude_da_Mulher_IR\MLIR83DT\MLIR83FL.DTA,10765,35,caseid|v001|v002|v003|v005|v006|v007|v008|v008a|v012|v013|v024|v025|v106|v190|v201|v212|m3a_1|m3b_1|m4_1|m5_1|m13_1|m14_1|m15_1|m17_1|m18_1|m19_1|m34_1|m35_1|m36_1|m38_1|m39_1|v445|v453|v457
ML,Mali,83,HR,MLHR83FL.DTA,D:\Repositórios\_dados_descartados_saude_mulher\completo\extraidos\Mali\Domicilios_HR\MLHR83DT\MLHR83FL.DTA,5627,40,hhid|hv001|hv002|hv003|hv005|hv009|hv012|hv013|hv024|hv025|hv201|hv205|hv206|hv207|hv208|hv209|hv210|hv211|hv212|hv213|hv214|hv215|hv216|hv217|hv218|hv219|hv220|hv221|hv225|hv226|hv227|hv228|hv230a|hv232|hv234|hv235|hv237|hv240|hv270|hv271
ML,Mali,83,PR,MLPR83FL.DTA,D:\Repositórios\_dados_descartados_saude_mulher\completo\extraidos\Mali\Moradores_PR\MLPR83DT\MLPR83FL.DTA,54419,40,hhid|hvidx|hv001|hv002|hv003|hv004|hv005|hv009|hv012|hv013|hv024|hv025|hv101|hv102|hv103|hv104|hv105|hv106|hv107|hv108|hv109|hv110|hv111|hv112|hv113|hv114|hv115|hv116|hv117|hv118|hv120|hv121|hv122|hv123|hv124|hv125|hv126|hv127|hv128|hv129
ML,Mali,83,KR,MLKR83FL.DTA,D:\Repositórios\_dados_descartados_saude_mulher\completo\extraidos\Mali\Criancas_KR\MLKR83DT\MLKR83FL.DTA,9464,42,caseid|bidx|v001|v002|v003|v005|b0|b1|b2|b3|b4|b5|b6|b7|b8|b9|b10|b11|b12|m4|m5|m6|m7|m13|m14|m15|m17|m18|m19|m34|m35|m36|m38|m39a|h11|h13|h22|h31|h34|h39|h42|h43
ML,Mali,41,HW,MLHW41FL.DTA,D:\Repositórios\_dados_descartados_saude_mulher\completo\extraidos\Mali\Antropometria_HW\MLHW41DT\MLHW41FL.DTA,12236,7,hwhhid|hwline|hwlevel|hc70|hc71|hc72|hc73
ML,Mali,53,CR,MLCR53FL.DTA,D:\Repositórios\_dados_descartados_saude_mulher\completo\extraidos\Mali\Casais_CR\MLCR53DT\MLCR53FL.DTA,2665,19,caseid|v001|v002|v003|v005|v012|v024|v025|mv001|mv002|mv003|mv005|mv012|mv024|mv025|v106|v190|mv106|mv190
ML,Mali,53,MR,MLMR53FL.DTA,D:\Repositórios\_dados_descartados_saude_mulher\completo\extraidos\Mali\Homens_MR\MLMR53DT\MLMR53FL.DTA,4207,12,mcaseid|mv001|mv002|mv003|mv005|mv012|mv024|mv025|mv106|mv190|mv201|mv212
ML,Mali,42,SQ,MLSQ42FL.DTA,D:\Repositórios\_dados_descartados_saude_mulher\completo\extraidos\Mali\Servicos_Saude_SQ\MLSQ42DT\MLSQ42FL.DTA,388,40,level1id|saregion|sacercle|sacommun|sagrappe|saville|salatns|salatdeg|salatmin|salatmil|salonew|salondeg|salonmin|salonmil|saalt|sapoint|sajour|samois|saannee|sacode|salangue|sainter|sasec01_group_1|sasec01_group_2|sasec01_group_3|sasec01_group_4|sasec01_group_5|sasec01_group_6|sa101h|sa101m|sa101|sa102|sa103|sa104|sa105|sa106|sa107|sa108|sa108a|sa108b
ML,Mali,42,WI,MLwi42fl.dta,D:\Repositórios\_dados_descartados_saude_mulher\completo\extraidos\Mali\Riqueza_WI\MLWI42DT\MLwi42fl.dta,12331,3,whhid|wlthindf|wlthind5
MW,Malaui,81,IR,MWIR81FL.dta,D:\Repositórios\_dados_descartados_saude_mulher\completo\extraidos\Malaui\Saude_da_Mulher_IR\MWIR81DT\MWIR81FL.dta,21587,100,caseid|v001|v002|v003|v005|v006|v007|v008|v008a|v012|v013|v024|v025|v106|v190|v201|v212|v301|v302|v302a|v304_01|v304_02|v304_03|v304_04|v304_05|v304_06|v304_07|v304_08|v304_09|v304_10|v304_11|v304_12|v304_13|v304_14|v304_15|v304_16|v304_17|v304_18|v304_19|v304_20|v305_01|v305_02|v305_03|v305_04|v305_05|v305_06|v305_07|v305_08|v305_09|v305_10|v305_11|v305_12|v305_13|v305_14|v305_15|v305_16|v305_17|v305_18|v305_19|v305_20|v307_01|v307_02|v307_03|v307_04|v307_05|v307_06|v307_07|v307_08|v307_09|v307_10|v307_11|v307_12|v307_13|v307_14|v307_15|v307_16|v307_17|v307_18|v307_19|v307_20|v312|v313|m3a_1|m3b_1|m4_1|m5_1|m13_1|m14_1|m15_1|m17_1|m18_1|m19_1|m34_1|m35_1|m36_1|m38_1|m39_1|v445|v453|v457
MW,Malaui,81,BR,MWBR81FL.dta,D:\Repositórios\_dados_descartados_saude_mulher\completo\extraidos\Malaui\Nascimentos_BR\MWBR81DT\MWBR81FL.dta,52765,45,caseid|bidx|v001|v002|v003|v005|bord|b0|b1|b2|b3|b4|b5|b6|b7|b8|b9|b10|b11|b12|b13|b15|b16|b17|b18|b19|b20|b21|m3a|m3b|m4|m5|m6|m7|m13|m14|m15|m17|m18|m19|m34|m35|m36|m38|m39a
MW,Malaui,81,HR,MWHR81FL.dta,D:\Repositórios\_dados_descartados_saude_mulher\completo\extraidos\Malaui\Domicilios_HR\MWHR81DT\MWHR81FL.dta,23095,43,hhid|hv001|hv002|hv003|hv005|hv009|hv012|hv013|hv024|hv025|hv201|hv205|hv206|hv207|hv208|hv209|hv210|hv211|hv212|hv213|hv214|hv215|hv216|hv217|hv218|hv219|hv220|hv221|hv222|hv223|hv225|hv226|hv227|hv228|hv230a|hv232|hv234|hv235|hv236a|hv237|hv240|hv270|hv271
MW,Malaui,81,PR,MWPR81FL.dta,D:\Repositórios\_dados_descartados_saude_mulher\completo\extraidos\Malaui\Moradores_PR\MWPR81DT\MWPR81FL.dta,98549,40,hhid|hvidx|hv001|hv002|hv003|hv004|hv005|hv009|hv012|hv013|hv024|hv025|hv101|hv102|hv103|hv104|hv105|hv106|hv107|hv108|hv109|hv110|hv111|hv112|hv113|hv114|hv115|hv116|hv117|hv118|hv120|hv121|hv122|hv123|hv124|hv125|hv126|hv127|hv128|hv129
MW,Malaui,81,KR,MWKR81FL.dta,D:\Repositórios\_dados_descartados_saude_mulher\completo\extraidos\Malaui\Criancas_KR\MWKR81DT\MWKR81FL.dta,12312,54,caseid|bidx|v001|v002|v003|v005|bidxp|b0|b1|b2|b3|b4|b5|b6|b7|b8|b9|b10|b11|b12|m4|m5|m6|m7|m13|m14|m15|m17|m18|m19|m34|m35|m36|m38|m39a|h1|h2|h3|h4|h5|h6|h7|h8|h9|h10|h40|h11|h13|h22|h31|h34|h39|h42|h43
MW,Malaui,41,HW,MWHW41FL.DTA,D:\Repositórios\_dados_descartados_saude_mulher\completo\extraidos\Malaui\Antropometria_HW\MWHW41DT\MWHW41FL.DTA,11157,7,hwhhid|hwline|hwlevel|hc70|hc71|hc72|hc73
MW,Malaui,81,CR,MWCR81FL.dta,D:\Repositórios\_dados_descartados_saude_mulher\completo\extraidos\Malaui\Casais_CR\MWCR81DT\MWCR81FL.dta,4086,19,caseid|v001|v002|v003|v005|v012|v024|v025|mv001|mv002|mv003|mv005|mv012|mv024|mv025|v106|v190|mv106|mv190
MW,Malaui,81,MR,MWMR81FL.dta,D:\Repositórios\_dados_descartados_saude_mulher\completo\extraidos\Malaui\Homens_MR\MWMR81DT\MWMR81FL.dta,8913,12,mcaseid|mv001|mv002|mv003|mv005|mv012|mv024|mv025|mv106|mv190|mv201|mv212
MW,Malaui,26,SQ,MWSQ26FL.DTA,D:\Repositórios\_dados_descartados_saude_mulher\completo\extraidos\Malaui\Servicos_Saude_SQ\MWSQ26DT\MWSQ26FL.DTA,223,1,urbrur
MW,Malaui,42,WI,MWwi42fl.dta,D:\Repositórios\_dados_descartados_saude_mulher\completo\extraidos\Malaui\Riqueza_WI\MWWI42DT\MWwi42fl.dta,14213,3,whhid|wlthindf|wlthind5
MZ,Moçambique,82,IR,MZIR82FL.dta,D:\Repositórios\_dados_descartados_saude_mulher\completo\extraidos\Moçambique\Saude_da_Mulher_IR\MZIR82DT\MZIR82FL.dta,13183,100,caseid|v001|v002|v003|v005|v006|v007|v008|v008a|v012|v013|v024|v025|v106|v190|v201|v212|v301|v302|v302a|v304_01|v304_02|v304_03|v304_04|v304_05|v304_06|v304_07|v304_08|v304_09|v304_10|v304_11|v304_12|v304_13|v304_14|v304_15|v304_16|v304_17|v304_18|v304_19|v304_20|v305_01|v305_02|v305_03|v305_04|v305_05|v305_06|v305_07|v305_08|v305_09|v305_10|v305_11|v305_12|v305_13|v305_14|v305_15|v305_16|v305_17|v305_18|v305_19|v305_20|v307_01|v307_02|v307_03|v307_04|v307_05|v307_06|v307_07|v307_08|v307_09|v307_10|v307_11|v307_12|v307_13|v307_14|v307_15|v307_16|v307_17|v307_18|v307_19|v307_20|v312|v313|m3a_1|m3b_1|m4_1|m5_1|m13_1|m14_1|m15_1|m17_1|m18_1|m19_1|m34_1|m35_1|m36_1|m38_1|m39_1|v445|v453|v457
MZ,Moçambique,82,BR,MZBR82FL.dta,D:\Repositórios\_dados_descartados_saude_mulher\completo\extraidos\Moçambique\Nascimentos_BR\MZBR82DT\MZBR82FL.dta,33900,45,caseid|bidx|v001|v002|v003|v005|bord|b0|b1|b2|b3|b4|b5|b6|b7|b8|b9|b10|b11|b12|b13|b15|b16|b17|b18|b19|b20|b21|m3a|m3b|m4|m5|m6|m7|m13|m14|m15|m17|m18|m19|m34|m35|m36|m38|m39a
MZ,Moçambique,82,HR,MZHR82FL.dta,D:\Repositórios\_dados_descartados_saude_mulher\completo\extraidos\Moçambique\Domicilios_HR\MZHR82DT\MZHR82FL.dta,14250,43,hhid|hv001|hv002|hv003|hv005|hv009|hv012|hv013|hv024|hv025|hv201|hv205|hv206|hv207|hv208|hv209|hv210|hv211|hv212|hv213|hv214|hv215|hv216|hv217|hv218|hv219|hv220|hv221|hv222|hv223|hv225|hv226|hv227|hv228|hv230a|hv232|hv234|hv235|hv236a|hv237|hv240|hv270|hv271
MZ,Moçambique,82,PR,MZPR82FL.dta,D:\Repositórios\_dados_descartados_saude_mulher\completo\extraidos\Moçambique\Moradores_PR\MZPR82DT\MZPR82FL.dta,66816,40,hhid|hvidx|hv001|hv002|hv003|hv004|hv005|hv009|hv012|hv013|hv024|hv025|hv101|hv102|hv103|hv104|hv105|hv106|hv107|hv108|hv109|hv110|hv111|hv112|hv113|hv114|hv115|hv116|hv117|hv118|hv120|hv121|hv122|hv123|hv124|hv125|hv126|hv127|hv128|hv129
MZ,Moçambique,82,KR,MZKR82FL.dta,D:\Repositórios\_dados_descartados_saude_mulher\completo\extraidos\Moçambique\Criancas_KR\MZKR82DT\MZKR82FL.dta,9289,54,caseid|bidx|v001|v002|v003|v005|bidxp|b0|b1|b2|b3|b4|b5|b6|b7|b8|b9|b10|b11|b12|m4|m5|m6|m7|m13|m14|m15|m17|m18|m19|m34|m35|m36|m38|m39a|h1|h2|h3|h4|h5|h6|h7|h8|h9|h10|h40|h11|h13|h22|h31|h34|h39|h42|h43
MZ,Moçambique,41,HW,MZHW41FL.DTA,D:\Repositórios\_dados_descartados_saude_mulher\completo\extraidos\Moçambique\Antropometria_HW\MZHW41DT\MZHW41FL.DTA,10669,7,hwhhid|hwline|hwlevel|hc70|hc71|hc72|hc73
MZ,Moçambique,82,CR,MZCR82FL.dta,D:\Repositórios\_dados_descartados_saude_mulher\completo\extraidos\Moçambique\Casais_CR\MZCR82DT\MZCR82FL.dta,2492,19,caseid|v001|v002|v003|v005|v012|v024|v025|mv001|mv002|mv003|mv005|mv012|mv024|mv025|v106|v190|mv106|mv190
MZ,Moçambique,81,MR,MZMR81FL.DTA,D:\Repositórios\_dados_descartados_saude_mulher\completo\extraidos\Moçambique\Homens_MR\MZMR81DT\MZMR81FL.DTA,5380,12,mcaseid|mv001|mv002|mv003|mv005|mv012|mv024|mv025|mv106|mv190|mv201|mv212
MZ,Moçambique,31,WI,MZWI31FL.DTA,D:\Repositórios\_dados_descartados_saude_mulher\completo\extraidos\Moçambique\Riqueza_WI\MZWI31DT\MZWI31FL.DTA,9282,3,whhid|wlthindf|wlthind5
NG,Nigéria,81,IR,NGIR81FL.DTA,D:\Repositórios\_dados_descartados_saude_mulher\completo\extraidos\Nigéria\Saude_da_Mulher_IR\NGIR81DT\NGIR81FL.DTA,14476,18,caseid|v001|v002|v003|v005|v006|v007|v008|v008a|v012|v013|v024|v025|v106|v190|v201|m13_1|m14_1
NG,Nigéria,81,HR,NGHR81FL.DTA,D:\Repositórios\_dados_descartados_saude_mulher\completo\extraidos\Nigéria\Domicilios_HR\NGHR81DT\NGHR81FL.DTA,13727,37,hhid|hv001|hv002|hv003|hv005|hv009|hv012|hv013|hv024|hv025|hv201|hv205|hv206|hv207|hv208|hv209|hv210|hv211|hv212|hv213|hv214|hv215|hv216|hv217|hv218|hv219|hv220|hv221|hv222|hv223|hv225|hv226|hv227|hv228|hv235|hv270|hv271
NG,Nigéria,81,PR,NGPR81FL.DTA,D:\Repositórios\_dados_descartados_saude_mulher\completo\extraidos\Nigéria\Moradores_PR\NGPR81DT\NGPR81FL.DTA,70428,19,hhid|hvidx|hv001|hv002|hv003|hv004|hv005|hv009|hv012|hv013|hv024|hv025|hv101|hv102|hv103|hv104|hv105|hv117|hv120
NG,Nigéria,81,KR,NGKR81FL.DTA,D:\Repositórios\_dados_descartados_saude_mulher\completo\extraidos\Nigéria\Criancas_KR\NGKR81DT\NGKR81FL.DTA,10988,23,caseid|v001|v002|v003|v005|bidx|b0|b1|b2|b3|b4|b5|b6|b7|b8|b9|b10|b11|b12|m13|m14|h22|h31
NG,Nigéria,21,HW,NGHW21FL.DTA,D:\Repositórios\_dados_descartados_saude_mulher\completo\extraidos\Nigéria\Antropometria_HW\NGHW21DT\NGHW21FL.DTA,7902,6,hwline|hwlevel|hc70|hc71|hc72|hc73
NG,Nigéria,53,CR,NGCR53FL.DTA,D:\Repositórios\_dados_descartados_saude_mulher\completo\extraidos\Nigéria\Casais_CR\NGCR53DT\NGCR53FL.DTA,8731,19,caseid|v001|v002|v003|v005|v012|v024|v025|mv001|mv002|mv003|mv005|mv012|mv024|mv025|v106|v190|mv106|mv190
NG,Nigéria,52,MR,NGMR52FL.DTA,D:\Repositórios\_dados_descartados_saude_mulher\completo\extraidos\Nigéria\Homens_MR\NGMR52DT\NGMR52FL.DTA,15486,12,mcaseid|mv001|mv002|mv003|mv005|mv012|mv024|mv025|mv106|mv190|mv201|mv212
NG,Nigéria,23,SQ,NGSQ23FL.DTA,D:\Repositórios\_dados_descartados_saude_mulher\completo\extraidos\Nigéria\Servicos_Saude_SQ\NGSQ23DT\NGSQ23FL.DTA,184,40,cstate|ccluster|csd|csm|ced|cem|curbrur|carea|cquest|clang|c100h|c100m|c101|c102|c103|c104|c105h|c105m|c106|c107|c108|c109|c110|c111|c112|c113_1|c114_1|c115_1|c115k_1|c113_2|c114_2|c115_2|c115k_2|c113_3|c114_3|c115_3|c115k_3|c113_4|c114_4|c115_4
NG,Nigéria,21,WI,NGWI21FL.DTA,D:\Repositórios\_dados_descartados_saude_mulher\completo\extraidos\Nigéria\Riqueza_WI\NGWI21DT\NGWI21FL.DTA,8999,3,whhid|wlthindf|wlthind5
NI,Níger,82,IR,NIIR82FL.DTA,D:\Repositórios\_dados_descartados_saude_mulher\completo\extraidos\Níger\Saude_da_Mulher_IR\NIIR82DT\NIIR82FL.DTA,5795,20,caseid|v001|v002|v003|v005|v006|v007|v008|v008a|v012|v013|v024|v025|v106|v190|v201|m13_1|m14_1|v453|v457
NI,Níger,82,HR,NIHR82FL.DTA,D:\Repositórios\_dados_descartados_saude_mulher\completo\extraidos\Níger\Domicilios_HR\NIHR82DT\NIHR82FL.DTA,4729,37,hhid|hv001|hv002|hv003|hv005|hv009|hv012|hv013|hv024|hv025|hv201|hv205|hv206|hv207|hv208|hv209|hv210|hv211|hv212|hv213|hv214|hv215|hv216|hv217|hv218|hv219|hv220|hv221|hv225|hv226|hv227|hv228|hv235|hv270|hv271|hv222|hv223
NI,Níger,82,PR,NIPR82FL.DTA,D:\Repositórios\_dados_descartados_saude_mulher\completo\extraidos\Níger\Moradores_PR\NIPR82DT\NIPR82FL.DTA,30305,19,hhid|hvidx|hv001|hv002|hv003|hv004|hv005|hv009|hv012|hv013|hv024|hv025|hv101|hv102|hv103|hv104|hv105|hv117|hv120
NI,Níger,82,KR,NIKR82FL.DTA,D:\Repositórios\_dados_descartados_saude_mulher\completo\extraidos\Níger\Criancas_KR\NIKR82DT\NIKR82FL.DTA,5120,23,caseid|bidx|v001|v002|v003|v005|b0|b1|b2|b3|b4|b5|b6|b7|b8|b9|b10|b11|b12|m13|m14|h22|h31
NI,Níger,51,HW,NIHW51FL.DTA,D:\Repositórios\_dados_descartados_saude_mulher\completo\extraidos\Níger\Antropometria_HW\NIHW51DT\NIHW51FL.DTA,4616,7,hwhhid|hwline|hwlevel|hc70|hc71|hc72|hc73
NI,Níger,61,CR,NICR61FL.DTA,D:\Repositórios\_dados_descartados_saude_mulher\completo\extraidos\Níger\Casais_CR\NICR61DT\NICR61FL.DTA,2782,19,caseid|v001|v002|v003|v005|v012|v024|v025|mv001|mv002|mv003|mv005|mv012|mv024|mv025|v106|v190|mv106|mv190
NI,Níger,61,MR,NIMR61FL.DTA,D:\Repositórios\_dados_descartados_saude_mulher\completo\extraidos\Níger\Homens_MR\NIMR61DT\NIMR61FL.DTA,3928,12,mcaseid|mv001|mv002|mv003|mv005|mv012|mv024|mv025|mv106|mv190|mv201|mv212
NI,Níger,31,SQ,NISQ31FL.DTA,D:\Repositórios\_dados_descartados_saude_mulher\completo\extraidos\Níger\Servicos_Saude_SQ\NISQ31DT\NISQ31FL.DTA,268,40,ccluster|cregion|carrond|ccanton|clocal|cunicef|cintd|cintm|cinty|cintnum|cresult|cfedit|cofedit|ckeyer|c101|c102|c103|c104|c105|c106|c106a|c107|c108|c109|c110|c111a|c111b|c111c|c111d|c111e|c111f|c111g|c111h|c111i|c111j|c111k|c111l|c111m|c111n|c111o
NI,Níger,31,WI,NIWI31FL.DTA,D:\Repositórios\_dados_descartados_saude_mulher\completo\extraidos\Níger\Riqueza_WI\NIWI31DT\NIWI31FL.DTA,5928,3,whhid|wlthindf|wlthind5
NM,Namíbia,61,IR,NMIR61FL.DTA,D:\Repositórios\_dados_descartados_saude_mulher\completo\extraidos\Namíbia\Saude_da_Mulher_IR\NMIR61DT\NMIR61FL.DTA,10018,99,caseid|v001|v002|v003|v005|v006|v007|v008|v012|v013|v024|v025|v106|v190|v201|v212|v301|v302|v302a|v304_01|v304_02|v304_03|v304_04|v304_05|v304_06|v304_07|v304_08|v304_09|v304_10|v304_11|v304_12|v304_13|v304_14|v304_15|v304_16|v304_17|v304_18|v304_19|v304_20|v305_01|v305_02|v305_03|v305_04|v305_05|v305_06|v305_07|v305_08|v305_09|v305_10|v305_11|v305_12|v305_13|v305_14|v305_15|v305_16|v305_17|v305_18|v305_19|v305_20|v307_01|v307_02|v307_03|v307_04|v307_05|v307_06|v307_07|v307_08|v307_09|v307_10|v307_11|v307_12|v307_13|v307_14|v307_15|v307_16|v307_17|v307_18|v307_19|v307_20|v312|v313|m3a_1|m3b_1|m4_1|m5_1|m13_1|m14_1|m15_1|m17_1|m18_1|m19_1|m34_1|m35_1|m36_1|m38_1|m39_1|v445|v453|v457
NM,Namíbia,61,BR,NMBR61FL.DTA,D:\Repositórios\_dados_descartados_saude_mulher\completo\extraidos\Namíbia\Nascimentos_BR\NMBR61DT\NMBR61FL.DTA,18090,40,caseid|bidx|v001|v002|v003|v005|bord|b0|b1|b2|b3|b4|b5|b6|b7|b8|b9|b10|b11|b12|b13|b15|b16|m3a|m3b|m4|m5|m6|m7|m13|m14|m15|m17|m18|m19|m34|m35|m36|m38|m39a
NM,Namíbia,61,HR,NMHR61FL.DTA,D:\Repositórios\_dados_descartados_saude_mulher\completo\extraidos\Namíbia\Domicilios_HR\NMHR61DT\NMHR61FL.DTA,9849,40,hhid|hv001|hv002|hv003|hv005|hv009|hv012|hv013|hv024|hv025|hv201|hv205|hv206|hv207|hv208|hv209|hv210|hv211|hv212|hv213|hv214|hv215|hv216|hv217|hv218|hv219|hv220|hv221|hv225|hv226|hv227|hv228|hv230a|hv232|hv234|hv235|hv237|hv240|hv270|hv271
NM,Namíbia,61,PR,NMPR61FL.DTA,D:\Repositórios\_dados_descartados_saude_mulher\completo\extraidos\Namíbia\Moradores_PR\NMPR61DT\NMPR61FL.DTA,41646,40,hhid|hvidx|hv001|hv002|hv003|hv004|hv005|hv009|hv012|hv013|hv024|hv025|hv101|hv102|hv103|hv104|hv105|hv106|hv107|hv108|hv109|hv110|hv111|hv112|hv113|hv114|hv115|hv116|hv117|hv118|hv120|hv121|hv122|hv123|hv124|hv125|hv126|hv127|hv128|hv129
NM,Namíbia,61,KR,NMKR61FL.DTA,D:\Repositórios\_dados_descartados_saude_mulher\completo\extraidos\Namíbia\Criancas_KR\NMKR61DT\NMKR61FL.DTA,5046,53,caseid|v001|v002|v003|v005|bidx|b0|b1|b2|b3|b4|b5|b6|b7|b8|b9|b10|b11|b12|m4|m5|m6|m7|m13|m14|m15|m17|m18|m19|m34|m35|m36|m38|m39a|h1|h2|h3|h4|h5|h6|h7|h8|h9|h10|h11|h13|h22|h31|h34|h39|h40|h42|h43
NM,Namíbia,41,HW,NMHW41FL.DTA,D:\Repositórios\_dados_descartados_saude_mulher\completo\extraidos\Namíbia\Antropometria_HW\NMHW41DT\NMHW41FL.DTA,4428,7,hwhhid|hwline|hwlevel|hc70|hc71|hc72|hc73
NM,Namíbia,61,CR,NMCR61FL.DTA,D:\Repositórios\_dados_descartados_saude_mulher\completo\extraidos\Namíbia\Casais_CR\NMCR61DT\NMCR61FL.DTA,1249,19,caseid|v001|v002|v003|v005|v012|v024|v025|mv001|mv002|mv003|mv005|mv012|mv024|mv025|v106|v190|mv106|mv190
NM,Namíbia,61,MR,NMMR61FL.DTA,D:\Repositórios\_dados_descartados_saude_mulher\completo\extraidos\Namíbia\Homens_MR\NMMR61DT\NMMR61FL.DTA,4481,12,mcaseid|mv001|mv002|mv003|mv005|mv012|mv024|mv025|mv106|mv190|mv201|mv212
NM,Namíbia,41,WI,NMWI41FL.DTA,D:\Repositórios\_dados_descartados_saude_mulher\completo\extraidos\Namíbia\Riqueza_WI\NMWI41DT\NMWI41FL.DTA,6392,3,whhid|wlthindf|wlthind5
RW,Ruanda,91,IR,RWIR91FL.dta,D:\Repositórios\_dados_descartados_saude_mulher\completo\extraidos\Ruanda\Saude_da_Mulher_IR\RWIR91DT\RWIR91FL.dta,14283,100,caseid|v001|v002|v003|v005|v006|v007|v008|v008a|v012|v013|v024|v025|v106|v190|v201|v212|v301|v302|v302a|v304_01|v304_02|v304_03|v304_04|v304_05|v304_06|v304_07|v304_08|v304_09|v304_10|v304_11|v304_12|v304_13|v304_14|v304_15|v304_16|v304_17|v304_18|v304_19|v304_20|v305_01|v305_02|v305_03|v305_04|v305_05|v305_06|v305_07|v305_08|v305_09|v305_10|v305_11|v305_12|v305_13|v305_14|v305_15|v305_16|v305_17|v305_18|v305_19|v305_20|v307_01|v307_02|v307_03|v307_04|v307_05|v307_06|v307_07|v307_08|v307_09|v307_10|v307_11|v307_12|v307_13|v307_14|v307_15|v307_16|v307_17|v307_18|v307_19|v307_20|v312|v313|m3a_1|m3b_1|m4_1|m5_1|m13_1|m14_1|m15_1|m17_1|m18_1|m19_1|m34_1|m35_1|m36_1|m38_1|m39_1|v445|v453|v457
RW,Ruanda,91,BR,RWBR91FL.dta,D:\Repositórios\_dados_descartados_saude_mulher\completo\extraidos\Ruanda\Nascimentos_BR\RWBR91DT\RWBR91FL.dta,28878,45,caseid|bidx|v001|v002|v003|v005|bord|b0|b1|b2|b3|b4|b5|b6|b7|b8|b9|b10|b11|b12|b13|b15|b16|b17|b18|b19|b20|b21|m3a|m3b|m4|m5|m6|m7|m13|m14|m15|m17|m18|m19|m34|m35|m36|m38|m39a
RW,Ruanda,91,HR,RWHR91FL.dta,D:\Repositórios\_dados_descartados_saude_mulher\completo\extraidos\Ruanda\Domicilios_HR\RWHR91DT\RWHR91FL.dta,14427,43,hhid|hv001|hv002|hv003|hv005|hv009|hv012|hv013|hv024|hv025|hv201|hv205|hv206|hv207|hv208|hv209|hv210|hv211|hv212|hv213|hv214|hv215|hv216|hv217|hv218|hv219|hv220|hv221|hv222|hv223|hv225|hv226|hv227|hv228|hv230a|hv232|hv234|hv235|hv236a|hv237|hv240|hv270|hv271
RW,Ruanda,91,PR,RWPR91FL.dta,D:\Repositórios\_dados_descartados_saude_mulher\completo\extraidos\Ruanda\Moradores_PR\RWPR91DT\RWPR91FL.dta,57046,40,hhid|hvidx|hv001|hv002|hv003|hv004|hv005|hv009|hv012|hv013|hv024|hv025|hv101|hv102|hv103|hv104|hv105|hv106|hv107|hv108|hv109|hv110|hv111|hv112|hv113|hv114|hv115|hv116|hv117|hv118|hv120|hv121|hv122|hv123|hv124|hv125|hv126|hv127|hv128|hv129
RW,Ruanda,91,KR,RWKR91FL.dta,D:\Repositórios\_dados_descartados_saude_mulher\completo\extraidos\Ruanda\Criancas_KR\RWKR91DT\RWKR91FL.dta,7214,54,caseid|bidx|v001|v002|v003|v005|bidxp|b0|b1|b2|b3|b4|b5|b6|b7|b8|b9|b10|b11|b12|m4|m5|m6|m7|m13|m14|m15|m17|m18|m19|m34|m35|m36|m38|m39a|h1|h2|h3|h4|h5|h6|h7|h8|h9|h10|h40|h11|h13|h22|h31|h34|h39|h42|h43
RW,Ruanda,52,HW,RWHW52FL.DTA,D:\Repositórios\_dados_descartados_saude_mulher\completo\extraidos\Ruanda\Antropometria_HW\RWHW52DT\RWHW52FL.DTA,4163,7,hwhhid|hwline|hwlevel|hc70|hc71|hc72|hc73
RW,Ruanda,91,CR,RWCR91FL.dta,D:\Repositórios\_dados_descartados_saude_mulher\completo\extraidos\Ruanda\Casais_CR\RWCR91DT\RWCR91FL.dta,3019,19,caseid|v001|v002|v003|v005|v012|v024|v025|mv001|mv002|mv003|mv005|mv012|mv024|mv025|v106|v190|mv106|mv190
RW,Ruanda,91,MR,RWMR91FL.dta,D:\Repositórios\_dados_descartados_saude_mulher\completo\extraidos\Ruanda\Homens_MR\RWMR91DT\RWMR91FL.dta,6548,12,mcaseid|mv001|mv002|mv003|mv005|mv012|mv024|mv025|mv106|mv190|mv201|mv212
RW,Ruanda,42,WI,RWwi42fl.dta,D:\Repositórios\_dados_descartados_saude_mulher\completo\extraidos\Ruanda\Riqueza_WI\RWWI42DT\RWwi42fl.dta,9696,3,whhid|wlthindf|wlthind5
SD,Sudão,02,IR,SDIR02FL.DTA,D:\Repositórios\_dados_descartados_saude_mulher\completo\extraidos\Sudão\Saude_da_Mulher_IR\SDIR02DT\SDIR02FL.DTA,5860,62,caseid|v001|v002|v003|v005|v006|v007|v008|v012|v013|v106|v201|v212|v301|v302|v304_01|v305_01|v307_01|v304_02|v305_02|v307_02|v304_03|v305_03|v307_03|v304_04|v305_04|v307_04|v304_05|v305_05|v307_05|v304_06|v305_06|v307_06|v304_07|v305_07|v307_07|v304_08|v305_08|v307_08|v304_09|v305_09|v307_09|v304_10|v305_10|v307_10|v304_11|v305_11|v307_11|v304_12|v305_12|v307_12|v304_13|v305_13|v307_13|v304_14|v305_14|v307_14|v304_15|v305_15|v307_15|v312|v313
SD,Sudão,02,BR,SDBR02FL.dta,D:\Repositórios\_dados_descartados_saude_mulher\completo\extraidos\Sudão\Nascimentos_BR\SDBR02DT\SDBR02FL.dta,25805,24,caseid|bidx|v001|v002|v003|v005|bord|b0|b1|b2|b3|b4|b5|b6|b7|b8|b9|b10|b11|b12|m4|m5|m6|m7
SL,Serra Leoa,73,IR,SLIR73FL.DTA,D:\Repositórios\_dados_descartados_saude_mulher\completo\extraidos\Serra Leoa\Saude_da_Mulher_IR\SLIR73DT\SLIR73FL.DTA,8501,17,caseid|v001|v002|v003|v005|v006|v007|v008|v008a|v012|v013|v024|v025|v106|v190|v201|v212
SL,Serra Leoa,73,HR,SLHR73FL.DTA,D:\Repositórios\_dados_descartados_saude_mulher\completo\extraidos\Serra Leoa\Domicilios_HR\SLHR73DT\SLHR73FL.DTA,6719,40,hhid|hv001|hv002|hv003|hv005|hv009|hv012|hv013|hv024|hv025|hv201|hv205|hv206|hv207|hv208|hv209|hv210|hv211|hv212|hv213|hv214|hv215|hv216|hv217|hv218|hv219|hv220|hv221|hv225|hv226|hv227|hv228|hv230a|hv232|hv234|hv235|hv237|hv240|hv270|hv271
SL,Serra Leoa,73,PR,SLPR73FL.DTA,D:\Repositórios\_dados_descartados_saude_mulher\completo\extraidos\Serra Leoa\Moradores_PR\SLPR73DT\SLPR73FL.DTA,40049,40,hhid|hvidx|hv001|hv002|hv003|hv004|hv005|hv009|hv012|hv013|hv024|hv025|hv101|hv102|hv103|hv104|hv105|hv106|hv107|hv108|hv109|hv110|hv111|hv112|hv113|hv114|hv115|hv116|hv117|hv118|hv120|hv121|hv122|hv123|hv124|hv125|hv126|hv127|hv128|hv129
SL,Serra Leoa,73,KR,SLKR73FL.DTA,D:\Repositórios\_dados_descartados_saude_mulher\completo\extraidos\Serra Leoa\Criancas_KR\SLKR73DT\SLKR73FL.DTA,6213,20,caseid|v001|v002|v003|v005|bidx|b0|b1|b2|b3|b4|b5|b6|b7|b8|b9|b10|b11|b12|h22
SL,Serra Leoa,61,CR,SLCR61FL.DTA,D:\Repositórios\_dados_descartados_saude_mulher\completo\extraidos\Serra Leoa\Casais_CR\SLCR61DT\SLCR61FL.DTA,3725,19,caseid|v001|v002|v003|v005|v012|v024|v025|mv001|mv002|mv003|mv005|mv012|mv024|mv025|v106|v190|mv106|mv190
SL,Serra Leoa,61,MR,SLMR61FL.DTA,D:\Repositórios\_dados_descartados_saude_mulher\completo\extraidos\Serra Leoa\Homens_MR\SLMR61DT\SLMR61FL.DTA,7262,12,mcaseid|mv001|mv002|mv003|mv005|mv012|mv024|mv025|mv106|mv190|mv201|mv212
SN,Senegal,81,IR,SNIR81FL.DTA,D:\Repositórios\_dados_descartados_saude_mulher\completo\extraidos\Senegal\Saude_da_Mulher_IR\SNIR81DT\SNIR81FL.DTA,9414,100,caseid|v001|v002|v003|v005|v006|v007|v008|v008a|v012|v013|v024|v025|v106|v190|v201|v212|v301|v302|v302a|v304_01|v304_02|v304_03|v304_04|v304_05|v304_06|v304_07|v304_08|v304_09|v304_10|v304_11|v304_12|v304_13|v304_14|v304_15|v304_16|v304_17|v304_18|v304_19|v304_20|v305_01|v305_02|v305_03|v305_04|v305_05|v305_06|v305_07|v305_08|v305_09|v305_10|v305_11|v305_12|v305_13|v305_14|v305_15|v305_16|v305_17|v305_18|v305_19|v305_20|v307_01|v307_02|v307_03|v307_04|v307_05|v307_06|v307_07|v307_08|v307_09|v307_10|v307_11|v307_12|v307_13|v307_14|v307_15|v307_16|v307_17|v307_18|v307_19|v307_20|v312|v313|m3a_1|m3b_1|m4_1|m5_1|m13_1|m14_1|m15_1|m17_1|m18_1|m19_1|m34_1|m35_1|m36_1|m38_1|m39_1|v445|v453|v457
SN,Senegal,81,BR,SNBR81FL.DTA,D:\Repositórios\_dados_descartados_saude_mulher\completo\extraidos\Senegal\Nascimentos_BR\SNBR81DT\SNBR81FL.DTA,23913,44,caseid|bidx|v001|v002|v003|v005|bord|b0|b1|b2|b3|b4|b5|b6|b7|b8|b9|b10|b11|b12|b13|b15|b16|b17|b18|b19|b20|m3a|m3b|m4|m5|m6|m7|m13|m14|m15|m17|m18|m19|m34|m35|m36|m38|m39a
SN,Senegal,81,HR,SNHR81FL.DTA,D:\Repositórios\_dados_descartados_saude_mulher\completo\extraidos\Senegal\Domicilios_HR\SNHR81DT\SNHR81FL.DTA,4592,40,hhid|hv001|hv002|hv003|hv005|hv009|hv012|hv013|hv024|hv025|hv201|hv205|hv206|hv207|hv208|hv209|hv210|hv211|hv212|hv213|hv214|hv215|hv216|hv217|hv218|hv219|hv220|hv221|hv225|hv226|hv227|hv228|hv230a|hv232|hv234|hv235|hv237|hv240|hv270|hv271
SN,Senegal,81,PR,SNPR81FL.DTA,D:\Repositórios\_dados_descartados_saude_mulher\completo\extraidos\Senegal\Moradores_PR\SNPR81DT\SNPR81FL.DTA,43564,40,hhid|hvidx|hv001|hv002|hv003|hv004|hv005|hv009|hv012|hv013|hv024|hv025|hv101|hv102|hv103|hv104|hv105|hv106|hv107|hv108|hv109|hv110|hv111|hv112|hv113|hv114|hv115|hv116|hv117|hv118|hv120|hv121|hv122|hv123|hv124|hv125|hv126|hv127|hv128|hv129
SN,Senegal,81,KR,SNKR81FL.DTA,D:\Repositórios\_dados_descartados_saude_mulher\completo\extraidos\Senegal\Criancas_KR\SNKR81DT\SNKR81FL.DTA,6719,53,caseid|v001|v002|v003|v005|bidx|b0|b1|b2|b3|b4|b5|b6|b7|b8|b9|b10|b11|b12|m4|m5|m6|m7|m13|m14|m15|m17|m18|m19|m34|m35|m36|m38|m39a|h1|h2|h3|h4|h5|h6|h7|h8|h9|h10|h40|h11|h13|h22|h31|h34|h39|h42|h43
SN,Senegal,21,HW,SNHW21FL.DTA,D:\Repositórios\_dados_descartados_saude_mulher\completo\extraidos\Senegal\Antropometria_HW\SNHW21DT\SNHW21FL.DTA,5645,6,hwline|hwlevel|hc70|hc71|hc72|hc73
SN,Senegal,81,CR,SNCR81FL.DTA,D:\Repositórios\_dados_descartados_saude_mulher\completo\extraidos\Senegal\Casais_CR\SNCR81DT\SNCR81FL.DTA,1534,19,caseid|v001|v002|v003|v005|v012|v024|v025|mv001|mv002|mv003|mv005|mv012|mv024|mv025|v106|v190|mv106|mv190
SN,Senegal,81,MR,SNMR81FL.DTA,D:\Repositórios\_dados_descartados_saude_mulher\completo\extraidos\Senegal\Homens_MR\SNMR81DT\SNMR81FL.DTA,3762,12,mcaseid|mv001|mv002|mv003|mv005|mv012|mv024|mv025|mv106|mv190|mv201|mv212
SN,Senegal,22,SQ,SNSQ22FL.DTA,D:\Repositórios\_dados_descartados_saude_mulher\completo\extraidos\Senegal\Servicos_Saude_SQ\SNSQ22DT\SNSQ22FL.DTA,258,337,sqregion|sqdptarr|sqdr|sqlocal|sqnom|sqnbhab|sqdenqj|sqdenqm|sqfenqj|sqfenqm|sqnumenq|sqnbenqh|sqfonc1h|sqfonc2h|sqfonc3h|sqnbenqf|sqfonc1f|sqfonc2f|sqfonc3f|sq102|sq103|sq104|sq105|sq106|sq107|sq108|sq109|sq110|sq111|sq112|sqserv_1|sq113_1|sq114_1|sq115u_1|sq115n_1|sqserv_2|sq113_2|sq114_2|sq115u_2|sq115n_2|sqserv_3|sq113_3|sq114_3|sq115u_3|sq115n_3|sqserv_4|sq113_4|sq114_4|sq115u_4|sq115n_4|sqserv_5|sq113_5|sq114_5|sq115u_5|sq115n_5|sqserv_6|sq113_6|sq114_6|sq115u_6|sq115n_6|sqserv_7|sq113_7|sq114_7|sq115u_7|sq115n_7|sq201a01|sq201b01|sq202_01|sq203_01|sq204a01|sq204b01|sq205_01|sq207a01|sq207b01|sq207c01|sq207d01|sq207e01|sq207f01|sq207g01|sq207h01|sq208a01|sq208b01|sq208c01|sq208d01|sq208e01|sq208f01|sq208g01|sq208h01|sq208i01|sq201a02|sq201b02|sq202_02|sq203_02|sq204a02|sq204b02|sq205_02|sq207a02|sq207b02|sq207c02|sq207d02|sq207e02|sq207f02|sq207g02|sq207h02|sq208a02|sq208b02|sq208c02|sq208d02|sq208e02|sq208f02|sq208g02|sq208h02|sq208i02|sq201a03|sq201b03|sq202_03|sq203_03|sq204a03|sq204b03|sq205_03|sq207a03|sq207b03|sq207c03|sq207d03|sq207e03|sq207f03|sq207g03|sq207h03|sq208a03|sq208b03|sq208c03|sq208d03|sq208e03|sq208f03|sq208g03|sq208h03|sq208i03|sq201a04|sq201b04|sq202_04|sq203_04|sq204a04|sq204b04|sq205_04|sq207a04|sq207b04|sq207c04|sq207d04|sq207e04|sq207f04|sq207g04|sq207h04|sq208a04|sq208b04|sq208c04|sq208d04|sq208e04|sq208f04|sq208g04|sq208h04|sq208i04|sq201a05|sq201b05|sq202_05|sq203_05|sq204a05|sq204b05|sq205_05|sq207a05|sq207b05|sq207c05|sq207d05|sq207e05|sq207f05|sq207g05|sq207h05|sq208a05|sq208b05|sq208c05|sq208d05|sq208e05|sq208f05|sq208g05|sq208h05|sq208i05|sq201a06|sq201b06|sq202_06|sq203_06|sq204a06|sq204b06|sq205_06|sq207a06|sq207b06|sq207c06|sq207d06|sq207e06|sq207f06|sq207g06|sq207h06|sq208a06|sq208b06|sq208c06|sq208d06|sq208e06|sq208f06|sq208g06|sq208h06|sq208i06|sq201a07|sq201b07|sq202_07|sq203_07|sq204a07|sq204b07|sq205_07|sq207a07|sq207b07|sq207c07|sq207d07|sq207e07|sq207f07|sq207g07|sq207h07|sq208a07|sq208b07|sq208c07|sq208d07|sq208e07|sq208f07|sq208g07|sq208h07|sq208i07|sq201a08|sq201b08|sq202_08|sq203_08|sq204a08|sq204b08|sq205_08|sq207a08|sq207b08|sq207c08|sq207d08|sq207e08|sq207f08|sq207g08|sq207h08|sq208a08|sq208b08|sq208c08|sq208d08|sq208e08|sq208f08|sq208g08|sq208h08|sq208i08|sq201a09|sq201b09|sq202_09|sq203_09|sq204a09|sq204b09|sq205_09|sq207a09|sq207b09|sq207c09|sq207d09|sq207e09|sq207f09|sq207g09|sq207h09|sq208a09|sq208b09|sq208c09|sq208d09|sq208e09|sq208f09|sq208g09|sq208h09|sq208i09|sq201a10|sq201b10|sq202_10|sq203_10|sq204a10|sq204b10|sq205_10|sq207a10|sq207b10|sq207c10|sq207d10|sq207e10|sq207f10|sq207g10|sq207h10|sq208a10|sq208b10|sq208c10|sq208d10|sq208e10|sq208f10|sq208g10|sq208h10|sq208i10|sq201a11|sq201b11|sq202_11|sq203_11|sq204a11|sq204b11|sq205_11|sq207a11|sq207b11|sq207c11|sq207d11|sq207e11|sq207f11|sq207g11|sq207h11|sq208a11|sq208b11|sq208c11|sq208d11|sq208e11|sq208f11|sq208g11|sq208h11|sq208i11|sq209a|sq209b|sq209c|sq209d|sq210a|sq210b|sq210c|sq210d
SN,Senegal,32,WI,SNWI32FL.DTA,D:\Repositórios\_dados_descartados_saude_mulher\completo\extraidos\Senegal\Riqueza_WI\SNWI32DT\SNWI32FL.DTA,4772,3,whhid|wlthindf|wlthind5
ST,São Tomé e Príncipe,51,IR,STIR51FL.DTA,D:\Repositórios\_dados_descartados_saude_mulher\completo\extraidos\São Tomé e Príncipe\Saude_da_Mulher_IR\STIR51DT\STIR51FL.DTA,2615,98,caseid|v001|v002|v003|v005|v006|v007|v008|v012|v013|v024|v025|v106|v190|v201|v212|v301|v302|v304_01|v304_02|v304_03|v304_04|v304_05|v304_06|v304_07|v304_08|v304_09|v304_10|v304_11|v304_12|v304_13|v304_14|v304_15|v304_16|v304_17|v304_18|v304_19|v304_20|v305_01|v305_02|v305_03|v305_04|v305_05|v305_06|v305_07|v305_08|v305_09|v305_10|v305_11|v305_12|v305_13|v305_14|v305_15|v305_16|v305_17|v305_18|v305_19|v305_20|v307_01|v307_02|v307_03|v307_04|v307_05|v307_06|v307_07|v307_08|v307_09|v307_10|v307_11|v307_12|v307_13|v307_14|v307_15|v307_16|v307_17|v307_18|v307_19|v307_20|v312|v313|m3a_1|m3b_1|m4_1|m5_1|m13_1|m14_1|m15_1|m17_1|m18_1|m19_1|m34_1|m35_1|m36_1|m38_1|m39_1|v445|v453|v457
ST,São Tomé e Príncipe,51,BR,STBR51FL.DTA,D:\Repositórios\_dados_descartados_saude_mulher\completo\extraidos\São Tomé e Príncipe\Nascimentos_BR\STBR51DT\STBR51FL.DTA,7620,39,caseid|bidx|v001|v002|v003|v005|bord|b0|b1|b2|b3|b4|b5|b6|b7|b8|b9|b10|b11|b12|b13|b15|b16|m3a|m3b|m4|m5|m6|m7|m13|m14|m15|m17|m18|m19|m34|m35|m36|m38
ST,São Tomé e Príncipe,51,HR,STHR51FL.DTA,D:\Repositórios\_dados_descartados_saude_mulher\completo\extraidos\São Tomé e Príncipe\Domicilios_HR\STHR51DT\STHR51FL.DTA,3536,38,hhid|hv001|hv002|hv003|hv005|hv009|hv012|hv013|hv024|hv025|hv201|hv205|hv206|hv207|hv208|hv209|hv210|hv211|hv212|hv213|hv214|hv215|hv216|hv217|hv218|hv219|hv220|hv221|hv225|hv226|hv227|hv228|hv234|hv235|hv237|hv240|hv270|hv271
ST,São Tomé e Príncipe,51,PR,STPR51FL.DTA,D:\Repositórios\_dados_descartados_saude_mulher\completo\extraidos\São Tomé e Príncipe\Moradores_PR\STPR51DT\STPR51FL.DTA,13430,40,hhid|hvidx|hv001|hv002|hv003|hv004|hv005|hv009|hv012|hv013|hv024|hv025|hv101|hv102|hv103|hv104|hv105|hv106|hv107|hv108|hv109|hv110|hv111|hv112|hv113|hv114|hv115|hv116|hv117|hv118|hv120|hv121|hv122|hv123|hv124|hv125|hv126|hv127|hv128|hv129
ST,São Tomé e Príncipe,51,KR,STKR51FL.DTA,D:\Repositórios\_dados_descartados_saude_mulher\completo\extraidos\São Tomé e Príncipe\Criancas_KR\STKR51DT\STKR51FL.DTA,1931,52,caseid|v001|v002|v003|v005|bidx|b0|b1|b2|b3|b4|b5|b6|b7|b8|b9|b10|b11|b12|m4|m5|m6|m7|m13|m14|m15|m17|m18|m19|m34|m35|m36|m38|h1|h2|h3|h4|h5|h6|h7|h8|h9|h10|h11|h13|h22|h31|h34|h39|h40|h42|h43
ST,São Tomé e Príncipe,51,CR,STCR51FL.DTA,D:\Repositórios\_dados_descartados_saude_mulher\completo\extraidos\São Tomé e Príncipe\Casais_CR\STCR51DT\STCR51FL.DTA,932,19,caseid|v001|v002|v003|v005|v012|v024|v025|mv001|mv002|mv003|mv005|mv012|mv024|mv025|v106|v190|mv106|mv190
ST,São Tomé e Príncipe,51,MR,STMR51FL.DTA,D:\Repositórios\_dados_descartados_saude_mulher\completo\extraidos\São Tomé e Príncipe\Homens_MR\STMR51DT\STMR51FL.DTA,2296,12,mcaseid|mv001|mv002|mv003|mv005|mv012|mv024|mv025|mv106|mv190|mv201|mv212
SZ,Eswatini (Suazilândia),51,IR,szir51fl.dta,D:\Repositórios\_dados_descartados_saude_mulher\completo\extraidos\Eswatini (Suazilândia)\Saude_da_Mulher_IR\SZIR51DT\szir51fl.dta,4987,98,caseid|v001|v002|v003|v005|v006|v007|v008|v012|v013|v024|v025|v106|v190|v201|v212|v301|v302|v304_01|v304_02|v304_03|v304_04|v304_05|v304_06|v304_07|v304_08|v304_09|v304_10|v304_11|v304_12|v304_13|v304_14|v304_15|v304_16|v304_17|v304_18|v304_19|v304_20|v305_01|v305_02|v305_03|v305_04|v305_05|v305_06|v305_07|v305_08|v305_09|v305_10|v305_11|v305_12|v305_13|v305_14|v305_15|v305_16|v305_17|v305_18|v305_19|v305_20|v307_01|v307_02|v307_03|v307_04|v307_05|v307_06|v307_07|v307_08|v307_09|v307_10|v307_11|v307_12|v307_13|v307_14|v307_15|v307_16|v307_17|v307_18|v307_19|v307_20|v312|v313|m3a_1|m3b_1|m4_1|m5_1|m13_1|m14_1|m15_1|m17_1|m18_1|m19_1|m34_1|m35_1|m36_1|m38_1|m39_1|v445|v453|v457
SZ,Eswatini (Suazilândia),51,BR,SZBR51FL.DTA,D:\Repositórios\_dados_descartados_saude_mulher\completo\extraidos\Eswatini (Suazilândia)\Nascimentos_BR\SZBR51DT\SZBR51FL.DTA,11410,39,caseid|bidx|v001|v002|v003|v005|bord|b0|b1|b2|b3|b4|b5|b6|b7|b8|b9|b10|b11|b12|b13|b15|b16|m3a|m3b|m4|m5|m6|m7|m13|m14|m15|m17|m18|m19|m34|m35|m36|m38
SZ,Eswatini (Suazilândia),51,HR,szhr51fl.dta,D:\Repositórios\_dados_descartados_saude_mulher\completo\extraidos\Eswatini (Suazilândia)\Domicilios_HR\SZHR51DT\szhr51fl.dta,4843,38,hhid|hv001|hv002|hv003|hv005|hv009|hv012|hv013|hv024|hv025|hv201|hv205|hv206|hv207|hv208|hv209|hv210|hv211|hv212|hv213|hv214|hv215|hv216|hv217|hv218|hv219|hv220|hv221|hv225|hv226|hv227|hv228|hv234|hv235|hv237|hv240|hv270|hv271
SZ,Eswatini (Suazilândia),51,KR,SZKR51FL.DTA,D:\Repositórios\_dados_descartados_saude_mulher\completo\extraidos\Eswatini (Suazilândia)\Criancas_KR\SZKR51DT\SZKR51FL.DTA,2812,52,caseid|v001|v002|v003|v005|bidx|b0|b1|b2|b3|b4|b5|b6|b7|b8|b9|b10|b11|b12|m4|m5|m6|m7|m13|m14|m15|m17|m18|m19|m34|m35|m36|m38|h1|h2|h3|h4|h5|h6|h7|h8|h9|h10|h11|h13|h22|h31|h34|h39|h40|h42|h43
SZ,Eswatini (Suazilândia),51,CR,szcr51fl.dta,D:\Repositórios\_dados_descartados_saude_mulher\completo\extraidos\Eswatini (Suazilândia)\Casais_CR\SZCR51DT\szcr51fl.dta,802,19,caseid|v001|v002|v003|v005|v012|v024|v025|mv001|mv002|mv003|mv005|mv012|mv024|mv025|v106|v190|mv106|mv190
SZ,Eswatini (Suazilândia),51,MR,szmr51fl.dta,D:\Repositórios\_dados_descartados_saude_mulher\completo\extraidos\Eswatini (Suazilândia)\Homens_MR\SZMR51DT\szmr51fl.dta,4156,12,mcaseid|mv001|mv002|mv003|mv005|mv012|mv024|mv025|mv106|mv190|mv201|mv212
TD,Chade,71,IR,TDIR71FL.DTA,D:\Repositórios\_dados_descartados_saude_mulher\completo\extraidos\Chade\Saude_da_Mulher_IR\TDIR71DT\TDIR71FL.DTA,17719,99,caseid|v001|v002|v003|v005|v006|v007|v008|v012|v013|v024|v025|v106|v190|v201|v212|v301|v302|v302a|v304_01|v304_02|v304_03|v304_04|v304_05|v304_06|v304_07|v304_08|v304_09|v304_10|v304_11|v304_12|v304_13|v304_14|v304_15|v304_16|v304_17|v304_18|v304_19|v304_20|v305_01|v305_02|v305_03|v305_04|v305_05|v305_06|v305_07|v305_08|v305_09|v305_10|v305_11|v305_12|v305_13|v305_14|v305_15|v305_16|v305_17|v305_18|v305_19|v305_20|v307_01|v307_02|v307_03|v307_04|v307_05|v307_06|v307_07|v307_08|v307_09|v307_10|v307_11|v307_12|v307_13|v307_14|v307_15|v307_16|v307_17|v307_18|v307_19|v307_20|v312|v313|m3a_1|m3b_1|m4_1|m5_1|m13_1|m14_1|m15_1|m17_1|m18_1|m19_1|m34_1|m35_1|m36_1|m38_1|m39_1|v445|v453|v457
TD,Chade,71,BR,TDBR71FL.DTA,D:\Repositórios\_dados_descartados_saude_mulher\completo\extraidos\Chade\Nascimentos_BR\TDBR71DT\TDBR71FL.DTA,68989,40,caseid|bidx|v001|v002|v003|v005|bord|b0|b1|b2|b3|b4|b5|b6|b7|b8|b9|b10|b11|b12|b13|b15|b16|m3a|m3b|m4|m5|m6|m7|m13|m14|m15|m17|m18|m19|m34|m35|m36|m38|m39a
TD,Chade,71,HR,TDHR71FL.DTA,D:\Repositórios\_dados_descartados_saude_mulher\completo\extraidos\Chade\Domicilios_HR\TDHR71DT\TDHR71FL.DTA,17233,40,hhid|hv001|hv002|hv003|hv005|hv009|hv012|hv013|hv024|hv025|hv201|hv205|hv206|hv207|hv208|hv209|hv210|hv211|hv212|hv213|hv214|hv215|hv216|hv217|hv218|hv219|hv220|hv221|hv225|hv226|hv227|hv228|hv230a|hv232|hv234|hv235|hv237|hv240|hv270|hv271
TD,Chade,71,PR,TDPR71FL.DTA,D:\Repositórios\_dados_descartados_saude_mulher\completo\extraidos\Chade\Moradores_PR\TDPR71DT\TDPR71FL.DTA,99620,40,hhid|hvidx|hv001|hv002|hv003|hv004|hv005|hv009|hv012|hv013|hv024|hv025|hv101|hv102|hv103|hv104|hv105|hv106|hv107|hv108|hv109|hv110|hv111|hv112|hv113|hv114|hv115|hv116|hv117|hv118|hv120|hv121|hv122|hv123|hv124|hv125|hv126|hv127|hv128|hv129
TD,Chade,71,KR,TDKR71FL.DTA,D:\Repositórios\_dados_descartados_saude_mulher\completo\extraidos\Chade\Criancas_KR\TDKR71DT\TDKR71FL.DTA,18623,53,caseid|v001|v002|v003|v005|bidx|b0|b1|b2|b3|b4|b5|b6|b7|b8|b9|b10|b11|b12|m4|m5|m6|m7|m13|m14|m15|m17|m18|m19|m34|m35|m36|m38|m39a|h1|h2|h3|h4|h5|h6|h7|h8|h9|h10|h11|h13|h22|h31|h34|h39|h40|h42|h43
TD,Chade,41,HW,TDHW41FL.DTA,D:\Repositórios\_dados_descartados_saude_mulher\completo\extraidos\Chade\Antropometria_HW\TDHW41DT\TDHW41FL.DTA,5635,6,hwline|hwlevel|hc70|hc71|hc72|hc73
TD,Chade,71,CR,TDCR71FL.DTA,D:\Repositórios\_dados_descartados_saude_mulher\completo\extraidos\Chade\Casais_CR\TDCR71DT\TDCR71FL.DTA,3050,19,caseid|v001|v002|v003|v005|v012|v024|v025|mv001|mv002|mv003|mv005|mv012|mv024|mv025|v106|v190|mv106|mv190
TD,Chade,71,MR,TDMR71FL.DTA,D:\Repositórios\_dados_descartados_saude_mulher\completo\extraidos\Chade\Homens_MR\TDMR71DT\TDMR71FL.DTA,5248,12,mcaseid|mv001|mv002|mv003|mv005|mv012|mv024|mv025|mv106|mv190|mv201|mv212
TD,Chade,41,SQ,TDSQ41FL.DTA,D:\Repositórios\_dados_descartados_saude_mulher\completo\extraidos\Chade\Servicos_Saude_SQ\TDSQ41DT\TDSQ41FL.DTA,193,1,dep
TD,Chade,31,WI,TDWI31FL.DTA,D:\Repositórios\_dados_descartados_saude_mulher\completo\extraidos\Chade\Riqueza_WI\TDWI31DT\TDWI31FL.DTA,6840,3,whhid|wlthindf|wlthind5
TG,Togo,71,IR,TGIR71FL.DTA,D:\Repositórios\_dados_descartados_saude_mulher\completo\extraidos\Togo\Saude_da_Mulher_IR\TGIR71DT\TGIR71FL.DTA,4674,18,caseid|v001|v002|v003|v005|v006|v007|v008|v008a|v012|v013|v024|v025|v106|v190|v201|v453|v457
TG,Togo,71,HR,TGHR71FL.DTA,D:\Repositórios\_dados_descartados_saude_mulher\completo\extraidos\Togo\Domicilios_HR\TGHR71DT\TGHR71FL.DTA,4909,35,hhid|hv001|hv002|hv003|hv005|hv009|hv012|hv013|hv024|hv025|hv201|hv205|hv206|hv207|hv208|hv209|hv210|hv211|hv212|hv213|hv214|hv215|hv216|hv217|hv218|hv219|hv220|hv221|hv225|hv226|hv227|hv228|hv235|hv270|hv271
TG,Togo,71,PR,TGPR71FL.DTA,D:\Repositórios\_dados_descartados_saude_mulher\completo\extraidos\Togo\Moradores_PR\TGPR71DT\TGPR71FL.DTA,22944,21,hhid|hvidx|hv001|hv002|hv003|hv004|hv005|hv009|hv012|hv013|hv024|hv025|hv101|hv102|hv103|hv104|hv105|hv115|hv116|hv117|hv120
TG,Togo,71,KR,TGKR71FL.DTA,D:\Repositórios\_dados_descartados_saude_mulher\completo\extraidos\Togo\Criancas_KR\TGKR71DT\TGKR71FL.DTA,3415,21,caseid|v001|v002|v003|v005|bidx|b0|b1|b2|b3|b4|b5|b6|b7|b8|b9|b10|b11|b12|h22|h31
TG,Togo,31,HW,TGHW31FL.DTA,D:\Repositórios\_dados_descartados_saude_mulher\completo\extraidos\Togo\Antropometria_HW\TGHW31DT\TGHW31FL.DTA,4168,6,hwline|hwlevel|hc70|hc71|hc72|hc73
TG,Togo,61,CR,TGCR61FL.DTA,D:\Repositórios\_dados_descartados_saude_mulher\completo\extraidos\Togo\Casais_CR\TGCR61DT\TGCR61FL.DTA,2270,19,caseid|v001|v002|v003|v005|v012|v024|v025|mv001|mv002|mv003|mv005|mv012|mv024|mv025|v106|v190|mv106|mv190
TG,Togo,61,MR,TGMR61FL.DTA,D:\Repositórios\_dados_descartados_saude_mulher\completo\extraidos\Togo\Homens_MR\TGMR61DT\TGMR61FL.DTA,4476,12,mcaseid|mv001|mv002|mv003|mv005|mv012|mv024|mv025|mv106|mv190|mv201|mv212
TG,Togo,01,SQ,TGSQ01FL.DTA,D:\Repositórios\_dados_descartados_saude_mulher\completo\extraidos\Togo\Servicos_Saude_SQ\TGSQ01DT\TGSQ01FL.DTA,106,40,localite|q02|q03|q04|q05a|q05b|q05c|q05d|q05e|q05f|q06|q07a|q07b|q07c|q07d|q07e|unwtresp|wtresp|marresp|marwtrsp|q21_01|q22_01|q23_01|q24_01|q25_01|q21_02|q22_02|q23_02|q24_02|q25_02|q21_03|q22_03|q23_03|q24_03|q25_03|q21_04|q22_04|q23_04|q24_04|q25_04
TG,Togo,31,WI,TGWI31FL.DTA,D:\Repositórios\_dados_descartados_saude_mulher\completo\extraidos\Togo\Riqueza_WI\TGWI31DT\TGWI31FL.DTA,7517,3,whhid|wlthindf|wlthind5
TZ,Tanzânia,82,IR,TZIR82FL.DTA,D:\Repositórios\_dados_descartados_saude_mulher\completo\extraidos\Tanzânia\Saude_da_Mulher_IR\TZIR82DT\TZIR82FL.DTA,15254,100,caseid|v001|v002|v003|v005|v006|v007|v008|v008a|v012|v013|v024|v025|v106|v190|v201|v212|v301|v302|v302a|v304_01|v304_02|v304_03|v304_04|v304_05|v304_06|v304_07|v304_08|v304_09|v304_10|v304_11|v304_12|v304_13|v304_14|v304_15|v304_16|v304_17|v304_18|v304_19|v304_20|v305_01|v305_02|v305_03|v305_04|v305_05|v305_06|v305_07|v305_08|v305_09|v305_10|v305_11|v305_12|v305_13|v305_14|v305_15|v305_16|v305_17|v305_18|v305_19|v305_20|v307_01|v307_02|v307_03|v307_04|v307_05|v307_06|v307_07|v307_08|v307_09|v307_10|v307_11|v307_12|v307_13|v307_14|v307_15|v307_16|v307_17|v307_18|v307_19|v307_20|v312|v313|m3a_1|m3b_1|m4_1|m5_1|m13_1|m14_1|m15_1|m17_1|m18_1|m19_1|m34_1|m35_1|m36_1|m38_1|m39_1|v445|v453|v457
TZ,Tanzânia,82,BR,TZBR82FL.DTA,D:\Repositórios\_dados_descartados_saude_mulher\completo\extraidos\Tanzânia\Nascimentos_BR\TZBR82DT\TZBR82FL.DTA,40394,45,caseid|bidx|v001|v002|v003|v005|bord|b0|b1|b2|b3|b4|b5|b6|b7|b8|b9|b10|b11|b12|b13|b15|b16|b17|b18|b19|b20|b21|m3a|m3b|m4|m5|m6|m7|m13|m14|m15|m17|m18|m19|m34|m35|m36|m38|m39a
TZ,Tanzânia,82,HR,TZHR82FL.DTA,D:\Repositórios\_dados_descartados_saude_mulher\completo\extraidos\Tanzânia\Domicilios_HR\TZHR82DT\TZHR82FL.DTA,15705,43,hhid|hv001|hv002|hv003|hv005|hv009|hv012|hv013|hv024|hv025|hv201|hv205|hv206|hv207|hv208|hv209|hv210|hv211|hv212|hv213|hv214|hv215|hv216|hv217|hv218|hv219|hv220|hv221|hv222|hv223|hv225|hv226|hv227|hv228|hv230a|hv232|hv234|hv235|hv236a|hv237|hv240|hv270|hv271
TZ,Tanzânia,82,PR,TZPR82FL.DTA,D:\Repositórios\_dados_descartados_saude_mulher\completo\extraidos\Tanzânia\Moradores_PR\TZPR82DT\TZPR82FL.DTA,73774,40,hhid|hvidx|hv001|hv002|hv003|hv004|hv005|hv009|hv012|hv013|hv024|hv025|hv101|hv102|hv103|hv104|hv105|hv106|hv107|hv108|hv109|hv110|hv111|hv112|hv113|hv114|hv115|hv116|hv117|hv118|hv120|hv121|hv122|hv123|hv124|hv125|hv126|hv127|hv128|hv129
TZ,Tanzânia,82,KR,TZKR82FL.DTA,D:\Repositórios\_dados_descartados_saude_mulher\completo\extraidos\Tanzânia\Criancas_KR\TZKR82DT\TZKR82FL.DTA,10783,54,caseid|bidx|v001|v002|v003|v005|bidxp|b0|b1|b2|b3|b4|b5|b6|b7|b8|b9|b10|b11|b12|m4|m5|m6|m7|m13|m14|m15|m17|m18|m19|m34|m35|m36|m38|m39a|h1|h2|h3|h4|h5|h6|h7|h8|h9|h10|h40|h11|h13|h22|h31|h34|h39|h42|h43
TZ,Tanzânia,41,HW,TZHW41FL.DTA,D:\Repositórios\_dados_descartados_saude_mulher\completo\extraidos\Tanzânia\Antropometria_HW\TZHW41DT\TZHW41FL.DTA,3215,6,hwline|hwlevel|hc70|hc71|hc72|hc73
TZ,Tanzânia,82,CR,TZCR82FL.DTA,D:\Repositórios\_dados_descartados_saude_mulher\completo\extraidos\Tanzânia\Casais_CR\TZCR82DT\TZCR82FL.DTA,2531,19,caseid|v001|v002|v003|v005|v012|v024|v025|mv001|mv002|mv003|mv005|mv012|mv024|mv025|v106|v190|mv106|mv190
TZ,Tanzânia,82,MR,TZMR82FL.DTA,D:\Repositórios\_dados_descartados_saude_mulher\completo\extraidos\Tanzânia\Homens_MR\TZMR82DT\TZMR82FL.DTA,5763,12,mcaseid|mv001|mv002|mv003|mv005|mv012|mv024|mv025|mv106|mv190|mv201|mv212
TZ,Tanzânia,21,SQ,TZSQ21FL.DTA,D:\Repositórios\_dados_descartados_saude_mulher\completo\extraidos\Tanzânia\Servicos_Saude_SQ\TZSQ21DT\TZSQ21FL.DTA,357,40,ccluster|cregion|cdistrct|cward|cenum|curbrur|clocalty|cintcode|cstartdy|cstartmo|cendday|cendmo|c101|c102|c103|c104|c105|c106|c107|c108|c109|c110|c111|c112|c113|c114|c115_1|c116_1|c117h_1|c117m_1|c115_2|c116_2|c117h_2|c117m_2|c115_3|c116_3|c117h_3|c117m_3|c115_4|c116_4
TZ,Tanzânia,41,WI,TZWI41FL.DTA,D:\Repositórios\_dados_descartados_saude_mulher\completo\extraidos\Tanzânia\Riqueza_WI\TZWI41DT\TZWI41FL.DTA,3615,3,whhid|wlthindf|wlthind5
ZA,África do Sul,71,IR,ZAIR71FL.DTA,D:\Repositórios\_dados_descartados_saude_mulher\completo\extraidos\África do Sul\Saude_da_Mulher_IR\ZAIR71DT\ZAIR71FL.DTA,8514,100,caseid|v001|v002|v003|v005|v006|v007|v008|v008a|v012|v013|v024|v025|v106|v190|v201|v212|v301|v302|v302a|v304_01|v304_02|v304_03|v304_04|v304_05|v304_06|v304_07|v304_08|v304_09|v304_10|v304_11|v304_12|v304_13|v304_14|v304_15|v304_16|v304_17|v304_18|v304_19|v304_20|v305_01|v305_02|v305_03|v305_04|v305_05|v305_06|v305_07|v305_08|v305_09|v305_10|v305_11|v305_12|v305_13|v305_14|v305_15|v305_16|v305_17|v305_18|v305_19|v305_20|v307_01|v307_02|v307_03|v307_04|v307_05|v307_06|v307_07|v307_08|v307_09|v307_10|v307_11|v307_12|v307_13|v307_14|v307_15|v307_16|v307_17|v307_18|v307_19|v307_20|v312|v313|m3a_1|m3b_1|m4_1|m5_1|m13_1|m14_1|m15_1|m17_1|m18_1|m19_1|m34_1|m35_1|m36_1|m38_1|m39_1|v445|v453|v457
ZA,África do Sul,71,BR,ZABR71FL.DTA,D:\Repositórios\_dados_descartados_saude_mulher\completo\extraidos\África do Sul\Nascimentos_BR\ZABR71DT\ZABR71FL.DTA,14144,44,caseid|bidx|v001|v002|v003|v005|bord|b0|b1|b2|b3|b4|b5|b6|b7|b8|b9|b10|b11|b12|b13|b15|b16|b17|b18|b19|b20|m3a|m3b|m4|m5|m6|m7|m13|m14|m15|m17|m18|m19|m34|m35|m36|m38|m39a
ZA,África do Sul,71,HR,ZAHR71FL.DTA,D:\Repositórios\_dados_descartados_saude_mulher\completo\extraidos\África do Sul\Domicilios_HR\ZAHR71DT\ZAHR71FL.DTA,11083,40,hhid|hv001|hv002|hv003|hv005|hv009|hv012|hv013|hv024|hv025|hv201|hv205|hv206|hv207|hv208|hv209|hv210|hv211|hv212|hv213|hv214|hv215|hv216|hv217|hv218|hv219|hv220|hv221|hv225|hv226|hv227|hv228|hv230a|hv232|hv234|hv235|hv237|hv240|hv270|hv271
ZA,África do Sul,71,PR,ZAPR71FL.DTA,D:\Repositórios\_dados_descartados_saude_mulher\completo\extraidos\África do Sul\Moradores_PR\ZAPR71DT\ZAPR71FL.DTA,38850,40,hhid|hvidx|hv001|hv002|hv003|hv004|hv005|hv009|hv012|hv013|hv024|hv025|hv101|hv102|hv103|hv104|hv105|hv106|hv107|hv108|hv109|hv110|hv111|hv112|hv113|hv114|hv115|hv116|hv117|hv118|hv120|hv121|hv122|hv123|hv124|hv125|hv126|hv127|hv128|hv129
ZA,África do Sul,71,KR,ZAKR71FL.DTA,D:\Repositórios\_dados_descartados_saude_mulher\completo\extraidos\África do Sul\Criancas_KR\ZAKR71DT\ZAKR71FL.DTA,3548,53,caseid|v001|v002|v003|v005|bidx|b0|b1|b2|b3|b4|b5|b6|b7|b8|b9|b10|b11|b12|m4|m5|m6|m7|m13|m14|m15|m17|m18|m19|m34|m35|m36|m38|m39a|h1|h2|h3|h4|h5|h6|h7|h8|h9|h10|h40|h11|h13|h22|h31|h34|h39|h42|h43
ZA,África do Sul,71,CR,ZACR71FL.DTA,D:\Repositórios\_dados_descartados_saude_mulher\completo\extraidos\África do Sul\Casais_CR\ZACR71DT\ZACR71FL.DTA,663,19,caseid|v001|v002|v003|v005|v012|v024|v025|mv001|mv002|mv003|mv005|mv012|mv024|mv025|v106|v190|mv106|mv190
ZA,África do Sul,71,MR,ZAMR71FL.DTA,D:\Repositórios\_dados_descartados_saude_mulher\completo\extraidos\África do Sul\Homens_MR\ZAMR71DT\ZAMR71FL.DTA,3618,12,mcaseid|mv001|mv002|mv003|mv005|mv012|mv024|mv025|mv106|mv190|mv201|mv212
ZA,África do Sul,31,WI,ZAWI31FL.DTA,D:\Repositórios\_dados_descartados_saude_mulher\completo\extraidos\África do Sul\Riqueza_WI\ZAWI31DT\ZAWI31FL.DTA,12247,3,whhid|wlthindf|wlthind5
ZM,Zâmbia,81,IR,ZMIR81FL.dta,D:\Repositórios\_dados_descartados_saude_mulher\completo\extraidos\Zâmbia\Saude_da_Mulher_IR\ZMIR81DT\ZMIR81FL.dta,13951,100,caseid|v001|v002|v003|v005|v006|v007|v008|v008a|v012|v013|v024|v025|v106|v190|v201|v212|v301|v302|v302a|v304_01|v304_02|v304_03|v304_04|v304_05|v304_06|v304_07|v304_08|v304_09|v304_10|v304_11|v304_12|v304_13|v304_14|v304_15|v304_16|v304_17|v304_18|v304_19|v304_20|v305_01|v305_02|v305_03|v305_04|v305_05|v305_06|v305_07|v305_08|v305_09|v305_10|v305_11|v305_12|v305_13|v305_14|v305_15|v305_16|v305_17|v305_18|v305_19|v305_20|v307_01|v307_02|v307_03|v307_04|v307_05|v307_06|v307_07|v307_08|v307_09|v307_10|v307_11|v307_12|v307_13|v307_14|v307_15|v307_16|v307_17|v307_18|v307_19|v307_20|v312|v313|m3a_1|m3b_1|m4_1|m5_1|m13_1|m14_1|m15_1|m17_1|m18_1|m19_1|m34_1|m35_1|m36_1|m38_1|m39_1|v445|v453|v457
ZM,Zâmbia,81,BR,ZMBR81FL.dta,D:\Repositórios\_dados_descartados_saude_mulher\completo\extraidos\Zâmbia\Nascimentos_BR\ZMBR81DT\ZMBR81FL.dta,35610,45,caseid|bidx|v001|v002|v003|v005|bord|b0|b1|b2|b3|b4|b5|b6|b7|b8|b9|b10|b11|b12|b13|b15|b16|b17|b18|b19|b20|b21|m3a|m3b|m4|m5|m6|m7|m13|m14|m15|m17|m18|m19|m34|m35|m36|m38|m39a
ZM,Zâmbia,81,HR,ZMHR81FL.dta,D:\Repositórios\_dados_descartados_saude_mulher\completo\extraidos\Zâmbia\Domicilios_HR\ZMHR81DT\ZMHR81FL.dta,12808,43,hhid|hv001|hv002|hv003|hv005|hv009|hv012|hv013|hv024|hv025|hv201|hv205|hv206|hv207|hv208|hv209|hv210|hv211|hv212|hv213|hv214|hv215|hv216|hv217|hv218|hv219|hv220|hv221|hv222|hv223|hv225|hv226|hv227|hv228|hv230a|hv232|hv234|hv235|hv236a|hv237|hv240|hv270|hv271
ZM,Zâmbia,81,PR,ZMPR81FL.dta,D:\Repositórios\_dados_descartados_saude_mulher\completo\extraidos\Zâmbia\Moradores_PR\ZMPR81DT\ZMPR81FL.dta,61646,40,hhid|hvidx|hv001|hv002|hv003|hv004|hv005|hv009|hv012|hv013|hv024|hv025|hv101|hv102|hv103|hv104|hv105|hv106|hv107|hv108|hv109|hv110|hv111|hv112|hv113|hv114|hv115|hv116|hv117|hv118|hv120|hv121|hv122|hv123|hv124|hv125|hv126|hv127|hv128|hv129
ZM,Zâmbia,81,KR,ZMKR81FL.dta,D:\Repositórios\_dados_descartados_saude_mulher\completo\extraidos\Zâmbia\Criancas_KR\ZMKR81DT\ZMKR81FL.dta,8673,54,caseid|bidx|v001|v002|v003|v005|bidxp|b0|b1|b2|b3|b4|b5|b6|b7|b8|b9|b10|b11|b12|m4|m5|m6|m7|m13|m14|m15|m17|m18|m19|m34|m35|m36|m38|m39a|h1|h2|h3|h4|h5|h6|h7|h8|h9|h10|h40|h11|h13|h22|h31|h34|h39|h42|h43
ZM,Zâmbia,42,HW,ZMHW42FL.DTA,D:\Repositórios\_dados_descartados_saude_mulher\completo\extraidos\Zâmbia\Antropometria_HW\ZMHW42DT\ZMHW42FL.DTA,6660,7,hwhhid|hwline|hwlevel|hc70|hc71|hc72|hc73
ZM,Zâmbia,81,CR,ZMCR81FL.dta,D:\Repositórios\_dados_descartados_saude_mulher\completo\extraidos\Zâmbia\Casais_CR\ZMCR81DT\ZMCR81FL.dta,5515,19,caseid|v001|v002|v003|v005|v012|v024|v025|mv001|mv002|mv003|mv005|mv012|mv024|mv025|v106|v190|mv106|mv190
ZM,Zâmbia,81,MR,ZMMR81FL.dta,D:\Repositórios\_dados_descartados_saude_mulher\completo\extraidos\Zâmbia\Homens_MR\ZMMR81DT\ZMMR81FL.dta,12585,12,mcaseid|mv001|mv002|mv003|mv005|mv012|mv024|mv025|mv106|mv190|mv201|mv212
ZM,Zâmbia,41,WI,ZMWI41FL.DTA,D:\Repositórios\_dados_descartados_saude_mulher\completo\extraidos\Zâmbia\Riqueza_WI\ZMWI41DT\ZMWI41FL.DTA,7126,3,whhid|wlthindf|wlthind5
ZW,Zimbábue,72,IR,ZWIR72FL.DTA,D:\Repositórios\_dados_descartados_saude_mulher\completo\extraidos\Zimbábue\Saude_da_Mulher_IR\ZWIR72DT\ZWIR72FL.DTA,9955,100,caseid|v001|v002|v003|v005|v006|v007|v008|v008a|v012|v013|v024|v025|v106|v190|v201|v212|v301|v302|v302a|v304_01|v304_02|v304_03|v304_04|v304_05|v304_06|v304_07|v304_08|v304_09|v304_10|v304_11|v304_12|v304_13|v304_14|v304_15|v304_16|v304_17|v304_18|v304_19|v304_20|v305_01|v305_02|v305_03|v305_04|v305_05|v305_06|v305_07|v305_08|v305_09|v305_10|v305_11|v305_12|v305_13|v305_14|v305_15|v305_16|v305_17|v305_18|v305_19|v305_20|v307_01|v307_02|v307_03|v307_04|v307_05|v307_06|v307_07|v307_08|v307_09|v307_10|v307_11|v307_12|v307_13|v307_14|v307_15|v307_16|v307_17|v307_18|v307_19|v307_20|v312|v313|m3a_1|m3b_1|m4_1|m5_1|m13_1|m14_1|m15_1|m17_1|m18_1|m19_1|m34_1|m35_1|m36_1|m38_1|m39_1|v445|v453|v457
ZW,Zimbábue,72,BR,ZWBR72FL.DTA,D:\Repositórios\_dados_descartados_saude_mulher\completo\extraidos\Zimbábue\Nascimentos_BR\ZWBR72DT\ZWBR72FL.DTA,20791,44,caseid|bidx|v001|v002|v003|v005|bord|b0|b1|b2|b3|b4|b5|b6|b7|b8|b9|b10|b11|b12|b13|b15|b16|b17|b18|b19|b20|m3a|m3b|m4|m5|m6|m7|m13|m14|m15|m17|m18|m19|m34|m35|m36|m38|m39a
ZW,Zimbábue,72,HR,ZWHR72FL.DTA,D:\Repositórios\_dados_descartados_saude_mulher\completo\extraidos\Zimbábue\Domicilios_HR\ZWHR72DT\ZWHR72FL.DTA,10534,40,hhid|hv001|hv002|hv003|hv005|hv009|hv012|hv013|hv024|hv025|hv201|hv205|hv206|hv207|hv208|hv209|hv210|hv211|hv212|hv213|hv214|hv215|hv216|hv217|hv218|hv219|hv220|hv221|hv225|hv226|hv227|hv228|hv230a|hv232|hv234|hv235|hv237|hv240|hv270|hv271
ZW,Zimbábue,72,PR,ZWPR72FL.DTA,D:\Repositórios\_dados_descartados_saude_mulher\completo\extraidos\Zimbábue\Moradores_PR\ZWPR72DT\ZWPR72FL.DTA,43706,40,hhid|hvidx|hv001|hv002|hv003|hv004|hv005|hv009|hv012|hv013|hv024|hv025|hv101|hv102|hv103|hv104|hv105|hv106|hv107|hv108|hv109|hv110|hv111|hv112|hv113|hv114|hv115|hv116|hv117|hv118|hv120|hv121|hv122|hv123|hv124|hv125|hv126|hv127|hv128|hv129
ZW,Zimbábue,72,KR,ZWKR72FL.DTA,D:\Repositórios\_dados_descartados_saude_mulher\completo\extraidos\Zimbábue\Criancas_KR\ZWKR72DT\ZWKR72FL.DTA,6132,53,caseid|v001|v002|v003|v005|bidx|b0|b1|b2|b3|b4|b5|b6|b7|b8|b9|b10|b11|b12|m4|m5|m6|m7|m13|m14|m15|m17|m18|m19|m34|m35|m36|m38|m39a|h1|h2|h3|h4|h5|h6|h7|h8|h9|h10|h40|h11|h13|h22|h31|h34|h39|h42|h43
ZW,Zimbábue,51,HW,ZWHW51FL.DTA,D:\Repositórios\_dados_descartados_saude_mulher\completo\extraidos\Zimbábue\Antropometria_HW\ZWHW51DT\ZWHW51FL.DTA,5944,7,hwhhid|hwline|hwlevel|hc70|hc71|hc72|hc73
ZW,Zimbábue,72,CR,ZWCR72FL.DTA,D:\Repositórios\_dados_descartados_saude_mulher\completo\extraidos\Zimbábue\Casais_CR\ZWCR72DT\ZWCR72FL.DTA,3499,19,caseid|v001|v002|v003|v005|v012|v024|v025|mv001|mv002|mv003|mv005|mv012|mv024|mv025|v106|v190|mv106|mv190
ZW,Zimbábue,72,MR,ZWMR72FL.DTA,D:\Repositórios\_dados_descartados_saude_mulher\completo\extraidos\Zimbábue\Homens_MR\ZWMR72DT\ZWMR72FL.DTA,8396,12,mcaseid|mv001|mv002|mv003|mv005|mv012|mv024|mv025|mv106|mv190|mv201|mv212
ZW,Zimbábue,30,SQ,ZWSQ30FL.DTA,D:\Repositórios\_dados_descartados_saude_mulher\completo\extraidos\Zimbábue\Servicos_Saude_SQ\ZWSQ30DT\ZWSQ30FL.DTA,230,40,ccluster|cprovin|ctype|cintd|cintm|cinty|cintnum|csuperv|ckeyer|c101|c102|c103|c104|c105|c106|c107|c108|c108a|c108b|c109a|c109b|c109c|c109d|c109e|c109f|c110|c110an|c110au|c110b|c110ca|c110cb|c110cc|c110da|c110db|c110dc|c111|c111an|c111au|c111ba|c111bb
ZW,Zimbábue,42,WI,ZWwi42fl.dta,D:\Repositórios\_dados_descartados_saude_mulher\completo\extraidos\Zimbábue\Riqueza_WI\ZWWI42DT\ZWwi42fl.dta,6369,3,whhid|wlthindf|wlthind5
